ID,Timestamp,Title,Text,Score,Subreddit
1p7hgno,1764186358.0,"I think capitalism is the best system today, but anarcho-capitalism is pretty stupid, to be honest","You might not know what anarcho-capitalism (ancap for short) is. It's a system based on abolishing the state and taxes, which are seen as theft (at least by ancapists). It proposes that better services be provided by private companies and corporations. I think you're already seeing the problem: if EVERYTHING is privatized and there are no limits on buying and selling, even companies and corporations, you'd have to pay for lawyers, police, courts, and whoever has the most money can buy a squad of mercenaries to kill you and bribe the court to keep quiet. Even when you open a small business, the richest person will trample it, and no higher authority can intervene unless they pay them off. Generally speaking, the most ancapists can aspire to is minarchism, and for a utopian society, something like BioShock.",0,capitalism
1p7b51e,1764172140.0,Is piracy a form of anti-capitalism?,"I feel like piracy being considered to be a good thing (which it isn't, it is an act of degeneracy and crime) by modern day teens and young adults (the most unintelligent of humans when it comes to morals) has some kind of anti-capitalist, or socialist root. Does anyone agree with me?",2,capitalism
1p6pqk2,1764107639.0,Workers Produce More Than Ever So Why Aren’t They Earning More Then Ever?,"For a system that constantly brags about “efficiency” and “prosperity,” capitalism has a pretty big problem: workers are producing dramatically more wealth, yet receiving almost none of it. The numbers aren’t vague or debatable they’re public, measurable, and damning. According to data from the U.S. Bureau of Labor Statistics, productivity in the United States has risen roughly 74% since 1979, while real hourly compensation has risen only about 9–12% depending on the measure. That’s more than four decades of workers becoming massively more efficient without seeing proportionate gains in their paychecks.

So where did all that extra wealth go? Not to the people creating it. Instead, the overwhelming share of the gains has flowed upward into profits, shareholder payouts, and executive compensation. Corporate profits in the U.S. reached record highs in recent years, with after-tax corporate profits hitting more than $2.8 trillion in 2023, according to data from the U.S. Bureau of Economic Analysis. Meanwhile, real wages for typical workers barely budged and in many years, they’ve effectively declined after adjusting for inflation.

A huge chunk of the surplus created by rising productivity has gone straight into stock buybacks and dividends, which enrich the wealthiest 10% who own the majority of equities. In 2022 alone, corporations in the S&amp;P 500 spent over $922 billion on stock buybacks money that could have gone to wage increases, workforce development, or reducing the obscene workloads that fuel this productivity boom. Instead, it was used to inflate share prices and executive bonuses. Under capitalism, workers create value; shareholders harvest it.

Executive compensation is another black hole that absorbs the wealth workers generate. CEO pay has skyrocketed by over 1,200% since 1978, according to the Economic Policy Institute. Meanwhile, typical worker pay rose by around 15% in the same period. That’s not a coincidence, it’s a redistribution machine that moves wealth from the many to the few.

What’s driving this disconnect? The answer is structural: capitalism incentivizes minimizing labor costs while maximizing returns to capital. As union density collapsed, labor protections were eroded, and outsourcing/offshoring became routine, employers captured a larger and larger share of the economic pie. Productivity gains come from technology, training, and intensified output all built on the backs of workers but the rewards go almost entirely to those who already own the assets.

Real wages didn’t stagnate because workers got lazy or because “the market” naturally corrected itself. They stagnated because capitalism funnels surplus value upward by design. The workers increased output. The capitalists kept the difference.

If capitalism is as efficient and successful as its defenders claim, then why does it consistently fail the people who work the hardest? That’s the conversation they don’t want to have but the data makes it impossible to ignore.",0,capitalism
1p6mo4b,1764100610.0,America's Business Model is Anti-Capitalism,"A severe complication that aggravates our already confusing social and political crises is never mentioned. In a nut-shell, just as Putin has led Russians from Communism to Fascism--the ashes of his favorite fascist philosopher, Ilyin, were moved closer to Putin to inspire his rigid ""corporate"" hierarchy of power and wealth, with Putin at the pinnacle--American businesses have (ironically, since about 1776) taken consumers from original Capitalism to today's Dystopian Socialism.  
   
This is the biggest flim-flam of all, and Trumpian fascism would be unthinkable without it and its corporate backers.  
   
A deep reading of two Enlightenment friends and philosophers of the 1700s--the Scots Adam Smith and David Hume, who were intellectually entangled with each other at the start of the Industrial Revolution--puts what Smith called the ""principles of justice"" on an equal footing with the principles of a new economics, the ""capitalism,"" as we know it, of Smith (""The Theory of Moral Sentiments,"" 1759; ""The Wealth of Nations,"" 1776).

  
In other words, an ethical, not an economic theory was originally intended to be the foundation of Smith's capitalism. With the backing of his and Hume's similar but distinct ethical theories (starting with Hume's ""A Treatise of Human Nature,"" 1739-40), for Smith there's NO justification for unlimited wealth.  
   
Yet the latter is both the motivation and the goal of most business people today and also the consumers who admire them, especially in the US. (""Principles of Justice"" is illustrated below.)  
   
Contrary to Smith and Hume, increasingly more powerful and self-interested presidents ignore the moral foundations of capitalism by being in charge, directly or indirectly, over ALL the owners of ""private"" means of production, the treatment of workers, local and state regulators (needed only because ethics is missing), and the taxes and tariffs used to raise more direct and indirect cash...for the central government.  
   
That's anti-democratic, dystopian socialism because all means of production are in the central boss's hands and whims. If you've noticed what many Americans regard as the cowardice of CEOs in the face of Trump's apparent extortion-based socialism, it's much more than that--it's the CEOs' obedience to the real controller of all the industry, farms and small businesses of America.  
 

Both Smith and Hume used the ""sympathy"" (what we'd call ""empathy"" today) that we feel for other people as our way of gaining insight into their economic and other pains and pleasures. What we'd take as a violation of our own dignity and treatment (like Hume's near-poverty childhood) allows us to oppose such injustice and disparity when experienced by other people, even strangers sometimes. 

The transmission of such emotions is a result of sympathy or empathy for them. In other words, the very opposite of the common assumption about crass capitalism.

  
There's never been genuine capitalism in our country; nor genuine utopianism, except for a few social experiments in both cases.  
  
AI's will help cover up the real economic system we have because imaginary capitalism will be part of their programming. Dystopia is already here, but it looks the way the powerful want us to see it. ""Capitalism"" sounds positive, ""Dystopia"" and ""Socialism"" usually come across as threatening. ",0,capitalism
1p6e7h7,1764081836.0,How do you feel about the bubble?,"Hello I’m a leftist person leaning socialist and I wanted to know how do Capitalists feel about the currently increasing Buffet indicator being higher than at any point in history(219.1%) and how AI has probably created a bubble that might create another economical crisis.

How do you see a future in a system that is constantly creating Bubbles that lead into economic crisis and that it’s constantly cutting your freedom by letting big corporations use your information to sell you what they want?",0,capitalism
1p6a1rd,1764070004.0,The USA drops below 50th in rankings of life expectancy despite spending the most $ per Capita,"Oh yes! The USA is so great and mighty, so much disposable income yet Albania has a higher life expectancy. How great is capitalism? All this money yet it isn’t spent on anything that actually improves peoples quality of life.

https://ourworldindata.org/data-insights/the-united-states-spends-a-lot-more-on-healthcare-per-person-than-other-g7-nations

https://en.wikipedia.org/wiki/List_of_countries_by_life_expectancy",0,capitalism
1p5vjxf,1764023887.0,The cons of Socialism,"With the gradual rise of democratic socialists in American politics, I’ve only heard the positives of socialist policies from these politicians. The other side of the aisle condemns socialism, but gives no substantial reason as to why besides “capitalism good”. To me, capitalism is failing working people and should be looked at as such, a failure. Am I missing something? ",0,capitalism
1p4y9ki,1763932707.0,I think we should create like a rule that hat if we see disinformation about capitalism we should post about it,I was talking about if you see it on the news you should tell others about it ,13,capitalism
1p1op3w,1763598137.0,Capitalism’s Greatest Trick Was Making You Think You Earned What Others Were Forced to Lose,"Many people defend capitalism by pointing to their own comfort, their own success. But they forget that their “opportunity” was purchased with someone else’s poverty. Every luxury we enjoy in capitalist nations affordable food, fast shipping, cheap electronics is subsidized by invisible labor in exploited nations.

The global economy is structured to ensure that the wealth of the North depends on the poverty of the South. Even the idea of “competitive advantage” is just a polite term for keeping entire countries trapped in low-wage labor so that wealthier nations can stay efficient and comfortable.

If Western capitalism had to operate without cheap global labor or stolen resources, it would crumble within a decade. The system isn’t sustainable, it’s parasitic. You can’t call it freedom when your comfort depends on someone else’s chains.",0,capitalism
1p1op0h,1763598130.0,Capitalism Wouldn’t Survive Without Imperialism,"Capitalism needs growth to survive endless growth, infinite expansion. But on a finite planet, that’s impossible without taking from someone else. When there’s no new land to conquer, capitalism turns to privatization, debt, and war. It must always find a new frontier to extract from. That’s why the richest nations are always the ones that spent centuries conquering others.

Modern imperialism doesn’t always look like old colonialism. Today, it’s enforced through economic coercion, trade agreements, and corporate monopolies that force poorer countries into dependency. Their resources, labor, and industries are controlled by multinational corporations that answer to shareholders, not citizens.

So when people say capitalism “works,” what they really mean is: it works for us, because we benefit from the imperial order it created. For most of the world, capitalism doesn’t look like freedom. It looks like extraction, pollution, and endless poverty.",0,capitalism
1p1ooxp,1763598124.0,"If capitalism works so well, why do we still need welfare?","If capitalism rewards hard work and innovation, why do 1 in 8 Americans rely on SNAP just to eat?
Why are millions of full-time workers still living in poverty while corporations post record profits?

It feels strange that a supposedly efficient system needs so many “band-aids” food stamps, housing vouchers, charity drives just to keep people alive. Maybe these aren’t flaws in capitalism but symptoms of what it actually produces: inequality, instability, and a constant need for public rescue.",0,capitalism
1p1o2ta,1763596556.0,Are most Capitalists Austrian Economists?,"Are most capitalists Austrian Economists? If not, what school of economics means the most to you?",4,capitalism
1ozzxdr,1763432482.0,Javier Milei ended rent control. Now the Argentine real estate market is coming back to life.,"Will NYC ever do this ? of course not. Speeding in the opposite direction, towards oblivion. Capitalism doesn't just work, its actually easy.",110,capitalism
1ozw75j,1763422575.0,Capitalism didn’t end poverty industrialization did,"People often say, “Capitalism lifted billions out of poverty.” But when you look closer, every major reduction in poverty followed industrialization, not market freedom.
The USSR, China, and postwar social democracies all reduced poverty at record speeds through state-led industrial growth, not free-market competition.

So maybe the real engine of progress isn’t capitalism, it’s technology, planning, and collective effort. Capitalism just happened to be there when industrialization took off.",0,capitalism
1ozrsfp,1763412262.0,"The U.S. Isn’t the Peak of Capitalism, It’s the Warning Label","People keep holding up the United States as “proof” that capitalism works, but if you look closely, it’s actually proof that capitalism eventually eats itself. America is what happens when profit is valued more than people and the results are everywhere.

You’ve got millions working full time but still unable to afford rent or healthcare. You’ve got the most expensive medical system in the world, yet life expectancy is lower than in dozens of countries with public healthcare. You’ve got corporations paying nothing in taxes while ordinary people drown in student debt and medical bills.

That’s not success, it’s collapse disguised as normality. The U.S. doesn’t show what capitalism can achieve; it shows what happens when capitalism goes unchecked. It’s the logical endpoint of profit-driven policy: monopolies, corruption, endless wars for resources, and a population so overworked they call burnout “the grind.”",0,capitalism
1ozrsc9,1763412256.0,"Capitalisms success depends on imperialism, most of us just don’t see it","Many people defend capitalism because their own countries are rich. But that wealth often relies on global systems of exploitation cheap labor, resource extraction, debt traps, and political interference.
If you lived in a country that’s been on the losing end of that equation, would you still praise capitalism as “freedom”?",0,capitalism
1ozrrwn,1763412229.0,"If the free market is natural, why does it need so much protection?","Every time the economy crashes, governments rush to bail out banks, corporations, and investors. Every major industry energy, tech, agriculture survives on subsidies, contracts, and state support.
If capitalism is truly a self-correcting “free market,” why does it constantly need saving from itself?",0,capitalism
1oy75u7,1763251912.0,Opinions of different types of capitalism,"such as neoliberalism, ordoliberalism, libertarianism, and other variables",7,capitalism
1oxikri,1763181453.0,How do you understand capitalism in a way that helps you see where people are coming from?,"When people say things like “porn is just a job” or “everything becomes work,” what theoretical frameworks help explain their perspective?
How do different groups understand labor and value under capitalism?",10,capitalism
1oxc9my,1763163364.0,Pro-Capitalist book recommendations,"To start I'd like to say I've seen plenty of standalone book recommendations, but since my plan is to read a sequence of books that argue both sides I want to run my idea past y'all and see if you have any thoughts in response.

As the title suggests, I am looking for some books that argue for and/or defend socialism. I am not the most educated on economic ideologies and will be doing some reading for both pro-capitalism and pro-socialism. I'm not looking for PhD level stuff here that requires a bachelors degree worth of pre-existing knowledge, but I am up for a challenge.

My plan is to start by reading 4 books from each side. 2-3 of the 4 should be standalone/constructive books that primarily explain and argue for their respective ideology on its own terms without being a critique of the other side. The other 1-2 books would be response-style books for critiquing the other side/defending against their arguments.

From my short search so far I landed on these books and would be the ones I move forward with if nobody made a case for something different:

1) *Basic Economics* \- Thomas Sowell

2) *Capitalism and Freedom* \- Milton Friedman

3) *The Capitalist Manifesto* — Johan Norberg

4a) *The Myth of the Socialist Paradise* — Kristian Niemietz

4b) *The Road to Serfdom* — F.A. Hayek

I can't decide between 4a and 4b but if I had to pick one I'd go with 4a. 



Please let me know what you're thoughts are, if you have any substitutes you'd make (and why), and if the balance in styles is diverse enough. Also, you can look at my post in r/asksocialists to see what books and arguments I had for the other side and their recommendations. 

Thanks",10,capitalism
1oxaurx,1763159847.0,Types of economics explained,"Classical economics: The basic idea and the backbone minimum government interference 

Game theory: The psychological aspect of capitalism why people do things 

Neo Classical economics: Value comes from satisfaction maximizing satisfaction with limited resources 

Keynesian economics:Places importance spending and investment in an economy the more spending the better and when in recession the government should help with spending 

Supply side economics: one of the  newest and most  controversial maxims by cutting taxes production should use during stagflation ( it only works during certain economic conditions and should be placed carefully)

Monetarism: Places importance on capital, print to much money then inflation goes up so you should increase the money supply by a small and steady supply each year 

Development economics: New newest (for developing countries) prosperity is brought by capital Poverty prevents growth government intervention should be careful placed to like micro finance programs, small loans, and, conditions cash transfers. Having good education  institutions, property rights, laws and, political stability 

Austrian school: Economics is is driven by human action places importance on individual choices, central banks shouldn’t keep interest rates artificially low, central planning is inefficient 

Behavioral economics:Other psychological aspect  humans are irrational so market are also irrational 

New institutional economics:Intuitions are important because they reducing transaction costs which  make complex project possible 


",2,capitalism
1ox8zwr,1763155410.0,Why socialism is overrated,"Capitalist don’t hate all socialists ideas they hate how it’s recklessly implemented as a system, there a reason why countries like Vietnam and china aren’t actually socialist they just have ideas that socialists clammed and are not economically socialist and have a lot of capitalism , yes they are some good ideas but you have to admit most of them are bad, socialism stops necessary growth destroys trade , and all of the good so called “socialist ideas” have existed long before socialism and are not socialist for example workers rights is not socialism it just so happens it also appears in socialism you can have workers rights in a capitalist system the. Socialists that are going to be it the comments will say that mixed economies are the best, no they aren’t mixed they are fully capitalist and have ideas that are in socialism too, if they were truly mixed it would be a socialist system but they don’t have socialist system. They are still billionaires in Europe and Vietnam and china, the best way to explain it is that capitalism is an economic system not government the socialists called “socialism” in those countries are not just not unique to socialism but are also not economic. What I find interesting is that when socialist see something succeed that benefits citizens it’s socialist and they use socialist buzzwords but when it fails and hurts people it’s not real socialism ",3,capitalism
1owpzeu,1763104727.0,Everyone is a capitalist,"I have yet to know someone who builds a business and then relinquishes his property rights over it. I have yet to know someone who says no to the profits generated by its own business. Not saying literally no one has ever done that. But it's certainly unheard of for the most part, and knowing many people who vote for socialist parties in my country i can safely say none of them would say ""no"" to becoming very rich and winning in life. That's capitalism. And that's the reason communism/socialism can't work: Even those who ask for it don't actually want it. ",15,capitalism
1owdmxn,1763069452.0,what is this sub even about,ive been in this sub for 3 month and im not actually active but so far all the post i see are about communist nagging about capitalism shouldn't they go to their own sub,18,capitalism
1owdd41,1763068818.0,"Why do you support capitalism, or why are you a capitalist?","This question comes from ignorance, and I was browsing other similar subreddits and just wanted to know why people lean towards one system or another",5,capitalism
1owcux6,1763067661.0,"If You Think Capitalism Works, You’re Probably Standing on Someone Else’s Back","Most of the people who say capitalism “works” live in countries that only function because they benefit from centuries of colonial extraction and ongoing imperialism. The “free market” didn’t lift the West out of poverty slavery, stolen land, and corporate exploitation did. Every capitalist success story is built on a foundation of cheap labor, stolen resources, and artificially maintained global inequality.

You might say, “Well, other countries can just do capitalism too,” but that’s the trick. Capitalism needs an underclass. It needs poorer countries to exploit, just like it needs poorer workers at home. The system can’t function without someone being paid less than the value they create. So when Westerners point to their relative comfort as “proof capitalism works,” they’re really just pointing to proof that exploitation does.",0,capitalism
1ovheht,1762981388.0,If under capitalism anyone can be rich why do so many stay in the same economic bracket as their parents?,"The idea of capitalism is supposed to be that if you work hard, innovate, adapt, you’ll “move up.” But the hard data shows a very different picture: where you end up is still heavily influenced by where you start.

Research from the Federal Reserve Bank of Chicago shows that in the U.S., newer studies using better data find an intergenerational income elasticity of around 0.4-0.6, meaning 40-60% of the income difference between parents and children persists. 
￼
A summary from the World Bank’s Global Database on Intergenerational Mobility (GDIM) shows that low income mobility isn’t just a U.S. problem across 87 economies, greater inequality strongly correlates with lower mobility.  ￼

Among children born into the bottom income decile, only a small share rise to the top. Among those whose parents were in the top decile, many stay there or near there.  ￼

If capitalism says “anyone can do it,” but you still need a head start (wealth, good schools, neighborhood, network) to really do it, then the system isn’t delivering equal opportunity.

If workers throughout their lives create most of the value but their children remain stuck economically, then the promise of upward mobility is being broken.

It isn’t enough to blame “individual effort” alone because effort does not erase the structural weight of where you started.

In short: If the system you praise promises freedom and opportunity, yet the data shows most people inherit their economic position, then maybe the system is front-loaded to benefit those already ahead rather than empower those below.",6,capitalism
1otoqpw,1762805940.0,Capitalist feminists?,"Aye ladies and allies, anyone left on reddit?

Who thinks capitalism goes well with Matriarchy?

Patriarchy = welfare for subpar men ",0,capitalism
1ot1a5l,1762739301.0,Pure capitalism doesn’t work that’s why every successful country runs a mixed economy,"People love to talk about the “free market” like it’s some perfect, self-correcting machine. But in the real world, pure capitalism collapses under its own weight monopolies form, workers lose bargaining power, wealth concentrates, and essential goods (like housing, healthcare, or education) become luxuries.

That’s why every prosperous modern country runs a mixed economy a system where markets exist, but the state regulates, redistributes, and invests in the public good.

Here’s what a mixed economy gets right:

Healthcare: Left purely to the market, healthcare becomes a profit-driven system where people go bankrupt for getting sick. In mixed economies (like most of Europe), you still have private providers, but with universal coverage, lower costs, and better outcomes.

Education: Public schools, universities, and job training programs ensure that talent isn’t wasted just because someone was born poor.

infrastructure and R&amp;D: Most major innovations (like the internet, GPS, or even mRNA vaccines) started with government funding. The private sector thrives because the public sector took the risk first.

Social safety nets: Unemployment insurance, pensions, and food assistance prevent people from falling into desperation, keeping the economy stable and demand consistent.

Regulation: Rules against monopolies, pollution, and exploitation keep the playing field fair so competition can actually exist.

Every wealthy nation on Earth from Australia to Germany to Japan uses some form of mixed economy. The U.S. did too when it built the interstate highway system, funded NASA, and expanded public education.

The irony is that when markets fail, people demand “less government,” but it’s always smart regulation, public investment, and collective action that pull capitalism back from the brink.

TL;DR: Pure capitalism leads to monopolies and misery. The balance mixed economy gives us freedom, fairness, and stability. It’s not about choosing one side; it’s about making both work together.",0,capitalism
1ot17vt,1762739123.0,Capitalism isn’t fair or equatable,"We’re often told that under capitalism, hard work and talent lead to a better life. But the data tells a different story, in practice, who your parents are and where you grow up matter far more than your effort.

Research shows that in the U.S., the intergenerational income elasticity (IGE) is about 0.4 to 0.6, meaning 40-60% of people will have the same income as their parents.

A Stanford study found that roughly half of the income advantage from parents is passed on to children, indicating the so-called “American Dream” of mobility is far from guaranteed.  ￼

Where your raised matters: in many U.S. metro-areas, children from low-income families are doing worse than their parents at the same age 38 of 50 largest metros had declines in mobility between 1978 and 1992 birth cohorts.  ￼

So what does this tell us?
If your parents were wealthy, you’re far more likely to stay wealthy. If they were poor, you’re far more likely to stay poor.

Your ZIP code often defines your access to good schools, networks, job opportunities, and even local public services which all feed into your future outcomes.

Under capitalism, the “free market” ideal of everyone having a shot is undermined by the fact that advantage begets advantage and disadvantage begets disadvantage.

If we care about fairness (and we should), we need systems that don’t just reward inherited wealth and location but genuinely give people a chance to rise, regardless of where they started.

TL;DR Your effort matters but your starting line still matters more. Capitalism fails to give everyone an equal shot when your parents’ paycheck and your neighborhood do most of the heavy lifting.",0,capitalism
1osvt6v,1762724840.0,"America Is Rich Because It’s Exploitative, Not Because Capitalism Works","Whenever people defend capitalism, they point to the United States as the shining example. But the U.S. didn’t get rich through free markets it got rich through slavery, colonialism, and imperialism. Capitalism just rebranded those systems.

The American economy was literally built on stolen land and stolen labor. The wealth created by enslaved Africans, Indigenous genocide, and imperial plunder formed the foundation of “American success.” When people say capitalism lifted America, what they really mean is capitalism lifted some Americans by standing on the backs of everyone else.

Even today, American corporations rely on global exploitation to sustain profits. The U.S. dollar’s dominance is upheld through foreign wars and economic coercion. The “American dream” only exists because someone else is forced to live the nightmare.",0,capitalism
1osvt3e,1762724833.0,"If Capitalism Is So Great, Why Are We All Miserable?","Every capitalist nation is drowning in the same crises: unaffordable housing, collapsing healthcare, stagnant wages, and mental health epidemics. People work more hours than ever, yet can’t afford basic stability. Meanwhile, billionaires build rockets, buy social media companies, and tell us it’s our fault for not “working hard enough.”

This isn’t a bug, it’s a feature. Capitalism requires constant growth. That means endless consumption, endless exploitation, and endless debt. You aren’t supposed to retire comfortably you’re supposed to spend your life generating profit for someone else.

Socialism isn’t about taking away your stuff. It’s about taking away their power. It’s about a world where housing, healthcare, and dignity aren’t luxuries they’re guaranteed. Where people’s worth isn’t measured by how much profit they make for someone richer.

If you’ve ever looked at your paycheck, your rent, or your student debt and thought — “This can’t be fair”, you’re right. It’s not. It’s capitalism working exactly as designed.",0,capitalism
1os79jh,1762654144.0,How bad really are corporate monopolies,"Free market capitalists say cronyism, caused by government intervention is the cause of this, and to prevent it, the government must simply be limited. People who lie on the center right/left say that it is not going to help because someone will always want to consolidate power. And to combat these monopolies government intervention such as antitrust laws must be stronger implemented. Is it possible to believe in both?",4,capitalism
1oqicsk,1762481943.0,Social capitalism anyone?,"I consider myself someone with centre-left views (not Marxist or woke) and a supporter of progressive, welfare capitalism. I don't know why people are constantly going on about how terrible capitalism is when it is the most economically viable and sustainable system we have. Long-term, capitalism works well. Everyone benefits from capitalism because we all purchase products and consume goods (look at how efficient Amazon is, for example). 

When people say time after time how much they hate capitalism they are usually talking about *neoliberalism*, which I agree has many flaws. However, social capitalism, as in a capitalist economy with social reforms, provides the best of both worlds. We get a mixed economy where people can start and own businesses and workers are protected by various laws. I also support UBI as a way to eliminate poverty and give everyone the chance to then go out and earn money doing something they love (UBI would not be enough for the majority of people to live on so at least people could then pursue work they actually enjoyed).

Why don't more people talk about social capitalism? The modern discourse seems to either be ""capitalism bad"" or right-wing conservatism. ",2,capitalism
1oqaobh,1762462580.0,"Capitalism Isn’t Global Prosperity, It’s Global Extraction","People often talk about capitalism as if it lifted the world out of poverty, but that’s a myth built on selective storytelling. Capitalism didn’t end scarcity it just exported it. When the West industrialized, it did so through centuries of colonial plunder, slave labor, and resource extraction. Those patterns didn’t end with colonialism; they just changed form.

Now we call it “foreign investment” and “supply chains.” But the same dynamic exists: wealth flows from the global South to the global North. The “growth” enjoyed in rich nations is literally the product of unpaid or underpaid labor elsewhere.

If capitalists actually had to live under the same conditions they profit from if they had to work twelve-hour shifts in a factory, or watch their rivers poisoned by a foreign mining company their ideology would collapse overnight. It’s easy to worship capitalism when you’re living off the spoils of imperialism.",0,capitalism
1oqabqx,1762461760.0,Any good light book recommendations ?,I'm really looking for a book that explains a free market economy without making things too complicated or too simple . I also like to debate with leftists at least on economics so I want a book that also helps me with that,6,capitalism
1opqn9o,1762407105.0,Opinion: Marx’s Greatest Fallacy,"The rallying cry for both old-school socialists and today’s democratic socialists is Marx’s famous phrase: “Seize the means of production.”

But Marx’s greatest fallacy lies within that very statement. He defined the “means of production” as physical elements — land, materials, tools, factories, machinery, and so on. Yet without people, without labor itself, all of those physical elements are completely meaningless. WE are the true means of production.

Marx built his entire philosophy on the ownership of physical capital — the land, materials, and tools of production. Those who own these assets would inevitably use them to exploit workers for the benefit of the capitalist class. But in doing so, he overlooked a fundamental truth: objects without human beings to operate and handle them are useless. What use is a hammer without a hand to swing that hammer?

Therefore the common man IS the “means of production”.

Imagine a scenario where every worker in the country decided not to show up — even for just a few days. What would happen? Production would come to a grinding halt. Stocks would plummet, commerce would cease, the global economy would rapidly begin to collapse. Not because the elites “pulled the plug”, but because we did. The working class that keeps the system functioning.

And would every individual who skipped work go without pay? Absolutely. But so too would the entire economy, including profits that sustain capital owners. One is dependent upon the other. Mutual participation is required in a capitalist system. No amount of capital matters if people stop participating.

Socialism, in its essence, strives for equality— a noble cause at its core. It views wealth disparity as a societal, moral failure rather than outcomes of voluntary exchange. Marx believed by taking ownership of the means of production, the worker could be liberated from exploitation. But if we accept that people themselves are the true means of production, that premise collapses.

Human effort, will, and innovation cannot be redistributed. No government force can seize the motivation and drive to innovate, build, and take risks. This can only exist when individuals are free to act on their own incentive.

True capitalism— not corporatism, cronyism, and favoritism— allows freedom to flourish. It’s built on voluntary exchange and mutual benefit. Socialism is built on forced equality and inevitability, coercion. Capitalism retains the individual's right to choose their own path, participate as they choose.

Marx believed ownership of physical assets defined power. Therein lies his greatest fallacy. Power is not found in ownership, but in participation. In a truly free market, the worker ultimately holds the cards. If workers stop working, or leave in droves for a competitor offering fairer treatment or better wages, the company collapses. No bailouts, no government favoritism, no success without voluntary participation.

Freedom and equality are not found in seizing production; they’re found in being free to produce and to participate.",14,capitalism
1opl4dv,1762391001.0,"If capitalism is supposed to be the great engine of prosperity and opportunity, why are 1 in 8 Americans relying on SNAP benefits just to put food on the table?","If capitalism is supposed to be the great engine of prosperity and opportunity, why are 1 in 8 Americans relying on SNAP benefits just to put food on the table? That’s roughly 41 million people in the richest country in the world struggling to afford basic sustenance.

The argument that capitalism rewards hard work and talent falls apart when so many people work full-time jobs yet still need government assistance to survive. It’s not a few unlucky exceptions, it’s a systemic problem built into the system. Wages stagnate, costs rise, and the wealth keeps concentrating at the top while millions scrape by.

If capitalism really worked for everyone, there wouldn’t be tens of millions dependent on food stamps. Instead of glorifying “the free market,” maybe we should be asking why society tolerates a system where feeding your family is a gamble.",0,capitalism
1opilas,1762384515.0,Most People Only ‘Like’ Capitalism Because They’re on the Winning Side of Exploitation,"It’s easy to defend capitalism when you live in a country that benefits from imperialism. Most Western nations enjoy cheap products, stable economies, and high living standards precisely because the worst parts of capitalism have been outsourced elsewhere. The exploitation didn’t stop it just moved.

People in the global North praise “free markets” while their clothes are stitched by underpaid workers in Bangladesh and their phones are built with cobalt mined by children in the Congo. The profit margins they celebrate come from stolen labor, stolen land, and stolen futures.

If you were born in the global South, where the same capitalist system keeps wages depressed, drains resources, and enforces debt traps through international financial institutions, you’d see capitalism very differently. You’d see it for what it is a global hierarchy designed to keep a few nations rich and the rest perpetually dependent.

Capitalism doesn’t create prosperity anymore then other economic systems; it redistributes suffering.",0,capitalism
1opij77,1762384375.0,"If Capitalism Works, Why Doesn’t It Work for Everyone?","Capitalists love to say socialism has failed everywhere it’s been tried. But when capitalism leaves half the world hungry, billions in poverty, and destroys the planet in the process, somehow that’s just “human nature.”

If capitalism was truly efficient, it wouldn’t need to rely on exploitation, imperialism, and debt to keep running. The truth is that capitalism only works for those standing on top of everyone else.",0,capitalism
1opihvt,1762384286.0,"Capitalism Didn’t Create Innovation, Workers Did","Every time someone credits capitalism for innovation, I have to laugh a little. Most of the major breakthroughs from the internet to vaccines came from publicly funded research or collective projects, not private investors chasing profit. Private companies usually show up after the hard work is done, patent it, and start charging rent on public knowledge.

Capitalism didn’t invent the lightbulb, it just figured out how to make sure you have to buy a new one every year.",0,capitalism
1opih8y,1762384243.0,"If Profit Is the Goal, What Happens to the People?","Capitalists often say profit drives innovation, but at what cost? When profit becomes the only measure of success, everything else becomes secondary 
safety, dignity, sustainability, even truth. You can’t serve two masters: either the economy serves the people, or the people serve the economy.",0,capitalism
1onzns5,1762235478.0,Free and fair markets,"I just found this sub and need to ask, as most people here seem to be capitalists - I want to hear your perspectives. To my understanding, the notion that capitalism “works” is dependent on the presumption of free and fair markets. But like, the markets (domestic in the US or international) are no where near “free” nor “fair.”

Nvidia just reached a $5 trillion market cap enabled by CHIPS Act funding, while US farmers are struggling to stay afloat due to tariffs.

So why do pro-capitalists speak as though our economy actually operates under the principles of capitalism when we live in a society rife with corruption, insider trading, and government intervention and subsidies to the tune of billions? 

I’m just confused as to why people die on the hill of defending capitalism when:
1. It does significantly more harm than good. Not necessarily on an individual scale - which very much depends on the individual, lol - but on a societal/global/systems scale.
2. We don’t live in a society that adheres to the foundational principles of a purely capitalist model. 

Maybe my original perception of the principles of capitalism is incorrect. I’d love to hear people’s thoughts ",2,capitalism
1one8sz,1762182564.0,Joining r/capitalism,"A little surprised that this subreddit exists considering the fact that it’s Reddit, a cesspool for communists and free speech-hating leftists. Nevertheless, I’m happy to be here and I look forward to engaging with all of you.",57,capitalism
1omtcz2,1762118668.0,Why capitalism isn’t unfair,"Even if someone is born into a large amount of wealth, you still have to keep it safe that’s why there’s a whole system with family offices, private banks and, wealth management and most of and time it’s like another job and not guaranteed. If you don’t believe me a good example is the Vanderbilts which shows you still have to be responsible and work to keep your wealth. There’s a reason why no legacy family as rich as their prime.",8,capitalism
1omfxiv,1762086281.0,Why is capitalism so unfair?,"Some children are born 100 metres before the start line, and others are born 100 metres past the finish line. If capitalism is a competition, why is there such a large disparity in fairness that is determined for us before we're even born? How can a child born into poverty have the same chance of success under capitalism as a child born on a luxury yacht? Is inequality an inherent and necessary feature of this system, and if so, why?",0,capitalism
1omf7nr,1762083981.0,Are any of you libertarians? Or libertarian-leaning?,"As most of us really like capitalism: Are any of you libertarians? Or libertarian-leaning? or perhaps center-libertarian like myself? (Hey if there is center-right and center-left, why can't there be center-libertarians?) or some other fittingly related label? (i.e. like classical liberal)?",10,capitalism
1omewvd,1762082912.0,How can capitalism fix the problems capitalism creates?,"I'm not being controversial, just genuinely curious how one can approach this conundrum. Obviously capitalism inevitably creates massive inequality and hording which is happening now. How can a purely capitalist society provide a purely capitalist solution to this existential problem?",0,capitalism
1om2r7n,1762040855.0,In your opinion what’s the best form of capitalism,Please keep it civil ,3,capitalism
1oln71e,1762001947.0,Looking for help on where i stand economically :),"Hello! So as the title says, i'm looking to better understand where i am economically speaking in a political sense. 

For context: i'm 30yo, spent most of my teens and 20s in fairly leftist circles, (all rich people are evil etc etc), but i've always been opposed to class-based politics because i think they're inherently anti-minority, and then in the last American presidential election i saw an interview with Mitt Romney of all people and he basically explained that he was a capitalist because it was the system that has brought the greatest advancement in human welfare in all of history, (that's obvs not the direct quote but a general vibe of what he said) and i sat back and i was like well i can't exactly refute that?? But i also can't shake the feeling that capitalism does harm a lot of people and it's a rather unfair and often times exploitative system. 

Is capitalism fundamentally flawed or is it simply that we are utilising it incorrectly? For example, i'm not anti-profit in the sense that individuals and companies shouldn't gain for their endeavours, but when you see companies and individuals pocketing genuinely insane amounts of wealth while so many people are in dire need, it is a bit hard to defend that. (I know the common cry from the left is that trickle down economics doesn't work, idk enough about the academics to say definitively yes or no to that but i do know that whatever is going on, it's not good enough)

I think in my perfect world we'd have an economy that allowed for growth and innovation and entrepreneurship, but still provided the opportunity for everyone to have a good standard of living and disposable income, and the only thing that inhibited how much you had were your own choices, merits, goals, desires, etc. Is that kind of world realistically possible under capitalism? Is it simply a matter of using the 'right' kind of capitalism? And ig as well why is socialism or other economic theories, in your opinions, not the right answer? 

Sorry if this was a bit of a ramble.",7,capitalism
1olimh4,1761985611.0,Which cultures produce money if IQ is held constant and the money is adjusted for cost of living,"What should you do to maximize your family’s wealth? Simple: copy the best hoarders.

When comparing occupations or lifestyles, grouping by ethnicity can reduce statistical noise. Members of the same group often share similar values, strategies, and family approaches—so you can actually see which formula works. Divide by group. Copy what works.

Germans are *über alles* when it comes to hoarding wealth from IQ 100 to 150. Jews come second. Nigerians surprisingly take third. Indians overtake everyone at IQ 130+. Chinese and Koreans hover around fourth and fifth. The usual “suspects” win, but not by as much as you’d expect. Jews finally overtake Germans at IQ 160, though that’s a tiny sample—roughly one in 30,000 people. Even for Jews, it’s only one in a thousand.

So what’s the secret?  
Turns out women hold the family wealth cheat code. Women consistently raise richer children without needing high-powered careers. Many mothers of wealthy kids are homemakers. At higher IQ levels, they even tend to have *less* competitive careers than their partners. That’s not oppression—it’s optimization.

For women, choosing a richer man often builds more lasting wealth for the family than choosing a higher-paying career. You can fight the “patriarchy,” or you can marry a man who already owns a duplex. Tough call.

Meanwhile, economists keep judging homemakers as “failures” for having no income, ignoring that their kids may end up running hedge funds. A woman in a male-dominated trade like lumberjacking might have personal income—but fewer children, later marriage, or none at all. Fewer descendants, fewer fortunes.

A smarter metric would be: take an individual’s real (cost-of-living-adjusted) net worth, multiply it by (number of siblings + 1) to estimate total “family wealth output,” and then correlate that with the parents’ occupations. That measures legacy, not just paychecks.

Hoarding wealth, done capitalistically, even makes society cleaner. Wealth hoarders don’t commit violent crimes or squat on their neighbor’s land—they just *buy* it. Fairly. Consensually. (Not sure what’s going on in Palestine, but that’s U.S. data.)

If you really want peace and prosperity, encourage families to hoard wealth through capitalism. Family wealth hoarders are easy on taxpayers too—their kids don’t need welfare, though they’re often taxed heavily to fund those who do.

Maybe the way out of deficits isn’t to raise taxes but to *stop taxing success.* Reduce or eliminate taxes on family wealth—income, capital gains, the works. Make it easier for them to have more children. Cap state-sponsored child support. Let women who want more money negotiate private contracts *before conception.*

Wealth hoarding isn’t greed—it’s civilization.

Thought for 28s

🧠 TOP 5 PARENTAL OCCUPATIONS FOR CHILD WEALTH (COL-ADJUSTED) — IQ 60 TO 160 (U.S.-only. SCF 2022 + BEA RPP. Age 35–40. Real net worth. Top 5 Dad + Top 5 Mom per group. Based on Chetty mobility + SCF intergenerational data: Dads drive earnings transmission, Moms early dev &amp; modeling. Copy-paste FB-ready.)

IQ 60  
Hispanics -&gt; $94k  
Average number of siblings: 2.5  
(Average number of siblings + 1) \* $94k = $329k  
→ Dad: Construction foreman, truck driver, landscaper, warehouse supervisor, roofer (median $52k) → Mom: Homemaker, part-time maid, retail clerk, childcare aide, seamstress (median $22k)

Blacks -&gt; $85k  
Average number of siblings: 2.5  
(Average number of siblings + 1) \* $85k = $298k  
→ Dad: Factory supervisor, bus driver, security guard, janitor lead, delivery driver (median $48k) → Mom: Homemaker, nurse aide, cashier, daycare worker, hair braider (median $28k)

Poles -&gt; $65k  
Average number of siblings: 2.5  
(Average number of siblings + 1) \* $65k = $228k  
→ Dad: Auto mechanic, welder, plumber, electrician apprentice, machinist (median $55k) → Mom: Part-time cashier, factory packer, cleaner, school lunch aide, homemaker (median $25k)

Italians -&gt; $61k  
Average number of siblings: 2.5  
(Average number of siblings + 1) \* $61k = $214k  
→ Dad: Plumber, carpenter, sanitation worker, pizza shop owner, butcher (median $58k) → Mom: Homemaker, salon receptionist, deli clerk, seamstress, part-time bookkeeper (median $26k)

Irish -&gt; $50k  
Average number of siblings: 2.5  
(Average number of siblings + 1) \* $50k = $175k  
→ Dad: Laborer, bartender, firefighter, dock worker, groundskeeper (median $45k) → Mom: Retail clerk, waitress, homemaker, bar maid, school crossing guard (median $24k)

IQ 70  
Hispanics -&gt; $133k  
Average number of siblings: 2.4  
(Average number of siblings + 1) \* $133k = $446k  
→ Dad: Truck driver, HVAC tech, diesel mechanic, drywall foreman, pest control owner (median $62k) → Mom: Homemaker, part-time cook, medical aide, laundromat worker, cleaner (median $23k)

Blacks -&gt; $108k  
Average number of siblings: 2.4  
(Average number of siblings + 1) \* $108k = $362k  
→ Dad: Maintenance tech, postal worker, forklift operator, auto tech, security supervisor (median $55k) → Mom: Part-time nurse aide, school aide, cosmetologist, church admin, homemaker (median $30k)

Poles -&gt; $105k  
Average number of siblings: 2.4  
(Average number of siblings + 1) \* $105k = $352k  
→ Dad: Welder, tool &amp; die maker, CNC operator, heavy equipment mechanic, union electrician (median $65k) → Mom: Homemaker, factory line lead, part-time admin, bakery worker, cleaner (median $28k)

Italians -&gt; $100k  
Average number of siblings: 2.4  
(Average number of siblings + 1) \* $100k = $336k  
→ Dad: Electrician, HVAC installer, masonry contractor, restaurant manager, garbage truck driver (median $68k) → Mom: School aide, hair stylist, bakery clerk, homemaker, part-time realtor (median $32k)

Irish -&gt; $69k  
Average number of siblings: 2.4  
(Average number of siblings + 1) \* $69k = $232k  
→ Dad: Delivery driver, union carpenter, police officer, EMT, construction equipment operator (median $60k) → Mom: Homemaker, bar tender, retail manager, teacher aide, waitress (median $29k)

IQ 80  
Hispanics -&gt; $200k  
Average number of siblings: 2.3  
(Average number of siblings + 1) \* $200k = $690k  
→ Dad: HVAC technician, solar installer, fleet manager, landscaping company owner, food truck operator (median $72k) → Mom: Homemaker, medical billing, esthetician, preschool teacher, event planner (median $35k)

Vietnamese -&gt; $184k  
Average number of siblings: 2.3  
(Average number of siblings + 1) \* $184k = $635k  
→ Dad: Small biz owner (nail salon), donut shop owner, grocery store owner, laundromat owner, pho restaurant mgr (median $65k) → Mom: Homemaker, nail tech, cashier, bookkeeper, part-time tutor (median $30k)

Poles -&gt; $148k  
Average number of siblings: 2.3  
(Average number of siblings + 1) \* $148k = $510k  
→ Dad: Tool &amp; die maker, CNC programmer, industrial maintenance, union millwright, quality inspector (median $75k) → Mom: Part-time admin, payroll clerk, medical receptionist, insurance agent, homemaker (median $38k)

Italians -&gt; $139k  
Average number of siblings: 2.3  
(Average number of siblings + 1) \* $139k = $480k  
→ Dad: Carpenter foreman, plumbing contractor, pizzeria chain owner, waste management supervisor, union ironworker (median $78k) → Mom: Homemaker, salon owner, boutique manager, part-time teacher, real estate agent (median $42k)

Iranians -&gt; $111k  
Average number of siblings: 2.3  
(Average number of siblings + 1) \* $111k = $383k  
→ Dad: Taxi owner, rug importer, gas station owner, jewelry trader, limo company owner (median $60k) → Mom: Seamstress, part-time tutor, esthetician, homemaker, medical interpreter (median $32k)

IQ 90  
Hispanics -&gt; $244k  
Average number of siblings: 2.2  
(Average number of siblings + 1) \* $244k = $732k  
→ Dad: Diesel mechanic, fleet manager, construction superintendent, solar project mgr, food distribution owner (median $82k) → Mom: Part-time teacher aide, dental assistant, office manager, realtor, medical coder (median $45k)

Vietnamese -&gt; $253k  
Average number of siblings: 2.2  
(Average number of siblings + 1) \* $253k = $759k  
→ Dad: Restaurant mgr, nail salon chain owner, import/export trader, pharmacy tech supervisor, real estate investor (median $85k) → Mom: Homemaker, accountant assistant, teacher, esthetician, part-time pharmacist (median $40k)

Germans -&gt; $233k  
Average number of siblings: 2.2  
(Average number of siblings + 1) \* $233k = $699k  
→ Dad: Machinist supervisor, plant manager, quality engineer, industrial sales, logistics coordinator (median $90k) → Mom: Homemaker, elementary teacher, nurse, bookkeeper, office manager (median $50k)

Pakistanis -&gt; $236k  
Average number of siblings: 2.2  
(Average number of siblings + 1) \* $236k = $708k  
→ Dad: Franchise mgr (motel), gas station chain owner, trucking company owner, halal supermarket owner, physician assistant (median $88k) → Mom: Part-time clerk, teacher, medical biller, homemaker, pharmacy tech (median $42k)

Iranians -&gt; $207k  
Average number of siblings: 2.2  
(Average number of siblings + 1) \* $207k = $621k  
→ Dad: Import/export trader, medical equipment sales, real estate developer, engineering consultant, private lender (median $92k) → Mom: Homemaker, part-time professor, physician, realtor, interior designer (median $65k)

IQ 100  
Germans -&gt; $311k  
Average number of siblings: 1.8  
(Average number of siblings + 1) \* $311k = $997k  
→ Dad: Mid-mgr manufacturing, industrial engineer, supply chain mgr, insurance broker, financial advisor (median $105k) → Mom: Elementary teacher, nurse practitioner, HR manager, accountant, part-time professor (median $75k)

Jews -&gt; $280k  
Average number of siblings: 1.8  
(Average number of siblings + 1) \* $280k = $898k  
→ Dad: Accountant, attorney, real estate developer, medical practice owner, software sales (median $120k) → Mom: Part-time realtor, teacher, social worker, psychologist, event planner (median $70k)

Nigerians -&gt; $289k  
Average number of siblings: 1.8  
(Average number of siblings + 1) \* $289k = $926k  
→ Dad: IT support specialist, nurse (RN), logistics manager, pharmacy owner, medical lab director (median $95k) → Mom: Homemaker, nurse, teacher, accountant, childcare center owner (median $68k)

Scandinavians -&gt; $247k  
Average number of siblings: 1.8  
(Average number of siblings + 1) \* $247k = $792k  
→ Dad: Insurance agent, mechanical engineer, project manager, sustainability consultant, craft brewery owner (median $102k) → Mom: Office admin, teacher, occupational therapist, HR specialist, part-time consultant (median $72k)

Chinese -&gt; $200k  
Average number of siblings: 1.8  
(Average number of siblings + 1) \* $200k = $641k  
→ Dad: Small biz importer, restaurant owner, real estate investor, software developer, stock trader (median $98k) → Mom: Part-time tutor, accountant, teacher, real estate agent, homemaker (median $60k)

IQ 110  
Germans -&gt; $533k  
Average number of siblings: 1.7  
(Average number of siblings + 1) \* $533k = $1.86M  
→ Dad: Civil engineer, mechanical engineer, plant manager, patent attorney, medical device sales (median $130k) → Mom: High school teacher, physical therapist, marketing director, university admin, part-time prof (median $85k)

Jews -&gt; $453k  
Average number of siblings: 1.7  
(Average number of siblings + 1) \* $453k = $1.58M  
→ Dad: Lawyer, physician, hedge fund analyst, tech sales director, private equity associate (median $180k) → Mom: Social worker, psychologist, marketing exec, part-time attorney, nonprofit director (median $95k)

Nigerians -&gt; $489k  
Average number of siblings: 1.7  
(Average number of siblings + 1) \* $489k = $1.71M  
→ Dad: Software dev, physician, pharmacist, hospital administrator, fintech product mgr (median $150k) → Mom: Nurse, teacher, accountant, lab director, part-time professor (median $80k)

Indians -&gt; $385k  
Average number of siblings: 1.7  
(Average number of siblings + 1) \* $385k = $1.35M  
→ Dad: IT project mgr, cloud architect, data engineer, product manager, private practice dentist (median $140k) → Mom: Pharmacist, software tester, teacher, HR manager, part-time consultant (median $82k)

Chinese -&gt; $350k  
Average number of siblings: 1.7  
(Average number of siblings + 1) \* $350k = $1.23M  
→ Dad: Accountant CPA, financial analyst, supply chain director, e-commerce founder, quantitative trader (median $135k) → Mom: Part-time prof, data analyst, teacher, financial planner, software engineer (median $90k)

IQ 120  
Germans -&gt; $978k  
Average number of siblings: 1.5  
(Average number of siblings + 1) \* $978k = $2.93M  
→ Dad: Electrical engineer, aerospace engineer, R&amp;D director, medical device CEO, private pilot (median $160k) → Mom: College instructor, physician assistant, biotech researcher, sustainability director, part-time dean (median $110k)

Jews -&gt; $800k  
Average number of siblings: 1.5  
(Average number of siblings + 1) \* $800k = $2.40M  
→ Dad: Physician, attorney (partner), venture partner, radiologist, AI startup founder (median $250k) → Mom: Lawyer, psychiatrist, university professor, marketing VP, nonprofit CEO (median $140k)

Indians -&gt; $741k  
Average number of siblings: 1.5  
(Average number of siblings + 1) \* $741k = $2.22M  
→ Dad: Data scientist, machine learning engineer, tech VP, anesthesiologist, cloud CTO (median $200k) → Mom: Doctor, dentist, professor, AI researcher, biotech VP (median $160k)

Koreans -&gt; $709k  
Average number of siblings: 1.5  
(Average number of siblings + 1) \* $709k = $2.13M  
→ Dad: Architect, semiconductor engineer, medical researcher, finance director, K-beauty brand founder (median $155k) → Mom: Business analyst, professor, pharmacist, lab director, part-time consultant (median $115k)

Chinese -&gt; $683k  
Average number of siblings: 1.5  
(Average number of siblings + 1) \* $683k = $2.05M  
→ Dad: Finance analyst, quant developer, blockchain architect, supply chain VP, hedge fund PM (median $170k) → Mom: Engineer, data scientist, university lecturer, financial controller, part-time CEO (median $130k)

IQ 130  
Germans -&gt; $1.67M  
Average number of siblings: 1.2  
(Average number of siblings + 1) \* $1.67M = $3.68M  
→ Dad: Petroleum engineer, nuclear engineer, robotics lead, patent law partner, industrial AI director (median $220k) → Mom: University prof, medical researcher, engineering dean, sustainability chair, part-time CTO (median $160k)

Jews -&gt; $1.40M  
Average number of siblings: 1.2  
(Average number of siblings + 1) \* $1.40M = $3.08M  
→ Dad: Investment banker, cardiologist, tech M&amp;A attorney, hedge fund founder, radiologist (median $300k) → Mom: Psychiatrist, law professor, medical director, AI ethics lead, nonprofit founder (median $200k)

Indians -&gt; $1.33M  
Average number of siblings: 1.2  
(Average number of siblings + 1) \* $1.33M = $2.93M  
→ Dad: AI researcher, neurosurgeon, Google staff engineer, unicorn CTO, quantum computing lead (median $280k) → Mom: Surgeon, pediatrician, CS professor, biotech founder, data science VP (median $220k)

Koreans -&gt; $1.18M  
Average number of siblings: 1.2  
(Average number of siblings + 1) \* $1.18M = $2.60M  
→ Dad: Biotech engineer, chip design lead, medical device inventor, finance quant, K-drama producer (median $210k) → Mom: Prof (econ), oncologist, patent attorney, AI researcher, part-time dean (median $180k)

Chinese -&gt; $1.17M  
Average number of siblings: 1.2  
(Average number of siblings + 1) \* $1.17M = $2.57M  
→ Dad: Venture capitalist, software engineer (FAANG), university professor (STEM), financial quant, biotech entrepreneur (median $250k) → Mom: Data scientist, engineer (electrical), academic researcher, physician, accountant (Big 4 partner) (median $190k)

IQ 140  
Germans -&gt; $2.89M  
Average number of siblings: 1.0  
(Average number of siblings + 1) \* $2.89M = $5.78M  
→ Dad: Aerospace engineer, fusion researcher, autonomous vehicle lead, patent portfolio mgr, defense contractor CEO (median $350k) → Mom: Law prof, medical geneticist, engineering dean, quantum physicist, part-time Nobel advisor (median $250k)

Jews -&gt; $2.53M  
Average number of siblings: 1.0  
(Average number of siblings + 1) \* $2.53M = $5.06M  
→ Dad: Hedge fund mgr, neurosurgeon, AI unicorn founder, M&amp;A law partner, radiologist group owner (median $500k) → Mom: Neuroscientist, federal judge, psychiatry chair, biotech CEO, part-time VC (median $300k)

Indians -&gt; $2.37M  
Average number of siblings: 1.0  
(Average number of siblings + 1) \* $2.37M = $4.74M  
→ Dad: Tech VP (Google), AI lab director, cardiothoracic surgeon, Sequoia partner, quantum startup founder (median $450k) → Mom: Biotech CEO, CS professor (Stanford), pediatric neurologist, data center architect, part-time billionaire advisor (median $320k)

Chinese -&gt; $2.00M  
Average number of siblings: 1.0  
(Average number of siblings + 1) \* $2.00M = $4.00M  
→ Dad: Quant trader, AI research director, blockchain founder, Tencent alumni exec, gene editing pioneer (median $400k) → Mom: AI ethicist, CS professor (MIT), medical researcher, fintech CFO, part-time unicorn board member (median $280k)

Koreans -&gt; $2.00M  
Average number of siblings: 1.0  
(Average number of siblings + 1) \* $2.00M = $4.00M  
→ Dad: Semiconductor designer, battery tech CEO, medical AI founder, Samsung exec, robotics surgeon (median $380k) → Mom: Patent lawyer, economics professor, chip design lead, AI policy advisor, part-time chaebol heir (median $260k)

IQ 150  
Germans -&gt; $5.56M  
Average number of siblings: 0.8  
(Average number of siblings + 1) \* $5.56M = $9.95M  
→ Dad: Robotics innovator, fusion energy CEO, space propulsion lead, AI safety institute director, industrial magnate (median $800k) → Mom: Physics prof, medical Nobel candidate, engineering dean, quantum computing chair, part-time EU commissioner (median $400k)

Jews -&gt; $5.00M  
Average number of siblings: 0.8  
(Average number of siblings + 1) \* $5.00M = $8.95M  
→ Dad: Private equity founder, brain-computer interface CEO, gene therapy pioneer, Fed advisor, media mogul (median $1M) → Mom: Med researcher, supreme court clerk alum, psychiatry innovator, AI governance lead, part-time philanthropist (median $450k)

Indians -&gt; $4.59M  
Average number of siblings: 0.8  
(Average number of siblings + 1) \* $4.59M = $8.21M  
→ Dad: Cloud computing exec, AI foundation model CEO, space tech founder, OpenAI board, quantum network architect (median $900k) → Mom: Quantum physicist, neurosurgery chair, CS dean (CMU), biotech unicorn founder, part-time Modi advisor (median $500k)

Chinese -&gt; $3.83M  
Average number of siblings: 0.8  
(Average number of siblings + 1) \* $3.83M = $6.85M  
→ Dad: Fintech unicorn CEO, Alibaba alumni billionaire, crypto exchange founder, gene editing mogul, space mining investor (median $2M) → Mom: CS prof (Tsinghua USA), AI lab director, medical genetics lead, quantum crypto pioneer, part-time CCP think tank (median $550k)

British -&gt; $3.23M  
Average number of siblings: 0.8  
(Average number of siblings + 1) \* $3.23M = $5.78M  
→ Dad: AI startup founder, hedge fund billionaire, Oxford spinout CEO, quantum finance pioneer, royal-adjacent VC (median $1.5M) → Mom: Economist (LSE), medical researcher, policy advisor, part-time MI6 consultant, Downton heir (median $400k)

IQ 160  
Jews -&gt; $12.0M  
Average number of siblings: 0.6  
(Average number of siblings + 1) \* $12.0M = $19.2M  
→ Dad: Venture capitalist, xAI co-founder, longevity CEO, space colonization lead, Fed chair successor (median $5M) → Mom: Nobel laureate (econ), brain simulation pioneer, global health czar, part-time world bank president (median $1M)

Germans -&gt; $11.1M  
Average number of siblings: 0.6  
(Average number of siblings + 1) \* $11.1M = $17.8M  
→ Dad: Industrial magnate, fusion power CEO, autonomous nation founder, AI singularity architect, Mars colony governor (median $4M) → Mom: Engineering dean, physics Nobel, quantum AI lead, EU science minister, part-time UN advisor (median $900k)

Indians -&gt; $10.4M  
Average number of siblings: 0.6  
(Average number of siblings + 1) \* $10.4M = $16.6M  
→ Dad: Silicon Valley CTO, neuralink rival CEO, climate tech savior, quantum internet founder, ISRO moon base director (median $3.5M) → Mom: Genomics pioneer, AI consciousness researcher, Stanford president, part-time G20 science envoy (median $800k)

Chinese -&gt; $10.0M  
Average number of siblings: 0.6  
(Average number of siblings + 1) \* $10.0M = $16.0M  
→ Dad: Crypto billionaire, Bytedance shadow founder, lunar mining CEO, brain upload pioneer, digital yuan architect (median $4M) → Mom: Math prof (Fields Medal), AI superintelligence lead, gene editing regulator, part-time Politburo science advisor (median $850k)

Koreans -&gt; $8.2M  
Average number of siblings: 0.6  
(Average number of siblings + 1) \* $8.2M = $13.1M  
→ Dad: Battery tech mogul, Samsung heir rival, robot surgeon CEO, K-pop metaverse founder, fusion startup billionaire (median $3M) → Mom: Robotics expert, AI art pioneer, medical nanotech lead, part-time Blue House strategist (median $700k)

KEY TAKEAWAY IQ 60–90: Volume wins → Dad = skilled trade owner, Mom = homemaker (3+ kids, $100k+ transmission via biz inheritance) IQ 100–120: Balance → Dad = mid-STEM/mgr, Mom = educator/health pro (2.2 kids, $500k+ via networks) IQ 130+: Compounding → Dad = tech/finance innovator, Mom = elite academic/pro (1.6 kids, $10M+ via patents/equity) Chinese edge at 130: VC + Professor combo = 40% child billionaire odds Data: SCF 2022 + Chetty + BLS O\*NET + Forbes 400 parent jobs #ParentJobs #ChildWealth #IQMax Dad builds. Mom shapes. Legacy scales. Want PDF/CSV? Comment “SEND TOP5+ALL”!",0,capitalism
1olghsj,1761976862.0,Does capitalism stop us from focusing?,"I am thinking about humanity and the goals we are wanting to achieve. What are the fundamental goals of the human species? If continuing and multiplying is the main goal than we need to be smart about how we use our resources. Then until we have a very reliable and abundant way to collect and use energy we need to slow down our expansion. At the current moment I don't think we have the focus needed to achieve the energy creation needed before we hit a critical breaking point in the system. I think it might be the cause of people going hard for the dollar in the easiest way possible.  Our attention is probably the most valuable resource we have and we have been selling it to shiny superficial goods. The issue I see with capitalism is that it breeds a ""At any means necessary""  mentality. If the goal is to have the most money and take away all other people's money and if selling poison gets me there quicker than im going to try it and try to make and keep it allowed. This is not what's best for humanity.  Its an unfocused way and doesnt help humanity to thrive by spending so much time figuring out how to influence  people to buy things that they don't need. Seems like we could be focusing on technologies of energy ,food production, and water management more.",0,capitalism
1ole6q2,1761968317.0,Pot Kettle,"

A colorful character (CC) wrote the following OP in our sub:

[Why do a majority on the people in this subreddit parrot propaganda and then when confronted threaten to block people?](https://www.reddit.com/r/Capitalism/comments/1okmp7o/why_do_a_majority_on_the_people_in_this_subreddit/)

In the following OP by them titled, [""How do you get leftists to understand that capitalism isn’t inherently evil. It’s just that the current system gives billionaires far more power than they should have?""](https://www.reddit.com/r/Capitalism/comments/1m9h5u5/comment/n5dd27g/?utm_source=share&amp;utm_medium=web3x&amp;utm_name=web3xcss&amp;utm_term=1) and a thread exchange with them, they threatened to block me and then blocked me.  I will write the context and link for you to be the judge.

The context was a primary commentor replied to the OP - (CC):

&gt;How much power are billionaires supposed to have?

CC replied:

&gt;Billionaires shouldn't exist as there is no possible way someone could earn that money without exploiting someone else's labor.

I replied:

&gt;[Prove it.  Start with proving it with Lebron James (link of his 1.2 est billion dollar wealth).](https://www.reddit.com/r/Capitalism/comments/1m9h5u5/comment/n57pyrq/?utm_source=share&amp;utm_medium=web3x&amp;utm_name=web3xcss&amp;utm_term=1&amp;utm_content=share_button)

CC then used their usual Marxist-type paradigm (aka propaganda), trying to tie LJ to Nike and how Nike, in their worldview then did exploitation because of sweatshops.  Therefore, the guilt by association fallacy, LJ status = exploitation.  None of this was sourced, and then they made an ultimatum to me of the following.

&gt;[If you can’t agree on this (exploitation), please tell me and I’m going to block you.](https://www.reddit.com/r/Capitalism/comments/1m9h5u5/comment/n5dd27g/?utm_source=share&amp;utm_medium=web3x&amp;utm_name=web3xcss&amp;utm_term=1&amp;utm_content=share_button)

I had a reasonable reply that even if I agreed that Nike was exploitation, they still didn’t demonstrate that LB’s billionaire status was from exploitation, as the Nike amount may well be under 200 million, and LJ is worth over 1.2 billion (as sourced in the above comment). Half of wealth is pure labor wage. They blocked me!  And I told them if they did block me, I would write an OP explaining what a toxic person they were. Here we are 3 months later.  I waited for the right time.  For the right time for you good people to decide for yourself.  Because I wager that the block list is long for CC.",13,capitalism
1okpb95,1761900387.0,"True capitalism is the best capitalism, re-edited.","Capitalism with no cronyism, government influence, or backing of any kind, is true capitalism. That's how it should be. This is what I said in my original post, but I am re-posting it with edits, to make my post clearer:

I don't mean we shouldn't have some government, and some regulations. We definitely should. I am not suggesting anarchy or ""unfettered"" capitalism in this regard.

But I am talking about when government creates favoritism or tax breaks or subsidies of any kind, that ends up favoring one company over another. That creates all kinds of favoritism, including the possibility of ""bad"" corporations getting unfair breaks over good ones. This favoritism also includes regulations that favor some corporations over others.

So in summary, government should have ZERO say in picking winners and losers in the market. Rather, a company's success (or failure) must be earned by the trust of its customers.

This fosters true market competition, and therefore true capitalism.",12,capitalism
1okmp7o,1761889754.0,Why do a majority on the people in this subreddit parrot propaganda and then when confronted threaten to block people?,"In the title I’m referencing this: https://www.reddit.com/r/Capitalism/s/Pp3g0tp2gA

Every capitalist argument eventually reaches its final form:

“I’ve refuted you on every topic, I won’t go point-by-point, you’re fearmongering, Marx is bad, profit good, and by the way, don’t reply.”

It’s incredible how someone can type six paragraphs defending profit motive as the source of all human progress on a device created with government funding, then end it with “don’t respond.”

Like bro, you just praised the internet, GPS, and computing power all born from public research, not some guy chasing dividends and then quoted Margaret Thatcher, patron saint of privatizing everything that wasn’t nailed down.

These people always say “socialism doesn’t work” while living in societies where the roads, education, infrastructure, space programs, and medical research are all socialist-funded projects.

Capitalists when you mention this:
Nooo, that’s not real socialism, that’s just… uh… collective investment in the public good through the redistribution of resources—wait.”


",0,capitalism
1okdbxr,1761862366.0,Looking for someone to defend capitalism in a new podcast! NYC only!,"We’re looking for someone who can **passionately and intelligently defend capitalism** in a filmed discussion for a new podcast/video series. This is a thoughtful, lively conversation, not a debate for the sake of arguing, where ideas, beliefs, and real-world perspectives collide.

📍 **Location:** New York City  
📅 **Date:** November 18  
💡 **What’s included:** Free lunch, great vibes, and the chance to be featured on a professionally produced show (we’ll be filming with cinema-grade cameras and high-quality audio).

If you love a good discussion, have strong opinions about free markets, entrepreneurship, or economic systems, and can articulate them clearly and confidently, we’d love to have you on.

DM for details or to throw your hat in the ring!",1,capitalism
1ojmyr5,1761788154.0,mamdani. Hello,"Hello my capitalist friends, what do we think of bernie sanders and zohram mdani? I personally appreciate them, they just want healthcare to be accessible to all and cheaper living costs etc",0,capitalism
1ojjuse,1761779791.0,I’d be fine with capitalism if it didn’t rely on stealing people’s labour,"Honestly, I don’t even hate the idea of markets, trade, or people being rewarded for hard work and innovation. I’d be fine with capitalism if it didn’t require the extraction of other people’s labor to function.

But that’s literally what it does. Every business’s profit comes from paying workers less than the value they create. If your boss pays you $25/hr but the work you do generates $60/hr in value, that $35 difference is your stolen labor the unpaid portion of what you produced. It’s how profit exists.

Under capitalism, you can’t survive unless you sell your labor to someone who owns the tools, land, or machinery. You create the value; they own it. That’s not “fair exchange,” that’s structured exploitation dressed up as opportunity.

People love to say, “Well, just start your own business,” but most can’t because ownership of capital (the real power) is already owned. The system is built so that the vast majority will always need to work for those who already own. 

I wouldn’t even call that a free market it’s a hierarchy where a few own the means to live, and everyone else rents their existence from them.",0,capitalism
1ojjpkm,1761779430.0,Stock brokers don’t actually produce anything they just extract value from everyone else,"We’ve normalized an entire industry of people whose “job” is to buy and sell ownership in other people’s labor and somehow that’s considered productive. But what does a stockbroker actually do for society? They don’t make food, build homes, or provide care. They don’t improve technology or infrastructure. Their entire function is to speculate to profit off fluctuations in value that other people create through real work.

They don’t increase anyone’s quality of life; they just move numbers around and siphon off a percentage each time. The wealth they “earn” doesn’t come from thin air it comes from the actual economy, from the workers and consumers who create real value. Every bonus or dividend on Wall Street is effectively a redistribution of wealth upward.

Capitalism glorifies this parasitic layer as “financial services,” but in reality, it’s rent-seeking on a massive scale. Stock brokers and speculative investors don’t build the economy they bleed it.

TL;DR: Stock brokers don’t produce value they extract it. The financial sector doesn’t grow the economy; it drains the real one by monetizing ownership and speculation instead of labor and production.",0,capitalism
1ohz4qm,1761621974.0,"Does this group support ""true"" capitalism, i.e., without any government favoritism/backing?","Does this support true capitalism, i.e, capitalism without any government backing, or subsidies, or any other kind of favoritism? Other words I've heard to describe this form of capitalism are ""marketism"" or ""customerism"". So are these the kinds of things this group supports?",7,capitalism
1ofhq10,1761363984.0,help what’s the stereotype that capitalists love kids,Where did that come from Lolll,0,capitalism
1oerwbi,1761293021.0,"""Surveillance capitalism"" and other loaded/pejorative compounds","&gt;**Disaster capitalism** \- Profit from crises (wars, pandemics, environmental disasters). Coined by Naomi Klein.

&gt;**Surveillance capitalism** \- Extraction of behavioral data for profit (Shoshana Zuboff).

&gt;**Cultural capitalism** \- Commodification of culture and identity (Žižek’s term).

These are three examples of leftist thinkers using a technique of loaded/pejorative compound to **imply moral judgment** on capitalism.

But profiting from surveillance or disaster has about as much to do with capitalism as the physical liquidation of the intelligentsia has with workers’ rights. These are unrelated concepts paired together for ideological purposes and for shock value. 

Why we need to fight back:

In linguistics, there is a phenomenon called **Semantic Prosody** \- a word acquires a positive or negative tone because of the words it co-occurs with. By allowing terms like ""**disaster capitalism**"" ""**surveillance capitalism**"" to enter our lexicon, the word capitalism gains negative meaning in people's minds. ",10,capitalism
1oe1tbz,1761222140.0,The Next Evolution of Capitalism: The Joint Stock Kibbutz,"Capitalism has never been about perfect decentralization. It thrives not through chaos, but through competition among **centralized systems** — firms, markets, and networks — each run for profit, each disciplined by others’ success. The invisible hand isn’t a crowd; it’s a tournament of organized players.

A **joint stock kibbutz** captures this pattern better than most libertarian blueprints — better than minarchism, anarcho-capitalism, or networks of private cities. It combines capitalism’s efficiency with democracy’s legitimacy and peaceful transition of power. Members own shares, vote, and benefit together. The result: a system that is both collective and competitive, both fair and profitable.

Unlike conventional democracy, which breeds cradle-to-grave welfare dependence and declining birth rates, the joint stock model introduces clear incentives. People are *paid to leave* and *pay to enter*. Immigration becomes simple and measurable. A society’s health can be tracked by how much people are willing to pay to join — and how much they must be paid to go. A poor member can sell their citizenship, move elsewhere, and still prosper.

Decision-making belongs to those who earned their power through legitimate, capitalistic means — shareholders who buy stakes or voters who support CEOs that raise share value.

Under capitalism, people shop around — for better goods, services, and even governance. But this depends on something many libertarians overlook: **centralization under market discipline**. Great systems cost money to build and maintain. Even eBay and Uber aren’t “free markets” in the pure sense; they are middlemen that take a cut for creating order. We willingly pay those “taxes” because competition among middlemen keeps fees low and quality high.

Minarchism and traditional libertarianism, by contrast, often drown in theory — endless arguments about who can consent to what, or whether any tax is moral. But capitalism doesn’t thrive on debate. It thrives on **choice**. If one system exploits people, they leave. If another serves them better, it grows. The market filters philosophy through results.

This logic extends to governance itself. A **network of competing jurisdictions** — each organized as a joint stock kibbutz, or any viable model at first — could let people “shop” for laws and lifestyles as they do for phones or cars. Those who prefer strict rules can live under them; those who crave freedom can pay for it. **Competition, not consensus, keeps power accountable.**

Should porn be shown in public? That can’t be an individual choice — it must be communal. But if individuals can freely choose which community to join, each still decides for themselves in the larger sense. Like drugs? Move to a city where drugs are legal.  
Want to burn holy books? Live where free speech outweighs religious norms.  
Prefer to avoid offense altogether? Choose a conservative city.

As long as these communities are **productive and peaceful**, why should anyone care whether one looks like religious Dubai and another like secular Liechtenstein? There’s no single correct way to govern — just as there’s no single correct way to cook noodles.

In fact, the world already resembles this system: over 160 countries compete for tourists, talent, and investment. The missing ingredient is that these countries are **not run for profit**. Their incentives are mixed — politicians chase votes, not value. Yet nations like China, Vietnam, Singapore, and Dubai show that when governments act more like companies, prosperity follows.

A **joint stock kibbutz** perfects that logic. It turns governance into a legitimate business — where citizens are shareholders, and the collective’s value becomes everyone’s interest. Corruption becomes dividend incentive. Bureaucracy becomes entrepreneurship. Voters and owners merge into one class.

Any privatized government that competes peacefully with others will work to some degree — and the fact that we already have 164 countries is a promising start. But the **joint stock kibbutz** adds an extra safeguard: democracy with market discipline. You don’t elect the most popular politician; you choose the CEO who can grow the value of the whole society.

Libertarians often reject the **Free State of Congo** model of unrestrained privatization. They see how the VOC and EIC — though efficient — became cruel. Democracy, for all its flaws, enables **peaceful transfers of power**. The joint stock kibbutz merges both: the accountability of markets and the stability of ballots.

Each member votes according to stake, yet all share the same goal — to grow the value of their community. If such a kibbutz succeeds, others will copy or join it, not through conquest but through attraction. The best systems win by example.

Capitalism’s next frontier isn’t merely digital or financial — it’s **institutional**. The DAO and the joint stock kibbutz are two sides of one coin: self-governing, incentive-aligned communities competing to serve their members. As they evolve, the line between company, country, and community will blur.

That’s not dystopia. That’s capitalism, refined.

A joint stock kibbutz also fits within **anarcho-capitalism**. In *Ancapistan*, what would stop people from buying land and governing it? Ownership implies control — whether we call that ruling or exercising property rights makes little difference. Pure anarcho-capitalists think “privatizing everything” means eliminating government, but another path exists: **privatizing government itself.**

Unlike standard private cities, joint stock kibbutzim remain more democratic. That’s not inherently good or bad — undemocratic monarchies like Dubai work well, too. The concern is *concentration of control.* Libertarians respect property rights, but few endorse **voluntary slavery** or total domination. Some hierarchy is fine — like employment — but monarchy and slavery push the limit. If people shouldn’t sell themselves into bondage, perhaps whole communities shouldn’t be ruled by distant owners who don’t live there.

Democratic elements also bring **stability**. Monarchies often collapse into palace intrigue — even in Qatar, royal siblings imprison one another. A large base of shareholders makes coups harder. You can overthrow a king, but it’s much harder to strip citizenship from thousands of co-owners.",0,capitalism
1odtmlf,1761192467.0,"If capitalism is so efficient, why aren’t most people doing better?","We’ve had decades of rising productivity, record corporate profits, and huge technological advances yet wages have been basically stagnant since the 1970s. Housing costs are insane, healthcare in many countries (especially the U.S.) bankrupts people, and over half of working-age Americans live paycheck to paycheck.

Meanwhile, the richest 1% own more wealth than the entire middle class combined. Even in “free” markets, monopolies dominate every major sector from tech to food to energy. That doesn’t look like competition; it looks like consolidation.

It’s funny, the countries capitalists love to cite as “successful” (Nordic nations, New Zealand, Canada, etc.) are all mixed economies with heavy socialist influence. They tax the rich, regulate corporations, and invest in social welfare and it works.

So my question is: If capitalism is really about fairness, innovation, and prosperity, why are the people creating the wealth (workers) always the ones struggling the most? Why hasn’t their quality of live increased over the last 40 years while the 1% are getting richer and richer?",0,capitalism
1odh5c3,1761159471.0,Hello fellow capitalist pigs,"I'm hosting a pro-capitalism game night at my university. I need ideas for games to bring. Monopoly, obviously, but anything else? I'm hoping to engender an enhanced interest in capitalism, entrepreneurialism, individualism, consumerism, and basically a love of wealth. 

Also, if you have ideas for drinks (aside from coca cola) that would be great.",32,capitalism
1oarme8,1760885581.0,Artificial intelligence and open AI has reaffirmed my positive view of capitalism,"As a millennial, never in my life, did I ever think the Google Monopoly would be disrupted.

And that there's still a lot of game changing technology to be invented",8,capitalism
1oaq0nw,1760881492.0,How I stopped being a communist,"I was a former supporter of communism these are the things that made me stop believing in communism 
1 I thought to much about how the system was going to work if they was democracy in a communist country it would be so slow and ineffective and so a dictatorship would be the best way and dictatorships are not good for the people then I thought about 
How would we know 
2 I used to hate capitalism then I started to read other economists then realized we are not a full capitalist country and how flexible capitalism is 

",22,capitalism
1o6fv3a,1760449350.0,"Can capitalism make public schools in the US better, if so how?",Please enlighten me as I'm just a dum teenager who just got into economics very recently,14,capitalism
1o5lkou,1760366479.0,When loyalty becomes stupidity. Why Capitalists should do whatever it takes to serve themselves and their family,"Han Xin, Sima Yi, Yuan Chonghuan — all faced the same curse. 



They served rulers far less competent than themselves. Liu Bang couldn’t lead an army like Han Xin. Cao Fang was a child. And Chongzhen? He couldn’t even think critically enough to check evidence before killing his best general.



Chongzhen believed the impossible — that Yuan Chonghuan had betrayed him. For that to be true, ten thousand soldiers, scattered across the front and hating the Manchus, would have had to lie in perfect coordination. That’s not betrayal — that’s paranoia.



And yet, it’s a familiar kind of paranoia. The same logic applies to the modern world: capitalists can’t “conspire” to uphold racism or sexism any more than ten thousand soldiers could conspire to lie. They compete. If hiring women were cheaper and more efficient, every firm would do it. Markets punish ideology.  
  
But people still believe fairytales about “systemic oppression,” while ignoring women who freely choose luxury through sex work, marriage, or sugar arrangements. Most voters never interview many people directly. They don’t ask — they assume. They believe in a kind of blood libel against capitalism itself.



Back to the Ming. The dynasty was already dying — anyone with eyes could see it. But it still had one competent commander: **Yuan Chonghuan**. With European-style artillery, he killed the Jin emperor, forcing the enemy to change strategy. The Jurchens (later the Manchus) forged letters framing him for treason and bribed Mongol princes to bypass his stronghold.



When the Manchus advanced, Chongzhen ordered all commanders to rush to defend Beijing. Yuan marched 600 kilometers in six days — an incredible feat — and smashed the Manchu supply lines, forcing them to retreat. Then, unbelievably, he was arrested. After months of farcical trials, the emperor, who never once ordered an interrogation of the 10,000 soldiers who had fought under Yuan, sentenced him to **death by slow slicing**, along with his family.



And the worst part? Chongzhen wasn’t wrong to *suspect* rebellion — only to expect loyalty from a man too good for his master. Yuan should have rebelled. To serve an idiot faithfully is the greater idiocy.



When Chongzhen finally realized his mistake, it was already too late. Yuan’s death shattered the Ming’s defenses. The Manchus surged forward. Within fourteen years, Chongzhen was dead too — hanging himself behind the Forbidden City, whispering history’s final confession:

&gt;

Yuan died because Chongzhen lacked trust.  
Chongzhen died because he finally found it — too late.  
  
",4,capitalism
1o521mc,1760306292.0,A few arguments to use against anti capitalist,"1. Oligarchs are always made by corrupt government, and if you look at countries like Russia or South Korea you can see the corruption that made the oligarchs.
2. Most anticapitalist never actually read the wealth of nations and get a lot of things wrong.
3. Most countries don’t represent capitalism perfectly or even decently, so much that if a country is not openly socialist it easily gets labeled as capitalist which leads to a lot of confusion.
4. Capitalism doesn’t mean the privatization of everything this one makes me angry because of how dumb it is you can still have non privatized businesses in a capitalist nothing in capitalism stops government help.
5. Capitalism doesn’t make people evil yes they have been done in the name of money, but they are a lot evil thing done even without capitalism it’s just that capitalism.

You are free to criticize my arguments and sorry for the bad grammar am on mobile.",3,capitalism
1o4o86y,1760273382.0,Hypocrisy,"Communists be like you can’t criticize us because you didn’t read a communist book, then go to calling capitalists evil without reading a capitalist book. ",24,capitalism
1o4l9wz,1760263598.0,Best books about Capitalism?,"I've been noticing lately, that a lot of my pro capitalism knowledge doesn't really have a ground, so I'd like to educate myself a little more serious.

Whats some essential capitalist books?",6,capitalism
1o4gtm9,1760246675.0,I once had a leftie worker who would buy apple all the time,"He was like
Boss, you are a capitalist

Meanwhile, he's the one with tongues out for new apple products
Always drinks starbucks

I'm an sme owner
Fired him after finding out a lot of other things too",0,capitalism
1o31jxs,1760104442.0,A few version of communism and how annoying they are,"There are many levels of communism — from indifferent capitalism to full-blown totalitarianism.

**Level 0 – Ayn Rand mode.**  
See inequality? Say, “Let them starve.” No redistribution, no safety nets — just raw market Darwinism.

**Level 1 – Friedman capitalism.**  
Some public schools, minimal welfare, just enough redistribution to keep social order stable but not enough to distort incentives. The market is still the main engine, and individual effort drives outcomes.

**Level 1.5 – Profit-share communism.**  
Here’s the middle ground — systems like a *joint-stock kibbutz* or *georgism*, where the government or community runs more like a business. Instead of endless welfare, citizens share profits from common assets such as land or natural resources. The poor still benefit, but not by being rewarded for poverty.

* **Joint-stock kibbutz (≈ 1.2).** Citizens are shareholders. Parents must “buy in” for their children — a built-in market filter against reckless reproduction. You join, contribute, and earn dividends. It’s capitalist in spirit, communitarian in form.
* **Georgism (≈ 1.7).** Tax land or natural resource rents and distribute the proceeds equally. More “communist” than the joint-stock model because rewards are equal regardless of contribution, and it can inadvertently incentivize larger families.

**Level 2 – Classical communism / social democracy.**  
Wealth inequality is managed by taking from the rich to support the poor. It starts noble but often produces a permanent welfare class — people dependent on state aid from cradle to grave. Capitalism survives, but drags its feet.

Many pre classical communists wants to fix poverty, not inequality. Many turn into capitalists seeing that capitalism do solve poverty.

**Level 3 – Woke communism.**  
The focus shifts from helping the poor to restraining the successful. When someone like Elon Musk makes too much, the solution isn’t to raise others up — it’s to pull him down. The same mindset appears in education: instead of letting gifted students advance, systems slow everyone down so no one feels left behind. Equality becomes more important than excellence.

What woke try to solve is not poverty. They don't mind being poor as long as everyone else is poor too. They want to solve ""inequality"". 

**Level 4 – Totalitarian communism.**  
When an individual becomes too talented or powerful — like Elon or, in ancient terms, Han Xin — the system eliminates them entirely. It’s no longer about fairness, only control.

In the West, most people’s economic views sit between Level 1 and Level 2. Personally, I’d put myself around 1.3 — believing in capitalism with a conscience. Be compassionate to the poor, yes, but don’t turn welfare into a lifelong subsidy for passivity. I’d edge closer to 1.4 or 1.5 if society weren’t so heavy-handed about reproduction.  


Because when it comes to reproduction, most Western systems act like Level 3 or 4. Progressives who oppose transactional sex and conservatives who idolize monogamy aren’t that different — both try to enforce equal reproductive success regardless of people’s ability to attract, afford, or support children.  


Consider this: if Elon’s kids start richer and genetically smarter, taxing him to support Jamal’s fifty children barely changes inequality. Intelligence and talent aren’t zero-sum. Elon having more kids doesn’t make Jamal’s kids dumber — genetic advantages replicate; they don’t divide.  


Since intelligence can’t be redistributed, modern societies take a sideways approach: they incentivize the less capable to reproduce more, while making reproduction legally and financially dangerous for the capable.  
  
Elon can’t simply contract safe parenthood — family law treats reproduction like a moral minefield. A man can be sued for child support even if there was a prior agreement, all under the doctrine of “the child’s best interest.”  
  
The ""child's best interests"" can mean the woman take away the child sue for high child support and castrate the children and some judges will approve that as child's best interests. Contracts can't prevent that outcome.  


In practice, that means men who are productive, cautious, and successful face massive barriers to passing on their genes, while the system quietly subsidizes those with less to offer.  


The result is perverse: mediocrity gets rewarded, and excellence gets punished.",0,capitalism
1o24m1r,1760013002.0,Name for the western form of capitalism?,"Is there a name for the modern western form of capitalism, where it's realistic to start a major business?
Kind of as an opposite to communism; 

if communism is a social system in a socialist economic system, what's the social system, in our economically capitalist world?

I'm asking this because socialists often compare modern capitalism to its early stages and I'd like to be able to specify how much I care about realistic chances of becoming major competitor yourself, which obviously wasn't the case in early stage capitalism ",3,capitalism
1nzor16,1759770032.0,The Karma of Capitalism,"Farmer’s crops are being left rotting in the fields and, due to DJT’s tariffs, many farmers are facing impending bankruptcy. The crackdown on migrant farm workers is threatening our nation’s food security. Will ICE agents feel capitalism’s karma when they cannot afford to buy food for their families? Will there be food available to buy at any price? DJT will be able to pay the price, but will you?",0,capitalism
1ny3izi,1759607117.0,On the Misguidance of Education and the Misapprehension of Capitalism,"It has ever been the duty of society to cultivate the faculties of its youth, not merely that they may be obedient members of the commonwealth, but that they may become capable of directing their own lives with prudence, foresight, and industry. Education, when properly constituted, is a preparation for liberty. It equips the young mind with the means of judging rightly, of restraining the passions, and of employing its talents in a manner most agreeable both to private happiness and to the prosperity of the community.

Yet in our time, education has too often been diverted from this noble purpose. Instead of training intellect and character, many schools have adopted a method more intent on producing compliance with prevailing doctrines than cultivating reason. Lessons are structured less around the enduring works of history, philosophy, and mathematics, and more around fleeting slogans and shifting social causes. Children are taught to see themselves as members of categories rather than as moral agents; they are instructed in grievance before they are grounded in logic; they are urged to agitate before they are able to reason.

This progressive style, though perhaps clothed in the language of compassion, enfeebles rather than strengthens. A generation so tutored will look not to their own capacities but to the authority of the state, or to the cries of the multitude, to supply what discipline and knowledge should have nurtured within themselves. For when the rigors of self-command are neglected, when diligence is displaced by indoctrination, the individual becomes soft, uncertain, and dependent.

In such soil, the doctrines of socialism readily take root, for they flatter the weak by assuring them that the community shall supply what their own diligence has not secured. These doctrines gain favor precisely because the people have not been trained to distinguish between the genuine bond of voluntary exchange and the compulsory chains of redistribution.

The misfortune of socialism lies not chiefly in its generosity of intention but in its ignorance of human nature. It supposes that the passions of men can be so re-formed that envy shall not corrode, that idleness shall not creep in, and that ambition shall not strive for mastery. It presumes that centralized wisdom can direct the affairs of millions more effectively than the dispersed knowledge of individuals freely pursuing their own interest. Yet history, as well as reason, instructs us that when industry is divorced from reward, when labor is detached from its fruits, the vigor of society declines, innovation is stifled, and plenty gives way to want.

Capitalism, by contrast, rests upon principles more consonant with the nature of man. Each individual, seeking to better his own condition, contributes unwittingly to the wealth of the nation. The butcher, the brewer, and the baker, in striving for their own livelihood, furnish the conveniences of life to all. The system of voluntary exchange rewards diligence, prudence, and ingenuity, while gently correcting folly through the impartial discipline of the market. It permits each man the dignity of self-reliance and the opportunity to shape his fortune, while leaving ample room for charity and association of the most genuine sort, springing from the heart rather than commanded by decree.

If education were to align itself with this natural order — training minds to reason, to calculate, to restrain desire, and to labor industriously — then fewer would be deceived by the charms of systems that promise abundance without exertion. True education, joined with the liberty of markets, produces citizens both capable and virtuous, able to enjoy their own prosperity without trespassing upon the rights of others.

Thus, the degradation of education is not a trifling defect, but the very root of political error. By replacing the cultivation of intellect with the propagation of slogans, progressive pedagogy weakens the individual, making him ripe for the blandishments of collectivism. It is by sound teaching, joined to the liberty of commerce, that men and women may instead become wise and industrious citizens, secure in their own powers and contributing to the flourishing of society at large.",5,capitalism
1nwm3ht,1759454975.0,Is Capitalism’s main purpose to create a profit for the owner and stockholders?,"I am in a college Ethics class and in one of the readings we go over “The Social Responsibility of Business is to Increase its Profits” by Milton Freedman. This article goes over a few things such as the obvious claim that businesses main and only purpose should be to increase its profit, and also things such as corporate executives are agents of shareholders and how they should maximize shareholder value. The article goes over a few other things.
As selfish as this may be it seems to be correct. Some businesses are just nicer about it than others, but if Capitalism’s main purpose isn’t to create a profit? Then what is it?",0,capitalism
1nub3uo,1759233225.0,"As a communist, can I ask you why are you a capitalist","I am a portuguese communist, member of PCP (Portuguese Communist Party) and I'm just curious why people are communist.",0,capitalism
1nt4sq6,1759107510.0,Why does the CIA keep interfering with countries that democratically elect socialist politicians?,"Whether it’s economic sabotage, orchestrating groups, funding opposition, etc. why does this keep happening? I’m a capitalist, I don’t like the implications of socialism and communism in terms of authoritarian dictatorships. But I know some socialists have different definitions and ideas. And considering a lot of other countries in the world aren’t a democratic republic, why intervene with certain ones?",0,capitalism
1nsc4be,1759023748.0,Best arguments for capitalism?,Meeting a communist soon and want to be able to tell him his opinion is incorrect with facts and knowledge ,8,capitalism
1npsjvp,1758759692.0,How many of you are actual capitalists (own assets) and not just ideological capitalists?,"When I say capitalist, I mean someone who a Marxist would define as being in the “capitalist class” I.e. someone whose wealth primarily comes from owning assets. Not just someone who’s ideologically pro-capitalism.",0,capitalism
1novwxm,1758667689.0,"Argentina is Failing and It's Because of Milei’s “Free Market” Experiments, Not in Spite of Them","There’s a narrative floating around that Argentina’s economic collapse is due to external shocks, legacy problems, or just weak institutions. But when you look closely at what’s happening under President Javier Milei, it becomes clear that many of the failures are tied directly to his aggressive liberal / capitalist policy agenda. The reforms haven’t delivered stable prosperity for the masses they’ve created enormous volatility.

Currency Instability and Loss of Reserves
Milei’s government tried to artificially strengthen the peso, but that suppressed economic growth, drained foreign exchange reserves, and set up conditions where once investor confidence wavered, the peso plunged anyway. The Central Bank ended up spending over $1 billion within just a few days trying to defend the peso.
https://www.ft.com/content/270d9987-9b42-4ccf-83e8-cb6fe57faab7?

Stock Market Boom Then Bust
After Milei came in, Argentina’s stock market soared (Merval index up ~170% in 2024), largely fueled by investor expectations from liberal reforms. But in 2025 it’s one of the worst-performing stock markets globally. When the mood changed due to electoral losses, political risk, and lack of social backing capital fled and stocks collapsed. 

https://www.riotimesonline.com/why-argentinas-stock-exchange-soared-and-then-slumped-in-2025/?

Political Backlash &amp; Loss of Public Support
Milei’s party took a crushing defeat in Buenos Aires province. That signaled not just a political setback but also a lack of trust in his market-first approach among voters.

https://www.ft.com/content/e16ebb2b-234a-4296-bd8a-fe874a38c721?

Dependence on External Bailouts and Support
The U.S. now pledges support; the IMF and other multilateral bodies are involved. But external cash injections don’t magically fix structural problems especially when the reforms causing disruption (cuts to social programs, deregulation, floating exchange rates) are hurting everyday people. 

https://www.reuters.com/world/americas/us-treasurys-support-argentina-gives-peso-milei-friendly-leg-up-now-2025-09-23/?

Slashing public spending, cutting subsidies, ending price controls all in the name of reducing deficits. But without social cushioning, these measures make inflation and cost of living worse for poorer citizens.

Milei lifted some controls on foreign currency and attempted to stabilize through bands but without solid reserves or public trust, this makes currency swings worse rather than better.
Investor-friendly policies that ignore inequality: Reforms favor capital flows, foreign investment, and financial markets—while causing job losses, wage stagnation, and increased social discontent.

What we’re seeing in Argentina illustrates a broader truth: pushing liberal capitalist reforms without care for social protections, without incremental implementation, and without systemic checks doesn’t yield stable growth, it yields boom-and-bust cycles, public anger, and loss of trust.",0,capitalism
1nour5p,1758664753.0,Are ‘undeveloped’ countries really undeveloped because of their own systems or because of Capitalism based imperialism?,"It feels misleading when people call countries in the Global South “undeveloped” or imply they’re poorer because their cultures, governments, or economic systems are somehow inherently worse. A huge part of why many of these nations are underdeveloped today is imperialism and colonial exploitation.

European empires extracted wealth, resources, and labor from Africa, Asia, and Latin America for centuries often deliberately undermining local industries and governance structures to keep colonies dependent. Even after formal colonialism ended, debt traps, unequal trade deals, and foreign interference kept many nations locked in disadvantageous positions.

The Congo was brutally exploited for rubber and minerals under King Leopold II, and its post-independence instability was fueled by foreign meddling.

India’s textile industry was deliberately gutted under British rule to benefit British manufacturers.
Many resource-rich African nations still face extraction by multinational corporations with profits flowing abroad.

So when someone says “capitalism made the West rich” or “socialism makes countries poor,” it’s worth asking: rich how, and at whose expense? Would these nations have been “undeveloped” without centuries of resource theft, imposed borders, and economic manipulation?",0,capitalism
1nn9tg2,1758505422.0,Crony corporatism is the end of Capitalism,"People love to dismiss corporate corruption as “crony corporatism” like it’s some separate problem from capitalism itself. But that’s missing the point: cronyism is exactly what happens when a system rewards whoever can accumulate the most power and wealth.

Under capitalism, any company or billionaire that grows powerful enough will use that power to bend the state to its will through lobbying, campaign donations, regulatory capture, or, in extreme cases, directly undermining or overthrowing governments. History is full of examples: the East India Company ruling colonies as a private empire, U.S. corporations backing coups to protect profits, or modern tech giants writing the very regulations meant to rein them in.

The issue isn’t a few “bad actors”, it’s the logic of the system. Capital naturally concentrates. Once it concentrates enough, it must defend itself, even against democracy. The only way to prevent crony corporatism is to ensure no single group or entity can amass that much power in the first place.
If resources and decision-making were divided more equally among people rather than hoarded by a tiny elite there’d be no single actor big enough to capture the state. That’s the conversation we should be having: not how to fix capitalism’s “bad apples,” but how to build an economic model that doesn’t create them at all.",2,capitalism
1nmgbih,1758421389.0,"If capitalism works for the average person, why hasn’t rising productivity translated into higher wages?","For decades now, worker productivity has steadily increased but wages for most people have stayed flat when adjusted for inflation. The extra value workers create isn’t showing up in their paychecks. Instead, those gains are going somewhere else: profits, shareholder dividends, and executive compensation.

Capitalism is often defended as the best system for rewarding hard work and innovation. But if productivity gains don’t benefit the workers creating them, how exactly is capitalism supposed to help the average person?

Is this a flaw in how capitalism functions today (e.g., corporate concentration, weakened labor power), or is this the system working as designed? And if it’s the latter why should workers support an economic model that doesn’t share the value they produce?",0,capitalism
1nmg83m,1758421098.0,Are you genuinely happy with how the world is going right now?,"I’m curious to hear from people who are strong supporters of capitalism are you genuinely satisfied with how things are turning out under our current global economic system? If not, what do you think is going wrong?

For example, the United States is considered the richest country in the world, yet roughly 1 in 3 Americans lives paycheck to paycheck. Wages for many workers have stagnated for decades while the cost of housing, healthcare, and education skyrockets. At the same time, massive corporations and billionaires are doing better than ever.

If capitalism is supposed to be the best system for creating prosperity, why does so much of that prosperity seem so unevenly distributed even in the “wealthiest” nation? Is this just how it’s supposed to work, or do you think something has gone off the rails?
",6,capitalism
1nko0c4,1758238724.0,Wages Don’t Reflect How Much Someone Improves the World,"One of capitalism’s biggest myths is that wages correlate to how much good or value someone creates in the world. In reality, the people who make society function often earn the least, while those doing socially harmful or neutral work can make obscene amounts.

Think about teachers they shape the next generation, build informed citizens, and open doors for kids. Yet in many countries, they’re underpaid and overworked. Compare that to a hedge fund manager who can make millions shuffling assets around without creating a single tangible good or improving anyone’s daily life.

Or take garbage collectors and sanitation workers. Their work literally prevents disease outbreaks and keeps cities livable, but they earn a fraction of what a marketing executive might earn for convincing you to buy another gadget you don’t need. Even care workers and nurses, who save lives every day, are often paid less than people in industries that contribute to environmental destruction or predatory finance. The gap between social value and financial reward is huge.

This mismatch isn’t a bug, it’s baked into a system where wages are determined by bargaining power, scarcity, and profit potential, not by genuine contributions to human wellbeing. If we actually paid people according to the positive impact they create, our economy would look completely different.",0,capitalism
1njy75x,1758167585.0,"Capitalism isn’t broken because it’s corrupt, corruption is how it works","People like to say, “capitalism just needs a few tweaks” or “it’s good except for the corruption.” But that’s backwards: corruption isn’t a glitch in capitalism it’s the operating system.

Capitalism rewards those with money and power for bending the rules. That’s why giant corporations can price-gouge, pollute, underpay workers, and buy politicians while small businesses get crushed by the very market forces we’re told are “fair.” It’s why mega-retailers can waste food by the ton while people go hungry, and oil companies can profit off climate destruction while the rest of us pay the cost.

In theory, competition should keep things efficient and innovative. In reality, once a business becomes powerful enough, it spends more resources manipulating markets and lobbying governments than improving products or treating workers well. Capitalism concentrates wealth until a few hands steer entire economies making “free markets” anything but free.

If democracy is the best way to govern people, why not apply democracy to the economy too through co-ops, stronger labor power, and systems that put human wellbeing over profits? Until we stop pretending the current setup is inevitable or “natural,” we’re stuck in a rigged game that serves billionaires first and everyone else last.",0,capitalism
1njshvi,1758151133.0,Coles and Woolworths: A Snapshot of Capitalism in Practice,"If you want to see what capitalism actually looks like today not the textbook “free market” ideal just look at Coles and Woolworths. Together they control around two-thirds of the supermarket market share. That level of dominance lets them shape prices, squeeze suppliers, and leave consumers with little real choice.

This isn’t healthy competition driving innovation or efficiency; it’s mega-corporations entrenching themselves, engaging in rent-seeking, and quietly hiking prices because they can. Small grocers and independent stores can’t compete with the economies of scale and supplier pressure these giants wield.

The result? Price gouging during cost-of-living crises, farmers and food producers underpaid for their work, and consumers forced to accept inflated prices. It’s a reminder that unchecked capitalism doesn’t automatically create fair, competitive markets, it concentrates power, reduces options, and prioritizes profits over people.",0,capitalism
1njsdra,1758150830.0,The “Free Market” You Were Sold Doesn’t Exist,"People love to defend capitalism by pointing to its idealized version: a perfectly competitive free market where innovation thrives, bad businesses fail, and consumer choice drives everything. But that version of capitalism isn’t what exists anywhere in the real world.

In practice, powerful corporations and billionaires have enough influence to bend markets and governments to their will. Through lobbying, regulatory capture, tax loopholes, and monopolistic practices, they manipulate the “free” market to protect their profits often at the expense of workers, small businesses, and the environment.

The system we have isn’t the pure capitalism described in economics textbooks; it’s a distorted version where wealth buys power, and power protects wealth. Pretending otherwise only serves those already on top. Recognizing this isn’t anti-progress, it’s the first step toward building an economy that serves people, not just the ultra-rich.",0,capitalism
1njsbkm,1758150674.0,Capitalism Isn’t Truly Competitive When Mega-Corporations Control the Market,"Capitalism is supposed to be about free and fair competition, the idea that the best products and services win out. But in its current state, the system is increasingly dominated by massive corporations that shape the market instead of being shaped by it.
Through lobbying, regulatory capture, and predatory practices like buying out competitors or using loss-leader pricing to crush small businesses, large corporations can tilt the playing field in their favor. They don’t just compete they influence policy, set barriers to entry, and sometimes even write the rules that are supposed to keep them in check.

This isn’t a free market; it’s a rigged one. Real competition and real innovation can’t thrive when the biggest players are allowed to manipulate the system. If we want capitalism to actually function as advertised, we need stronger regulations to prevent monopolistic behavior and ensure markets serve people, not just profits.",15,capitalism
1nj2mrw,1758080380.0,If Socialism is so good why aren’t there more co-ops?,"Co-ops do happen just not at the scale you’d notice if you’re only looking at Fortune 500 companies. Often times Co-ops aren’t about infinite growth they are about making a sustainable business that works for the workers not the shareholders. Why bother growing an onboarding more members when you could make your own business more efficient and take a larger cut?

Worker cooperatives exist and thrive all over the world:
Mondragon Corporation in Spain employs ~70,000 people across manufacturing, finance, and retail. It’s one of Spain’s largest business groups and has outperformed many traditional firms for decades.
In the United States, there are hundreds of worker co-ops (e.g., Cooperative Home Care Associates in New York employs over 2,000 workers).

In Italy’s Emilia-Romagna region, co-ops produce around 30–40% of regional GDP, supported by favorable policy and financing structures.
The reason you don’t see even more of them isn’t because co-ops “don’t work” it’s because the playing field is tilted. Traditional corporations have:
Easier access to capital: Banks and venture capital are biased toward hierarchical firms they’re familiar with, and regulations often don’t recognize worker co-ops as a standard business type.

Many countries’ tax codes and securities laws are written for conventional corporations, making co-ops more expensive or complicated to set up.
Most business schools and investors are steeped in traditional capitalist models, so workers often don’t even learn co-ops are an option or investors aren’t investing in co-ops because they aren’t exposed to that business model often enough to feel secure enough to make an investment.

Where governments level the playing field through co-op-friendly banking (like Spain’s Caja Laboral), education, or legal support worker cooperatives emerge and compete successfully. So the issue isn’t that co-ops can’t pool funds or make good businesses; it’s that capitalism’s existing structures reward concentration of wealth and power, making democratic alternatives less visible and harder to finance.",23,capitalism
1nj0y94,1758075415.0,What Capitalist propaganda have you noticed is wrong?,All throughout my life I’ve been told that capitalism is the way to go and although I do agree that it is a good system when it is run right there are some parts of the propaganda that are just outright lies. Can you think of any that you have seen?,0,capitalism
1nix51x,1758064921.0,Capitalism Isn’t the Best System for Managing Resources,"Under capitalism, resources don’t flow to where they’re most needed they flow to where they’re most profitable. That means food and water are wasted in wealthy nations or on people who already have more than enough, while millions go hungry or thirsty because they can’t afford to pay.

This isn’t an efficiency problem in terms of production it’s a distribution problem created by an unequal system. When wealth is concentrated at the top, the needs of the many don’t guide resource use. Instead, luxuries for the rich massive homes, private jets, excessive consumption take priority over basic survival for the poor.

Capitalism’s defenders often claim it’s the most efficient system, but how “efficient” is it to throw away edible food while children starve, or to pour water into golf courses while entire regions face drought? Wealth inequality under capitalism distorts the allocation of essential goods, making the system fundamentally wasteful and unjust.

If we actually want to manage our finite resources responsibly, we need an economic model that prioritizes human wellbeing over profit. Wouldn’t a system that values meeting everyone’s basic needs first be a far better use of what the planet provides?",0,capitalism
1niwxvf,1758064419.0,The “Fixed Pie Fallacy” Isn’t Really a Fallacy When It Comes to Wealth. It only applies to how much work can be done in any given economy.,"https://en.m.wikipedia.org/wiki/Lump_of_labour_fallacy

Capitalists love to say the “fixed pie fallacy” proves wealth isn’t limited. They argue that by working more efficiently, innovating, or creating new industries, we expand the “pie” and everyone can get richer. But this ignores the material reality: wealth ultimately comes from finite resources.

There are only so many forests to cut down, so much fresh water to use, so much arable land to farm, and so many minerals to dig up. Yes, we can get better at extracting and using them but every expansion of “wealth creation” comes at a cost, usually environmental destruction, worker exploitation, or depletion of future resources.

What’s called “growing the pie” is often just front-loading profit now while passing the cost down the line whether that’s climate change, poisoned water, or collapsing biodiversity. The Earth doesn’t magically replenish because GDP went up.
Wealth isn’t infinitely expandable because resources aren’t infinite. ",0,capitalism
1nivfb3,1758060603.0,Nestlé’s Scandals Prove Unregulated Capitalism Fails People,"https://utopia.org/guide/crime-controversy-nestles-5-biggest-scandals-explained/

https://en.m.wikipedia.org/wiki/Controversies_of_Nestl%C3%A9

Check out Nestlé’s track record: misleading mothers in developing countries about baby formula (claiming it’s better than breast milk), using child slave labor in cocoa farms, exploiting drought-ridden areas by bottling scarce water, dumping plastic pollution everywhere, and even draining groundwater in places already suffering severe water shortages. 

If a company this big can pull that many abuses while still raking in profits, imagine what happens when regulation is weak or absent. Without laws that force accountability, companies often prioritize profit over human wellbeing. We can’t trust “market discipline” alone because people suffering don’t have equal power or voice.

Capitalism isn’t some neutral engine of progress. It’s a game where the winners protect their profits, often by externalizing harm. That’s why we need regulations: to curb the worst abuses, enforce transparency, protect the vulnerable, and ensure that production serves people not just profit.",0,capitalism
1niqy56,1758050347.0,History is the best thing a capitalist can learn.,"Forget economics, forget philosophy, forget morals, history is where it's at. History has helped me so many arguments against commies and idiots, that it overshadowes everything else. If you're a capitalist like me and doesn't understand history, then you're missing out ",43,capitalism
1nieckm,1758020604.0,Unpaid Overtime and the “Grind” Trap of Capitalism,"Under capitalism, cost-cutting and competition create a quiet pressure on workers: do more work than you’re paid for or risk being replaced. 

Unpaid overtime becomes the norm, not an exception. People stay late or work weekends because they’re afraid of losing their jobs or missing promotions. This is visible even in the world’s richest tech firms.




When Elon Musk took over Twitter in 2022, he gave employees an ultimatum: commit to “long hours at high intensity” or take severance. Managers were warned they’d be fired for protecting “subpar” workers. All-nighters and weekend sprints became a loyalty test rather than a paid commitment. Nvidia’s CEO Jensen Huang publicly describes working from wake to sleep, and reports show staff working past midnight and on weekends. Similar stories circulate about Apple and other big players where “work like crazy” is celebrated. In practice, this often means long hours without additional pay, justified as the price of innovation.




The result is predictable: burnout, declining health, and mistrust between workers and management. It’s not that overtime itself is bad; some people enjoy intense sprints. But when extra hours are tied to fear of firing and not to fair pay, it becomes exploitation. That is the part of capitalism many people find unbearable.





Research backs this up. The International Labour Organization and U.S. Department of Labor show that paying for overtime leads to better health, lower turnover, and higher productivity.



 Where overtime is regulated and compensated, employees are more satisfied and workplaces more stable. Fair payment for time worked isn’t a luxury; it’s a foundation of fairness. Remove the threat of being fired for demanding paid overtime and you remove one of the biggest sources of fear and resentment in modern work.",0,capitalism
1ngr2hc,1757855830.0,"How exactly do capitalists profit off of the working ""class"" being wealthy?","I heard something among those lines a few times here, that the owners of the means of production profit off of the working class being wealthy, but why is that?

Doesnt a car builder make the same from selling 1000 cars at a higher price few rich people as from selling 1000000 cars at a lower price to workers?

Sorry if I'm making some basic logic mistake right here, I'm kind of confused right now",18,capitalism
1ncjb9m,1757425439.0,What comes next after capitalism?,"I'm writing a series on Evolutionary Capitalism. 

Evolutionary capitalism is about deliberate transformation — intentionally adapting capitalism into a more regenerative, equitable, and intelligent system. It doesn’t reject markets or innovation but insists they must serve people and the planet, not just profit. As AI, automation, and renewable energy unlock unprecedented possibilities, we must guide these tools toward abundance and inclusion — not inequality and control.

The articles are linked from here: [https://www.reddit.com/r/EvolCap/](https://www.reddit.com/r/EvolCap/)",0,capitalism
1nciebe,1757423150.0,Lessons,"I'm going around to subreddits and asking, in good faith, a couple of questions. 

What can the otherside learn from your side, and vice versa?

The goal is to promote open dialog and improve the sometimes toxic nature and bad will between two sides of a controversial issue.

What can Socialists learn from Capitalism? And what can Capitalists learn from Socialism?",2,capitalism
1nbbeuu,1757296820.0,r/Americaphile stands with r/Capitalism.,"Hi. I’m the creator of the subreddit, r/Americaphile, I’m posting this here because I want to be clear. There are not a lot of subreddits that are openly pro capitalist. Those that are are usually ran by 12 year old ancaps who know nothing about economics. Know the discussion of capitalism is not the main purpose of my subreddit, but it does have a lot of similar values. Especially regarding economics. All of 525 us at my subreddit value the same politics which wouldn’t be possible if it weren’t for the economic system that runs the world. Capitalism. Thank you for listening. ",21,capitalism
1nas7q3,1757249006.0,Capitalism is the most moral system in the world and yet need the least amount of moral to work properly,"
But the beauty of capitalism is we do not need to be moral. 

My sellers of TV doesn't need to be moral. If he sent me different products i will complain to Tokopedia court that govern our trade. I don't need to be moral. If i don't pay nothing get sent. Tokopedia doesn't need to be moral. If the system is unfair it losts customers.

Democracy, sosialism, normal governments, often just get in the way preventing capitalism from working. 

Silkroad doesn't need government. Yet it works fine. Governments get in the way. 

People can vote irrelevant of economic contribution, investment,and land ownership under democracy. So? So they end up being bombed flat in Gaza.

If buying their land means you can't rule the land it's cheaper to just drive people out of their land. 

Most people have corrupt governments and the poor suffer often precisely because they can vote. 

Simple mutually beneficial trades would have made the whole scenario win win. Outside capitalism, we only have chaos and suffering. 

Not that we are immoral. Decades of market discipline where we get what we want when we offer values make capitalists the most moral people in the world. 

But we don't need to. Even if we hate each other, the system works anyway. 

All we need to do is to extent similar principles to governments and reproduction and we will see moral as nothing more than a crutch when proper alignment of profit to economic productivity aren't quite up there. 

Replace governments with private cities. Replace marriage with sugar relationship. Let the market take care of everything. Let the chips fall where they may.",31,capitalism
1na946h,1757188532.0,Being against free collage and healthcare is just associal and barbaric,"Yes, it might be less efficient and yes,  people might have to wait a while for non lethal care but not having public healthcare is simply barbaric. It's 2025, why on earth should someone have to take (sometimes generational) debt to - survive? Just because YOU can't pay 15% or so of your income so that everyone can stay healthy? That's just ignorant.
By the way, I'm saying all of this as a hard defender of capitalism in a 1st world country with public healthcare.
I couldn't be prouder and gladder for that.

I think with collage it's a BIT less dramatic, but still: why doesn't a poor person have the right for such important education? 

Seriously, it's 2025; free health and education isn't socialist, it's civilized.",0,capitalism
1n9fx0b,1757103672.0,2 questions about Capitalism,"Hello, I'm know very little about economics and I'm trying to expand my knowledge on the topic. I do consider myself culturally right wing but I am not a committed capitalist or socialist.

**Question 1:** 

Socialists often say that profit is theft. I found an example of this argument earlier today on a socialist subreddit:

*""I work at a lamp factory. I make 10 lamps an hour. These lamps sell for $10 each.*

*So, I've produced $100 worth of lamps.*

*1) I get paid $15 an hour. There is $85 left of that $100.*

*2) The factory owner needs $50 of that to fund general operation of factory. This includes paying himself a breakeven wage that's compensatory to his labor. We're down to $35.*

*Right now, the owner will pocket that $35 as profit. That $35 is what is referred to as ""theft"" since I made it and didn't get it, and it isn't used to fund anything.*

*Even if the factory owner sold these lamps for $12, and paid me an extra $5 an hour, there is still money I made being taken as profit.""*

How would a capitalist critique this argument?

**Question 2:** 

Who is the best Capitalist philosopher, someone who in your view easily debunks someone like Karl Marx? I see people cite Ludvig Von Mises, Murray Rothbard, Milton Friedman, Hans Hermann Hoppe, and Jason Brenann. Any others I should be aware of?",2,capitalism
1n9drdh,1757098555.0,Does anyone watch The Capitalist Corner podcast?,I recently (in the past two months or so) started watching and I've found it really interesting. They're really small still and I was curious if anyone else had seen/heard of it.,1,capitalism
1n8jq0f,1757014177.0,Electronic Arts Spruns the Consumer Benefits of Capitalism,"Capitalism is a one-way street for Electronic Arts.

A clear example of a corporation 'operating in the framework of' and benefiting from capitalism while at the same time avoiding the consumer benefits of capitalism.

EA continues its blatant refusal to have competition in the marketplace.",1,capitalism
1n8hjni,1757009205.0,Socialism is systemic domination...,"Socialism is systemic domination masquerading as liberation. It is the ideological superstructure of a ruling elite, reproduced through institutional capture and hegemonic control of culture. Its praxis is not emancipation but indoctrination - disciplining the young through schools, universities, and media into a closed loop of obedience. It is a totalitarian pedagogy: manufacturing consent, erasing dissent, enforcing conformity to the central plan.

Capitalism is not an ideology but the absence of one - it is lived freedom. It requires no commissars, no bureaucratic chains of command, no state-engineered redistribution. It is the horizontal network of voluntary exchange, the organic dismantling of imposed hierarchies, the refusal to submit to authoritarian re-socialisation. Where socialism entrenches systemic oppression through collectivist control, capitalism is the radical decentralisation of power to individuals. It is autonomy in practice, liberty embodied, the only true deconstruction of hierarchy.",22,capitalism
1n83ruq,1756971397.0,Socialism doesn't make everyone equal. It makes everyone equally poor,"I will never in a billion years understand the audacity of socialists, who thinks they bring any value to the society. Every single socialist will immediately turn into a capitalist the moment they taste the sweetness of money. 


This whole construct of saying that WE WANT EQUALITY FOR ALL and FUCK THE RICH is so insanely idiotic that it's downright laughable. And if the youth of a nation is banking on this ideology and putting it forward in the political economy , then God bless the country, cause that country is going to shit or worse....'Venezuela'. 


And if you are an American and promoting socialism then you are the dumbest group of human beings ever. America would be a third world failing nation if it was a socialist country. But instead it is the biggest success story in the world. You know why?  Cause America identified itself not as a COUNTRY but as a BANK for the world. It became the poster image for Capitalism. It gave people the assurance , that here in America you can do whatever you want , be whoever you want. That here in America your hardwork will be rewarded and if you work harder than others , you will have a better life than others. And you will deserve it. That's why so many talented immigrants from all over the world came to America to contribute in it's economy.  That's why so many businesses flourished in America. So many people, both rich and poor tried to ride the wave of entrepreneurship and many succeeded. That's why young high school teenagers are starting businesses now. Because they have the assurance that if they work harder than others they will have a better life than the others, they will be richer and more successful than others. That's what motivates people more than anything. That's why we see so much research and development.  So many new products in the market. The everlasting inspiration of people coupled with their unwavering dedication is a direct byproduct of capitalism. Socialism wants to take all of that away , put it in a box and dump it at the bottom of the Bermuda triangle. 


So now we have no more inspired people. No more entrepreneurship.  No dedication to do better. No more research and development. No more people who are driven to create new markets. Everyone's a boring salaried worker , working for the government. Government owns everything , and has the ultimate power. 
But I guess we solved homelessness,  right? right ?",89,capitalism
1n82a9d,1756965688.0,The best system,"Capitalism isn't perfect, but at least no capitalist nation had to build walls to seal our people in. Socialist countries do. People flee Cuba to get to the US. People risked a bullet to escape East Germany. Tens of thousands have risked death to escape North Korea to reach the south. ",19,capitalism
1n52bx9,1756665301.0,If capitalism isn't bad explain robber barons...,Robber barons are now back today we just call them billionaires. Go ahead love to hear you defend a system that this is the end result.,0,capitalism
1n2e9s2,1756392475.0,Truth: America was founded upon Anti-Capitalist movement: The Boston Tea Party,"…which destroyed the private property of a giant multinational corporation: East India Company.

Colonists were sick of that giant corporation profiting at their expense. 

It was not about taxes as they would have you believe. It was about rising up against big parasitic capitalistic corporations.",0,capitalism
1n1quw7,1756323454.0,"There can’t be heroes in Capitalism. Because being selflessly heroic is unprofitable, maybe even “stupid.”",Because being selflessly heroic is unprofitable. ,0,capitalism
1n0bybw,1756180888.0,Every Reply = Exploitation by Socialists™,"According to Marxist logic, labor creates value, and exploitation occurs whenever someone appropriates the surplus value of that labor.

Now let’s apply that lens to Reddit™. Every user here is a content creator. By signing up, we all agree to hand over basically [all rights to our posts, memes, and hot takes to Reddit Inc.™](https://redditinc.com/policies/user-agreement), who in turn monetizes that user-generated content via **advertising**, the archvillain of all socialist nightmares.

So here’s the hilarious contradiction:

* Reddit socialists rant about capitalist exploitation...
* On a **for-profit** capitalist platform...
* Built on **free labor,** they voluntarily provide...
* That **commodifies their engagement** to attract advertisers...
* While they **seek upvotes** (personal gain) and **exploit others' time and responses**.

That’s right. Every upvote, every reply, every “gotcha” comment is just another cog in the **Reddit capitalist profit machine,** and **socialists are doing it for free** (according to many of their beliefs).

Socialists are not here resisting capitalism. Socialists are on this sub **fueling it**.  Socialists are active exploiters.  If socialists were *truly* against exploitation, then where are their socialist alternatives that don't exploit the people that put in the work and to maintain the social media platform? Where are their anti-capitalist open-source social media platform *run by the workers and why aren't they there supporting those workers?*

**Conclusion:** Every reply = exploitation by socialists™

Thanks for the free labor, comrades.  [I'm loving it!](https://youtu.be/LCcHrDMsfDg?si=UD4laqvYny6oZ2A_)

(note: This is dedicated to you ever so special socialists on here that are so reasonable and are so good faith!)",22,capitalism
1n06hvn,1756165354.0,How good of a capitalist is Warren Buffet if he sold Diabetes in cans and destroyed the health of fellow Americans?,Is he a pretty good Capitalist? ,0,capitalism
1mzjx8a,1756106606.0,What's Capitalism?,"I would appreciate if you would use simple terms! That would be great, thank you.",7,capitalism
1my81m6,1755971308.0,How would a pro-capitalist rebuke this?,The thesis is: Capitalism doesn’t lead to the benefit of society,0,capitalism
1mxj8pa,1755898660.0,"Modern day nationalistic conservativism you see online like ""America First"" is nothing more than a grift thats doomed to fail because it directly contradicts true American culture","What is true American culture?

It can be summed up in one word. Cash.

Like it or not, American culture is rooted in building wealth through free market capitalism. If you’re trying to generate as much money as possible in the limited time you have, you care about one thing: delivering the best product or service at the lowest labor cost. That’s the game.

This is why the “hire Americans at any cost” crowd is delusional. Meritocracy doesn’t care about nationality, it only cares about results. If someone can do the job faster/cheaper, and at higher quality, they’ll get the job in America, period. Why? Because America wants to make money. The irony is that the same people shouting “hire Americans” will cheer and invest when a public company reports record profits regardless of where their labor force is sourced from because higher profits mean higher stock prices, and they want to cash in too.

No serious American business leader competing at the highest level is going to shrink their talent pool to only U.S.-born workers. That’s a quick way to get crushed by competitors who don’t handicap themselves with such nonsense. If Company A has two candidates with proven equal skills but one comes at a lower labor cost, guess who’s getting hired? The cheaper candidate. That’s also meritocracy.

Forcing businesses to hire only Americans while preaching meritocracy at the same time isn’t just misguided, it’s hypocrisy. These people are pushing two completely contradictory ideas and are too uneducated to realize it.",0,capitalism
1mvnrbh,1755716068.0,Why do capitalists and drug dealers use the same tactic: free trials?,"Or deeply discounted rates, which is essentially the same thing, at the start? 

Does this mean capitalism is inherently predatory and preys on people’s tendency to be “hooked on”? ",0,capitalism
1mv0t20,1755651691.0,The Average Socialist on r/capitalism these days...,[The Average Socialist on r.capitalism these days...](https://imgur.com/a/I3bye9u),53,capitalism
1mtzdbx,1755553014.0,How could a capitalist society thrive with AI doing the work?,"I was talking with friends about the looming threat of AI replacing humans. My friend is a copywriter and a position was already eliminated in favor of “using Copilot instead”. Software engineers can use AI to build apps in seconds.

If AI bots were able to do these types of jobs for us. What would happen to the humans? Ideally we could have time to do more creative/leisurely things and I don’t know, live life. But would, say, the US ever be able to accommodate such a society?

Serious answers only. I’m interested to hear perspectives on how an economy could possibly thrive with AI doing corporate jobs like marketing, finance, software development, admin, customer service, etc etc.",0,capitalism
1mtodnu,1755529033.0,Blood line capitalism reducing noise toward mutual prosperity,"
TL;DR

Bloodline capitalism is the idea that rewarding productive people through inheritance and reproductive freedom makes sense not just at the individual level (property rights), but at the bloodline level (productive genes get to multiply). It complements individualist capitalism by cutting through politically incorrect debates about psychology and showing more clearly why inheritance and reproductive freedom are fair.


---

Bloodline Capitalism and Libertarianism

Do you think the idea of bloodline capitalism (or bloodline libertarianism) is compatible with normal individualist capitalism?

Richard Dawkins argued in The Selfish Gene that organisms themselves aren’t “selfish” — it’s genes that are. Parents sacrifice and work hard for their children because, at the genetic level, what matters is reproduction. Genes “want” one thing above all else: to replicate.

That gave me an idea. If genes are selfish, why only think in terms of rewarding individuals? It’s simpler to ask:

👉 Do the genes that produce more economically productive people get to reproduce more?

Both economic productivity and reproductive success are objectively measurable outcomes. Using objective measures helps cut through a lot of the usual philosophical noise.

Now, is this compatible with individualist capitalism? In most cases, yes. But defenders of individualism often end up leaning on psychological assumptions — many of which are true but politically incorrect — which leaves a lot of room for critics to attack libertarianism.

That’s why I think bloodline capitalism is a good complement: it helps test whether a policy leads to long-term prosperity of the species.


---

How the Two Frameworks Compare

Individualist capitalism says:

People should own what they earn.

They should be free to contract, trade, marry, and pass on wealth however they want.

Inheritance is fair because Bob earned it, and Bob has the right to decide what happens to it.


That’s a strong defense. But critics push back: “Inheritance doesn’t motivate productivity — it just makes some kids rich by luck of birth.”

The individualist reply is: parents love their kids and want them to be well-off, so they work harder. True — but it relies on evolutionary psychology: we’re wired to be happy when we have kids, sad when family dies, proud when children succeed. That’s harder to argue openly in today’s politics.

Bloodline capitalism simplifies this:

Parents and children aren’t just random separate individuals — they’re the same bloodline.

Inheritance is fair because rewarding a productive parent means rewarding the bloodline that produced wealth.

Productivity is reinforced because productive people literally create more people like themselves.


In other words, under bloodline capitalism, the purpose of rewarding productivity isn’t just to motivate Bob as an individual. It’s to ensure productive lineages expand. Startups and innovation multiply not only because founders want money, but because successful founders tend to have more children — and more children with the traits to build wealth.


---

Policy Implications

This lens also makes laws like monogamy restrictions and punitive child-support rules look especially unfair. They cap the reproductive potential of productive lineages, the same way government capping a business at one store would stifle growth.

From an individualist perspective, libertarians already object — government shouldn’t control marriage or reproduction. But critics then raise the sticky question: “What about the child who never consented to be born?”

Bloodline capitalism resolves this more cleanly. The child isn’t a random third party — they are the same bloodline. As long as the child is raised with basic wellbeing, the fairness argument is satisfied. No child ever consents to birth, whether in monogamy or otherwise.


---

The Key Difference

Individualist capitalism defends inheritance, reproductive freedom, and meritocracy on the grounds of property rights and choice.

Bloodline capitalism defends the same things on the grounds of lineage fairness and long-run productivity. Whoever creates wealth productively gets to expand their bloodline — ensuring more productive people exist in the future.


Both frameworks converge on the same policies: freedom of contract, inheritance, no government interference in marriage or reproduction. But the bloodline framing makes the logic simpler and harder to attack. Instead of messy debates about psychology or happiness, it just says: reward productive bloodlines so they multiply.


---

👉 So my question for libertarians: Do you see this bloodline capitalism framing as a useful complement to individualist capitalism? Does it strengthen the case for inheritance, reproductive contracts, and freedom from marriage regulation? Or is it risky to frame liberty through lineage rather than just the individual?

",0,capitalism
1mq1hdp,1755179982.0,Why is capitalist Israel allegedly starving children of Gaza?,"That is what I hear on the news. Could be just left wing propaganda in the capitalist world, right? But let’s say it is somewhat true: capitalist Israel is starving children of Gaza as we speak. Why would a capitalist country do that? I thought only socialists starve people.",0,capitalism
1mpaucx,1755106182.0,"If you’re a fan of capitalism under capitalism, odds are you’ll be a fan of socialism under socialism.","Human nature rarely change. The sheep blindly follow wherever the current fashion leads them. It is so convenient to sing the praise of capitalism under capitalism as would be singing the praise of socialism under socialism. 

On the other hand, inquisitive people like me who question capitalism now will likely be questioning socialism under socialism. Because it is in my nature to question. ",0,capitalism
1momp3f,1755036722.0,Does capitalism exist today?,"I take capitalism to be a system in which the government does not coerce its citizens, e.g., via taxes or regulations. If that's right, then capitalism doesn't exist today in the United States. Far from it.",1,capitalism
1mnx8vo,1754967112.0,Why do American Capitalists accuse Chinese of stealing intellectual property? Is that pot calling the kettle black?,"Aren’t the Chinese simply playing by American rules? Taking stuff that don’t belong to them? You could even say Chinese are going about their way in a much better way: peacefully. Unlike Americans who used force, maybe even genocidal war, to take natives’ land. ",0,capitalism
1mntxwk,1754958020.0,What is Socialism?,"I’ve learned a lot about capitalism and seen that although many flaws it’s still effective compared to the ideologies many countries out there follow (I have limited knowledge of this subject). I’ve also learned tons about communism, fascism, dictatorships and all that. But I never did learn about socialism and I always see people now stating how socialism might be better than capitalism and I never really got to know why. But I really want to know from your guys’ perspective on what socialism is and if it is effective in your opinion. ",7,capitalism
1mn5hs2,1754893268.0,Specialization(&amp;competition) which markets you choose to participate in-how or why,"I don’t want to and I know lots of others do not want to participate wholly in capitalism- the market of competition of ~8billion people.

Instead we choose a few markets that we actually do intentionally specialize and compete in. I feel like I missed this and no one older than me taught me their personal philosophy on how to choose which markets to participate in- surely it is not efficient to participate in so many but overconsumption people do so much.

Of course for some it is just to survive, but by choice ideally I’m not working for let’s say an overseas lighting company as I’m certainly never going to see the results of my real life impact on the world and it is completely detached from my lived experience of life.

",2,capitalism
1mmulj0,1754861067.0,Why don’t capitalists establish capitalism in their own families?,Are their own families too precious to be exposed to capitalism?,0,capitalism
1mm0sou,1754774860.0,"What are the strongest capitalist refutations of Marx? I asked a similar question on r/askSocialScience and got mainly non-answers, so I’d like to know if asking here would be helpful",Thanks,14,capitalism
1mlw37n,1754762963.0,Would American Capitalism have worked without the immense “free” land of the new world and its accompanying resources?,I don’t think so. Try American Capitalism on Easter Island. So American Capitalism is integrally tied to the immense land and resources that was basically taken for “free.” Aka via the demented communistic way. ,0,capitalism
1mlfup5,1754711560.0,Capitalist countries are generally parasitic,"It’s misleading to say “capitalist countries are richer because capitalism works better” without talking about how those countries got that wealth. For centuries, the richest capitalist nations have acted like parasites on the rest of the world extracting resources, exploiting labor, and undermining governments that don’t play by their rules.
Take the USA as an example. It’s often held up as “proof” that capitalism works, but its dominance is built on a long history of imperialism. When countries like North Korea or Cuba tried to pursue alternative economic systems, the U.S. didn’t just “compete” in the marketplace it actively sabotaged them. North Korea was bombed into rubble during the Korean War (with more bombs dropped than in the entire Pacific theater of WWII) and then isolated economically for decades. Cuba was hit with one of the longest and harshest embargoes in modern history, designed explicitly to strangle its economy and pressure political change.

And this isn’t just an American habit. England’s industrial rise was fueled by draining wealth from colonies like India. At the height of the British Raj, India’s economy was systematically de-industrialized and its resources extracted, with policies that caused repeated famines famines that were not the result of natural scarcity, but of economic structures designed to benefit Britain at India’s expense.

When you crush, isolate, or drain nations that try a different path, of course capitalism looks like the “winner.” But that’s not a fair competition it’s the result of one system using overwhelming military, economic, and political power to prevent alternatives from having a fighting chance.

If capitalism really is the superior system, why has it so often relied on conquest, exploitation, and sabotage to stay ahead?

",0,capitalism
1mla4ld,1754694944.0,The Losers in Capitalism. Who are they?,Are they the low-income people who can barely afford to rent shitty 1 bedrooms in their 50s? ,0,capitalism
1ml91h9,1754692089.0,Why is the United States capitalist even though it publicly owns land and expropriates land like all socialist countries?,"It's a fact that the US State owns public land and expropriates the private property of others; every country in the world does this. Based on these facts, why should i believe the United States is capitalist and not a socialist country like China and North Korea?
No country today is 100% capitalist because all of these states own public land and continue to expropriate their citizens' private property. Why do some people believe there are capitalist countries today?",0,capitalism
1ml5vs8,1754684305.0,"Why is this sub less popular than r/socialism, r/marxism, or r/capitalism vs Socialism?",I feel like this sub should be just as popular but isn’t. Do you think more people are interested in socialism than capitalism?,29,capitalism
1miptex,1754438926.0,Capitalism Is Why So Many Harmful Drugs Became Widespread,"One of the most overlooked consequences of capitalism is how it incentivizes the mass distribution and normalization of addictive, harmful substances all in the name of profit. Many of the most damaging drugs in society today didn’t spread in spite of capitalism, but because of it.

Take alcohol: alcohol companies have lobbied governments for decades to prevent stricter advertising rules, resist health warnings, and influence tax policy. Despite alcohol being linked to over 3 million deaths globally each year, it's glamorized in movies, sports, and celebrations often directly because of corporate marketing campaigns.

Then there’s cigarettes. Tobacco companies knew for decades that smoking caused cancer, but they buried the data, paid for fake science, and used psychological manipulation to make smoking seem cool, mature, and desirable. They intentionally targeted teenagers and even made ads that reached children. All of it was legal because they had the money and political influence to shape the rules in their favor.

Or consider OxyContin, a highly addictive opioid aggressively marketed by Purdue Pharma in the 1990s and 2000s. They claimed it wasn’t addictive, bribed doctors, and targeted low-income areas sparking an opioid epidemic that has killed hundreds of thousands. Again, this wasn’t a mistake it was a business model.

This is what capitalism does when there are no strong counter-forces: it prioritizes profit over human wellbeing. If addicting people increases revenue, corporations will do it and spend billions lobbying governments to protect that revenue. These companies didn’t just sell drugs they engineered demand, misled the public, and profited off human suffering.

We need to ask: is a system really “free” if people are being manipulated into addiction? Is a market “efficient” if it produces record profits for drug manufacturers while destroying communities?

Capitalism didn’t just fail to prevent these crises it actively enabled them.",0,capitalism
1mipbxg,1754437641.0,A Majority of Companies Do Evil And It’s Time We Stopped Pretending Otherwise,"Let’s stop pretending that most major corporations have our best interests at heart. Profit, not public good, is their guiding principle and history shows this again and again.

Big Tobacco knowingly lied for decades about the harms of smoking. Even after internal documents proved they were aware of the links between cigarettes, cancer, and addiction as early as the 1950s, they continued marketing cigarettes as safe, even using doctors in ads to sell them. Their greed cost millions of lives globally, and they only faced consequences when whistleblowers and lawsuits forced the truth out.

Nestlé has an extensive track record of immoral behavior. From aggressively marketing infant formula in impoverished countries (causing malnutrition and deaths when mothers used unsafe water or overly diluted formula) to being repeatedly accused of using child labor in their cocoa supply chains this is a company that prioritizes profit over basic human rights. And despite all the PR, very little has changed.

Nike built its empire in part through exploitative overseas labor. Reports of sweatshop conditions, child labor, and workers earning far below living wages surfaced throughout the 1990s and early 2000s. Although Nike responded with some reforms, many of the same problems persist today in different parts of its supply chain, just with more sophisticated PR cover.

Amazon is a modern tech giant built on hyper-efficiency and exploitation. From union-busting tactics and horrific warehouse conditions, to pushing delivery drivers into unsafe, exhausting work schedules they’ve repeatedly chosen profits over people. Their dominance also crushes small businesses, leaving fewer and fewer viable alternatives for both consumers and workers.

These are not outliers. These are some of the world’s most powerful and ""respected"" companies and their track record shows a repeated pattern of abuse, cover-ups, and profit over human welfare.

The truth is, when profit is the overriding objective as it is in capitalism evil isn’t a bug, it’s a feature. If companies can get away with something immoral and it increases shareholder value, history shows they will likely do it. And until we stop measuring success solely in profit and GDP, nothing will change.

So let’s ask ourselves honestly: if this is what “successful” companies look like, what exactly are we defending?",0,capitalism
1mi0o40,1754371436.0,"Most companies aren’t trying to improve your life they’re just trying to make a profit, and that often means making life worse for others.","Let’s be honest about something we all know but rarely say out loud: the majority of companies aren’t in business to make your life better. They’re in business to maximize profit. If improving wellbeing happens along the way, great but if hurting people is more profitable and they can get away with it, many will absolutely take that route.

Think about how the diamond industry manufactured the entire idea that you need a diamond ring to get married. That wasn’t a cultural tradition they literally created it with advertising. Now millions of people feel pressured to spend thousands of dollars on something with no inherent value, mined under often horrific conditions. That’s not value creation. That’s manipulation.

Or take the companies that spent decades lying about the effects of lead in paint, gasoline, and water pipes knowing full well it poisoned people, especially children. Why did they do it? Because pulling lead out of production would hurt their bottom line. Entire generations were harmed just so executives could protect quarterly earnings.

These aren't rare, isolated cases. They're patterns in a system where maximizing profit is the main goal, and everything else health, safety, truth, long-term sustainability is secondary, if not a nuisance.

This isn’t to say every company is evil or that innovation doesn’t happen under capitalism. But we should stop pretending the system naturally aligns with human wellbeing. It doesn’t. That’s why people fight for consumer protections, regulations, and public oversight.

Without external pressure, most companies won’t act ethically they’ll act profitably.",0,capitalism
1mi0m2f,1754371242.0,Regulations aren’t anti-capitalist they’re essential. Just look at how cigarettes were once advertised as “non-addictive.”,"One of the biggest misconceptions I see around here is that any form of regulation is somehow an attack on capitalism. But the truth is, capitalism without some guardrails just leads to exploitation, misinformation, and preventable harm.

Take the cigarette industry as a prime example. For decades, tobacco companies advertised cigarettes as “safe,” “healthy,” and even “non-addictive.” They paid off doctors, suppressed internal research, and knowingly pushed a product that caused cancer and addiction all in the name of profit. It wasn’t until regulations stepped in forced warning labels, banned misleading ads, limited youth marketing that public health began to improve.

That’s not a failure of capitalism because regulation happened that’s a case of regulation saving capitalism from its worst tendencies. The market alone didn’t fix it. Companies profited from lying as long as they legally could. It took government intervention to protect consumers.

Regulations aren’t about controlling every aspect of the market they’re about making sure the pursuit of profit doesn’t come at the cost of public health, safety, or human dignity. When done right, they create a fairer playing field, more trust in the system, and long-term sustainability.

Without them, capitalism eats itself.",1,capitalism
1mi0kn1,1754371114.0,"A majority of drug addiction especially to opioids like OxyContin and fentanylis a direct result of capitalism, not personal failure.","A lot of people talk about homelessness and drug addiction like they’re just personal tragedies or cultural failures. But let’s be honest: a huge portion of the opioid epidemic, which has devastated entire communities and killed hundreds of thousands, is a direct outcome of how capitalism operates.

OxyContin wasn’t just some accidental over-prescription. Purdue Pharma knew it was addictive. They deliberately downplayed the risks, lied to doctors, funded biased research, and used aggressive marketing to push it on patients all to maximize profits. That’s not an accident; it’s capitalism doing what it does best: turning human suffering into a revenue stream.

When people got addicted and cut off from prescriptions, they turned to the street heroin, then fentanyl because withdrawal is hell and alternatives were scarce. And what did the market do? It filled that demand. Cheap, potent fentanyl flooded in because it’s highly profitable. The result? Overdose deaths skyrocketed. Again capitalism efficiently supplying a deadly demand.

This wasn’t some natural disaster. It was a corporate-driven public health catastrophe. The logic of profit dictated every stage: create demand, deny harm, externalize the damage to society, and cash in.

Yes, addiction is complex. But to ignore how capitalism manufactured and monetized this crisis is to ignore the root of the problem.",0,capitalism
1mhyva9,1754365564.0,It's an absolute disgrace that we're projected to have a trillionaire by 2027 while homelessness still exists,"How can anyone look at a system where one person is on track to accumulate a thousand billion dollars while tens of millions struggle to meet basic needs and still claim it’s working as intended?

Capitalism has produced astonishing technological advancements and immense wealth, but it’s also created a world where housing, food, and healthcare are commodified luxuries for some and unattainable for others. The fact that homelessness, hunger, and poverty persist in the richest societies in human history isn’t just a bug in the system it’s baked into the logic of profit over people.

A trillion dollars is more than any one person could spend in multiple lifetimes. At some point, the accumulation of wealth becomes an exercise in hoarding power, not rewarding innovation. And when that power comes at the expense of human dignity like people sleeping in tents while luxury skyscrapers sit half-empty it's hard to argue we’re living in a just or rational economy.

We need to ask ourselves: What is the actual purpose of an economic system? If it’s not to ensure that everyone has a roof over their head and food in their stomach, then who exactly is it designed to serve?",1,capitalism
1mho0ab,1754337587.0,My Worldview (AnCap-Aligned but Different),"My Worldview (AnCap-Aligned but Different)

I align with anarcho-capitalism in spirit — but I take it further. I don’t just want to abolish coercive states. I want everything run like a business — even governance, reproduction, and consent.


---

1. Everything should be explicitly transactional.

The more valuable something is — sex, labor, loyalty, or childbearing — the more important it is to make terms explicit. Ambiguity breeds scams. Markets create clarity.


---

2. Everything should run like a business — including governance.

Some ancaps want no rulers. I want competitive rulers with skin in the game — city-states like Prospera, Liechtenstein, or Dubai. Treat citizens like customers or shareholders. Let governance be opt-in, profit-driven, and subject to market exit.


---

3. I assume the worst in people — and design around it.

If a system depends on people being moral, it’s broken. If it works even when people are selfish, it’s antifragile. Uber and eBay don’t need virtue — they make cheating unprofitable.


---

4. Capitalism is moral because it doesn’t rely on morality.

It works without asking people to be good — only self-interested. That’s why I want to extend market logic to everything else: law, love, education, sex, parenting, and welfare.


---

5. Libertarianism shouldn’t be sold as a moral crusade.

That’s a losing frame. Sell it as performance. Market-based systems produce more wealth, choice, and happiness. And when they’re voluntary, no one needs to be “saved.”

If the extra profit from capitalism is shared with voters and rulers in ways that encourage them to vote for more capitalism, then we get more capitalism.
Competition among states will keep that redistribution minimal.

Dubai’s king is rich. So is Liechtenstein’s prince — and their voters. And they’re more capitalist than the regions around them.


---

6. Consent is structural, not spiritual.

Consent isn’t about warm fuzzies — it’s about options, reversibility, and enforceable terms.

True consent exists when:

Deals are explicit and divisible

Scams are punished or impossible

Alternatives are not banned by the state


That’s why I don’t view alimony, child support traps, hookup culture, or state-run schools as truly consensual.
When better options are banned, “choice” is an illusion.


---

I don’t want a better class of people.
I want a better class of systems — where even the worst people behave because they have to.
That’s the real promise of markets.
",0,capitalism
1mh0l0h,1754271369.0,What Should the Purpose of an Economic System Be?,"Genuine question for everyone here:
What should the purpose of an economic system be?

Should it aim to maximize individual freedom?
Raise living standards across the board?
Encourage innovation?
Prevent poverty and exploitation?
Ensure stability?
Support democracy?
All of the above?

And once we have an idea of what an economic system should do, the next question becomes:

Does capitalism actually achieve those goals
or does it fall short?

For example:

-If the goal is freedom, is it real freedom when many people have no real choice but to sell their labor just to survive?
-If the goal is prosperity, how do we square that with extreme inequality, cycles of boom and bust, or the way many essential workers are paid poverty wages?
-If the goal is innovation, what do we do about planned obsolescence, monopolies, and the fact that much of today’s innovation is funded by the state (but profits privatized)?

This isn’t meant as a “gotcha”’I just think it’s worth clarifying what we’re aiming for before we can say whether capitalism or any other system is doing a good job of getting us there.

Curious to hear your thoughts. What should an economic system prioritize? And does capitalism meet that standard?",0,capitalism
1mh0j1j,1754271205.0,Anarcho-Capitalism Might Be the Dumbest Idea Ever Invented,"Anarcho-capitalism imagines a world where there's no government no laws, no public services, no democratic oversight just private property, private security, and private profit. In theory, it claims to offer pure freedom. In reality, it would be a living nightmare.

Without a state to enforce basic rights and provide public infrastructure, the only law is the dollar. Whoever owns the most land, guns, and guards gets to write the rules. And no, private “voluntary contracts” won’t save you when you're negotiating rent or healthcare with billionaires and megacorps who literally own everything.

This isn't hypothetical
it’s been tried. Company towns in the 19th century U.S. were mini anarcho-capitalist regimes. Workers paid in company scrip, forced to live in company housing, shop at company stores, and banned from organizing. If they complained? Fired, evicted, blacklisted, or worse. Zero state oversight meant zero rights.

Or look at failed states like Somalia post-1991: no government, just warlords, militias, and “voluntary” protection rackets. That’s not freedom. That’s organized chaos.

Even today, where regulation is weak, you see what happens: Amazon workers peeing in bottles, insulin marked up 1,000%, climate disasters ignored for profit. Imagine that, but with no recourse because under anarcho-capitalism, there's no OSHA, no FDA, no EPA, no public courts. Just pay-to-play arbitration and armed private guards.

Capitalism needs guardrails to work rules to protect workers, consumers, and competition. Without that, it doesn't create freedom. It just hands all power to whoever already has the most capital. That's not a free society. It's high-tech feudalism.

Anarcho-capitalism is the political equivalent of removing the brakes from your car because you think stopping is “coercion.” It’s not liberty it’s lunacy.",0,capitalism
1mgyvzk,1754266447.0,What do you think about Anarcho-capitalism (ancap)?,"I am sort of right leaning anarchist and I had heard of ancap a bit but really never got any great explanation and thought about it. Some called it ""far right capitalism"" and some ""Group of believers"". Can Reddit tell me about it and your thoughts about it? (Sorry if my English is bad as it is my third language)",1,capitalism
1mgwoav,1754260429.0,"Without Regulation, Capitalism Creates Consolidated Power and a Hellscape for Everyone Else","Capitalism doesn't naturally trend toward healthy competition it trends toward consolidation. Over time, the biggest firms dominate their markets, not just by being efficient, but by buying up competitors, manipulating laws, lobbying governments, and erecting barriers to entry.

Left unchecked, capitalism leads to:

-Monopolies and oligopolies that dictate prices and wages
-Suppressed labor rights due to weakened worker bargaining power
-Massive wealth inequality, where a tiny elite owns everything
-Political capture, where corporations write the rules of the game
-Crushed innovation, since small competitors can’t survive long enough to grow

This isn't just theory—it’s history. Look at the Gilded Age, or today’s tech giants. Without robust regulation, capitalism devours competition, extracts as much as possible from labor, and strips the planet bare for short-term profit.

If you want capitalism to be functional not dystopian you need:

-Strong antitrust enforcement
-Labor protections and union rights
-Progressive taxation and redistribution
-Environmental rules that preserve the commons

Markets are tools, not gods. Without democratic guardrails, they won’t produce freedom or prosperity for most people just concentrated power for a few.",0,capitalism
1mgd2fm,1754205536.0,Why Capitalism Without Oversight Leads to Exploitation and Unsafe Workplaces,"One of the biggest myths in capitalism is the idea that “the market will regulate itself.” But history shows us that when capitalism is left entirely to its own devices without government regulation or worker protections it doesn’t lead to freedom or fairness. It leads to exploitation, danger, and dehumanizing work conditions.

Just look back at the early days of industrial capitalism. Children were working 12–16 hour days in coal mines. Factory workers lost limbs or lives in completely preventable accidents. Companies dumped toxic waste into rivers and paid nothing to the communities affected. Why? Because it was profitable, and there were no laws saying they couldn’t.

Under pure, unregulated capitalism, there’s no incentive for companies to provide safe conditions unless it benefits the bottom line. If cutting corners on safety, wages, or hours increases profits, then competition rewards that behavior. The “invisible hand” doesn't care if a worker dies on the job—as long as the company still turns a profit and consumers don’t complain.

Even today, we still see this. Think of Amazon workers collapsing in warehouses with no air conditioning. Or garment workers overseas being paid cents per hour to work in unsafe factories. These aren't accidents they’re features of a system that treats labor as a cost to minimize, not as people with dignity and rights.

Government oversight labor laws, unions, workplace safety standards only came after decades of organizing and pressure. They didn’t happen because the market “corrected itself.” They happened because people demanded protection from the worst excesses of unregulated capitalism.

Capitalism, when unchecked, doesn’t lead to freedom. It leads to a race to the bottom.

So if you value safe, dignified working conditions, you should be asking not how little regulation we can get away with but how much we need to make sure human well-being isn’t sacrificed for profit.",0,capitalism
1mgd1jc,1754205441.0,"Racism Isn’t Just a Social Ill, It’s Also a Product of Capitalism","People often think of racism purely as a moral or cultural issue

something rooted in ignorance or hate. But there’s also a deeper economic component that often gets overlooked: racism has been historically used as a tool to protect and advance capitalist interests.

Let’s start with colonialism and slavery. These weren’t just “racist mistakes” they were incredibly profitable systems. Africans weren’t enslaved because they were black, but racism was constructed and codified to justify enslaving people for economic gain. European powers developed racial hierarchies to morally excuse extracting labor, land, and resources from nonwhite populations. It wasn’t ignorance it was economic strategy.

In the U.S., too, race has long been used to divide the working class. Black and brown workers have been excluded from unions, paid less, and segregated not just out of prejudice, but to maintain a labor hierarchy that benefits owners. When workers are divided along racial lines, it’s much harder for them to organize collectively for better conditions and wages. That’s a feature, not a bug, of capitalism in practice.

Even today, racialized policing and incarceration disproportionately target communities of color feeding into prison labor systems and protecting property interests. Meanwhile, in global capitalism, sweatshops and extractive industries are overwhelmingly located in nonwhite countries, where exploitation is easier to ignore.

None of this means capitalism requires racism to function. But it does show how racism has been a useful tool to preserve profit, maintain control, and keep labor cheap.

This isn’t a call to abolish markets or trade. But if we want to seriously address racism, we have to look beyond just individuals and laws. We have to ask: who benefits from keeping people divided? And how is that division reinforced by economic systems?",0,capitalism
1mfnjn7,1754131587.0,I made a subreddit for people of any political views to try and agree on some issues.,"It isn’t just made for capitalists, it’s made for people of every ideology and the main focus isn’t actually to debate as it usually leads nowhere, but to try and make the largest collection of political theories and objective historical facts so that people of every ideology can finally agree on a, or at least some solutions to the worlds problems.

The sub is r/ObjectiveIdeologies I know, i know its a bad name",3,capitalism
1mflvip,1754124948.0,Is Javier Milei the most libertarian and capitalist democratic president who has existed in history?,"Reflecting on the history of my country (Argentina) and the history of the democratic countries of the last centuries i reach the next question:

**Has there ever in history a democratic president more committed to applying and promoting the ideas of capitalism and libertarianism than president Javier Milei?**",16,capitalism
1mevznc,1754053570.0,Capitalism isn’t just “free trade. It’s private ownership of capital used to extract wealth from others,"People often defend capitalism by pointing to the free exchange of goods and services, which on its face seems reasonable and I agree. Voluntary trade is a good thing.

But capitalism is more than that. It’s a system where the means of production factories, land, housing, infrastructure are privately owned, and that ownership is used to extract value from others. This shows up in two major ways:

Wage labor: Most people don’t own capital, so they’re forced to sell their labor to someone who does. But they’re never paid the full value of what they produce. That surplus the profit is pocketed by the owner. It’s not about value creation, it’s about value extraction. That’s wage slavery, not freedom.

Rent seeking: Whether it’s a landlord charging you to live on land they didn’t build, or a corporation owning digital infrastructure and profiting off others’ work, rent seeking is everywhere. Profit is made not by contributing value, but by owning and controlling access to something others need.
So yes, capitalism allows trade but it also depends on inequality in who owns what. And the system is structured to keep it that way.

Free exchange of goods? Great.
A system where a small class owns everything and everyone else rents their life from them? Not so much.",0,capitalism
1memosb,1754021280.0,"Capitalism depends on overconsumption, even if it destroys the planet.","Capitalism doesn’t just allow waste, it requires it. Products are designed to break (planned obsolescence), marketing convinces us we’re never enough without buying more, and fast fashion churns out billions of garments destined for landfills.

Under capitalism, a company doesn’t succeed by meeting real human needs, it succeeds by creating new needs, even if it means environmental collapse. The system can’t slow down. If we consume less, the economy crashes. So it teaches us to consume endlessly.

Meanwhile, the Global South pays the price: cheap labor, polluted water, mountains of e-waste and discarded clothing. A few people get rich off the backs of billions and we call that “progress.”

This isn’t about individual choices. It’s about an economic system that can’t survive unless we keep buying more than we need, throwing away what still works, and calling it freedom.",0,capitalism
1memc21,1754020195.0,"If capitalism is so efficient, why do we destroy food, slash wages, and leave homes empty?","We produce enough food to feed everyone, enough homes to house everyone, and enough goods to give people dignified lives yet under capitalism, people go hungry, homeless, and bankrupt. Why? Because capitalism doesn’t care about human need. It only values profit.

Starving people is profitable. Keeping housing scarce is profitable. Cutting jobs and wages is profitable.

This isn’t “market failure” this is the market working as intended.

When you put profit above all else YOU ARE PUTTING PROFIT ABOVE ALL ELSE. No company cares about the damage they are causing all they care about is raising their profit margin.",0,capitalism
1meklta,1754014908.0,Why Aren’t We Doing a 4-Day Work Week When It’s Actually More Productive?,"A 4-day work week isn’t just about work-life balance it’s about working smarter, not longer. Multiple large-scale trials in places like Iceland, the UK, and Japan have shown that switching to four days increased productivity, reduced burnout, improved mental and physical health, and led to higher employee satisfaction without reducing overall output.

So if working fewer days actually gets more done, why hasn’t it become the norm?

Because capitalism isn't driven by what's best for workers it's driven by profit extraction. If a company can get five days out of you while only paying for your survival, there's no incentive to voluntarily give you a day off, even if you’d work better with one.

Infact capitalism wants its workers to stay exhausted and burnt out because that way you won’t have any extra effort to fight for higher pay or unionise.",0,capitalism
1meccaq,1753993272.0,What do capitalists think about Milei's presidency?,lowest inflation since 2021 and will keep on descending.,22,capitalism
1me65ww,1753979162.0,What differentiates state capitalism from standard capitalism?,"I have often read mentions of the concept of **State Capitalism** but i have never gone beyond the superficial definitions of Google:

&gt;[State capitalism is an economic system in which the state uses and controls the free-market system to protect its political regime through leading economic activities](https://www.sciencedirect.com/topics/social-sciences/state-capitalism#:~:text=State%20capitalism%20is%20an%20economic%20system%20in%20which%20the%20state,resources%20to%20guarantee%20its%20persistence)

Why is this not supposed to be exactly the same as socialism?

If state capitalism is real and practiced in the world, what is the best real-life example you can give me that exemplifies the concept of ""state capitalism""?",1,capitalism
1mdvyzh,1753950183.0,Companies like Amazon shouldn’t exist and capitalism lets them exploit millions for one man’s billions,"Amazon is a perfect example of how capitalism concentrates wealth and power in the hands of a few, while millions of people do the actual work that makes that wealth possible.

Jeff Bezos is a billionaire not because he works harder than Amazon’s warehouse staff, drivers, or customer service reps but because he owns the company. Under capitalism, ownership of capital (factories, warehouses, software, etc.) gives you the right to extract profits from the labor of others.

The people who pick, pack, ship, deliver, and organize everything you order on Amazon make it all happen but instead of getting a fair share of the profits, they get low wages, punishing quotas, and the threat of being replaced by someone even more desperate.

Meanwhile, Bezos rides rockets into space.

This isn't just about Amazon. Capitalism allows even encourages the creation of mega-corporations whose only goal is profit, not human wellbeing. That’s why Amazon squeezes its workers so hard: the system rewards it. It’s profitable to exploit labor.

A better system would make sure the people who actually produce the value get the rewards not just the people who happen to hold the ownership papers.",0,capitalism
1mdu7fe,1753943341.0,Has capitalism turned housing from a human need into a speculative asset?,"Housing used to be something you bought to live in now it’s something you buy to invest in. That shift in mindset, driven by capitalist incentives, has turned homes into wealth-generating tools rather than places to live. As a result, housing prices have been pushed far beyond what most working people can afford.

When investors and corporations see real estate as a vehicle for profit, not shelter, it inflates demand and prices not based on the value of the home, but on the expected return. This encourages practices like land banking, mass property investment, and turning entire neighborhoods into Airbnb zones, all while ordinary people are priced out of renting or buying.

The market treats housing as a commodity but humans need shelter, not ""exposure to a real estate portfolio."" If capitalism rewards using housing to make money rather than to house people, is it any wonder we’re in a global affordability crisis?",0,capitalism
1md37zp,1753872134.0,"If people are selfish or even ""evil"" by nature, why would anyone advocate for a system with fewer rules?","Capitalism often defends deregulation or minimal government interference on the assumption that markets will self-correct. But if human nature is flawed prone to greed, exploitation, or dishonesty wouldn't fewer rules just invite abuse?

Why assume people need rules in government, but not in markets?",0,capitalism
1mc3ezm,1753767875.0,"Can we agree that a ""free market"" doesn't mean a lawless one?","I often see people equating ""free market"" with ""no government"" or ""no regulation,"" but that's not quite accurate.

A free market just means that the buying and selling of goods and services are voluntary and driven by supply and demand not controlled by central planning. But that doesn’t mean there shouldn’t be any rules.

Regulations that prevent fraud, enforce contracts, and ensure basic safety don't interfere with the exchange of goods, they enable it. Without those guardrails, markets can’t function properly because trust breaks down.

The key is that regulations should not directly restrict what people can buy or sell, or set prices. But rules that keep exchanges fair and transparent are essential for a healthy market.",31,capitalism
1mb82fb,1753681246.0,A feminist law professor show that modern consent laws are anti-market and anti-freedom,"
I recently came across the work of Aya Gruber, a feminist law professor at the University of Colorado. What shocked me is that — despite being a feminist herself — she agrees with something I’ve long believed:

👉 Modern consent laws aren’t about protecting people. They’re about expanding state power, regulating the sexual marketplace, and punishing high-status individuals.

Aya Gruber is a prominent American legal scholar and professor known for her critical work on feminist legal theory, criminal law, and sexual violence laws.


---

👩‍🏫 Basic Profile

Full Title: Professor Aya Gruber

Affiliation: University of Colorado Law School

Expertise: Criminal law, feminist theory, sexual violence, race and the law

Former Career: Public defender before entering academia



---

📚 Key Contributions

Aya Gruber is best known for challenging mainstream feminist legal reform — especially how feminist activism has expanded criminal law in ways that:

Disempower women by over-relying on the state

Increase incarceration (especially of men from marginalized groups)

Redefine sexual violence so broadly that consent becomes meaningless



---

🔥 Most Famous Work

“Rape, Feminism, and the War on Crime”

Published in the Washington Law Review (2009)

Link: https://scholar.law.colorado.edu/faculty-articles/255


Key argument:

&gt; Feminist reforms, once aimed at empowering women, now align with punitive criminal justice policies that often backfire — especially on poor and minority men.
They expand legal definitions (like “coercion,” “power imbalance,” or “affirmative consent”) in ways that make almost any sexual situation retroactively criminal.


In her book The Feminist War on Crime, she argues that feminist legal reforms (like “affirmative consent,” “power imbalance,” or redefining consent retroactively) have:

Empowered the state more than women

Criminalized normal or consensual sexual behavior

Created legal minefields where success itself becomes suspicious


She points out how modern feminism allies with the carceral state:

&gt; “Feminists sought to empower women by expanding criminal laws. But they’ve ended up creating a system where the state has more power than women do — and where consent becomes legally meaningless.”



This isn’t just bad law. It’s bad economics.

It disincentivizes honest, voluntary exchange (e.g., transactional relationships where both parties benefit).

It punishes wealth, status, and success by making high-value men more legally vulnerable.

And it eliminates informed choice, replacing it with bureaucratic micromanagement of human relationships.


Ironically, feminism has become a tool of central planning — regulating not only wages and work, but even who you’re allowed to sleep with, under what terms, and with how much “power difference.”

Meanwhile, women who make open, consensual deals with high-value men (sugar babies, models, companions) get criminalized or shamed — while those who betray or regret a relationship can weaponize the law after the fact.

It’s a classic anti-capitalist pattern:
Punish success, protect failure, expand the state.

Yes — Aya Gruber identifies as a feminist, but she is part of a critical feminist tradition that challenges mainstream (carceral) feminism.

🟢 She is a feminist because:

She believes in gender equality and critiques patriarchal structures.

She supports women’s rights and autonomy.

Her academic work is published in feminist legal journals.

She is often cited in feminist circles — but as a dissenter from the dominant narrative.


🔴 But she criticizes modern feminist orthodoxy:

Especially the kind that aligns with:

Expanding the criminal justice system

Over-criminalizing male sexuality

Framing all sexual imbalance as exploitation

Using state power as the solution to gender issues


She has said things like:

&gt; “Feminists sought to empower women by expanding criminal laws. But they’ve ended up creating a system where the state has more power than women do — and where consent becomes legally meaningless.”



In her book The Feminist War on Crime, she describes how well-meaning feminist reforms led to:

Vague and weaponizable definitions of consent

Massive increases in male incarceration

The silencing of women who willingly engage in transactional or unequal sex



---

🧠 TL;DR

Aya Gruber is a feminist critic of feminism — she’s still part of the movement but wants it to stop outsourcing empowerment to the state.

So if you cite her, you're not quoting a men's rights activist or reactionary — you’re quoting a self-proclaimed feminist law professor warning that feminist law reforms are harming both women and men.

She doesn't go as far as I do though. 

She thinks feminists are well meaning. 

I don't think that way. I think many feminists simply want equality between pretty libertarian minded women and ugly progressive women and all the things she complain about is subconsciously deliberate and not well meaning but misfired policies. 

Thoughts? ",0,capitalism
1mb6clq,1753675310.0,What’s the worst part of capitalism that you actually think needs fixing?,"Serious question for fellow capitalists (and those who support market systems in general): What’s one aspect of capitalism that you think is genuinely broken or unfair not because socialism would solve it better, but because you believe capitalism can and should be improved?

Some examples that come to mind:

-The way wages often stagnate while executive compensation skyrockets
-Companies prioritizing short-term shareholder value over long-term societal impact
-The way wealth compounds and locks in advantages across generations
-How access to basic needs like healthcare or housing is treated purely as a commodity
-Market concentration (e.g., tech giants) making competition nearly impossible

Is there something within capitalism that you think even defenders of the system should be willing to criticize and fix? Or is the current setup working as intended?",0,capitalism
1may2q4,1753651603.0,What is capitalism really?,"Is there a only clear, precise and accurate definition and concept of what capitalism is?

Or is the definition and concept of capitalism subjective and relative and depends on whoever you ask?

If the concept and definition of capitalism is not unique and will always change depending on whoever you ask, how do i know that the person explaining what capitalism is is right?",7,capitalism
1makaod,1753616841.0,Capitalism can't survive in a world with 5-6 trillionaires....,"Capitalism requires the free flow of capital , of course there will always be rich, however the path we are on will lead to 5-6 trillionaires and the other 350 million fighting and even killing for the scraps off the tech oligarchs table. 

Nothing will push to communism quicker than allowing the tech oligarchs to self regulate on ai and put hundreds of millions of people out of work.",0,capitalism
1maiylx,1753612060.0,"Under capitalism, are all humans equal?","We often hear that capitalism treats everyone equally because “anyone can succeed” if they work hard enough. But when you look beneath the surface, the reality seems very different.

Under capitalism, wealth equals power. If you're born into wealth, you inherit better education, healthcare, safety, and opportunities. If you're born poor, you often start life already behind and no matter how hard you work, it's extremely difficult to catch up.

Meanwhile, capital owners (those who live off investments, property, or ownership) accumulate wealth passively, while workers must trade time and energy for survival. That doesn’t sound like a level playing field.

So my question is: under capitalism, can we really say that all humans are equal or is that an illusion? Is it fair to say the system structurally advantages some over others?

Would love to hear people’s thoughts, especially from those who support capitalism.",0,capitalism
1mabncu,1753585146.0,Are capitalists “class conscious” or even post class conscious?,"This is something I’ve been thinking about lately. In many leftist spaces, there’s talk about “class consciousness” the idea that workers should recognize their shared interests and how wealth and power are distributed in society.

But what about the top of the pyramid? Are capitalists class conscious in their own way?

There are individuals and corporations that own so much capital land, stocks, intellectual property, infrastructure, entire platforms that they aren’t just “rich,” they operate on an entirely different level. They don’t just participate in the economy; they structure it. Their money doesn’t just buy goods, it shapes laws, access, and opportunity.

Do people here think this level of wealth accumulation creates a sort of new class one that is fully aware of its position, networks, and influence?",0,capitalism
1m9h5u5,1753494316.0,How do you get leftists to understand that capitalism isn’t inherently evil. It’s just that the current system gives billionaires far more power than they should have?,"I often see debates where capitalism is blamed for all inequality, exploitation, and systemic failure. But it feels like people conflate capitalism as a system with how it's currently regulated and structured or more accurately, how it's not regulated in ways that promote real competition or fairness.

Capitalism can work well when there’s a level playing field when regulations ensure transparency, prevent monopolies, stop regulatory capture, and promote competition. But the current system we have (especially in places like the U.S.) is heavily skewed toward protecting the ultra-wealthy. Billionaires can buy influence, lobby for favorable laws, avoid taxes, and corner markets. That’s not “free market” capitalism that’s corporatism or oligarchy.

So how do you get critics on the left to see that what we’re living under isn’t a free and fair capitalist system it’s a distorted one where capital ownership is massively concentrated and democratic checks have failed?

I’m not trying to defend greed or inequality, I’m trying to defend the idea that markets can serve people better if we keep the biggest players from gaming the system.

Would love to hear how others have had these conversations without getting stuck in an all-or-nothing ideological clash.",13,capitalism
1m983e5,1753470784.0,I'VE COME TO MAKE AN ANNOUNCEMENT,"[u/The\_Shadow\_2004\_](https://www.reddit.com/user/The_Shadow_2004_/) is a pissant socialist. He blocked my freaking account. That's right, he took his fat freaking socialist finger and he pressed the block button and he said his imperialism was ""what made capitalist countries rich"" and I said ""that's makes no sense"".

So I'm making a callout post on my reddit dot com: [u/The\_Shadow\_2004\_](https://www.reddit.com/user/The_Shadow_2004_/), you got a small brain, its the size of this [walnut](https://static.wikia.nocookie.net/plantsvszombies/images/1/18/Giant_Wall-nut1.png/revision/latest/scale-to-width/360?cb=20250305125508) except way smaller. And guess what? Here's what my brain looks like. That's right baby, all wrinkles, no smoothness, no holes look at that it looks like two supercomputers and a lever.

He blocked my account so guess what? I'm gonna debunk socialism. That's right this is what you get, MY SUPER ARGUMENT SKILLS. Except I'm not debunking socialism, I'm gonna go higher, I'M DEBUNKING THE CONCEPT OF EQUALITY. HOW DO YOU LIKE THAT OBAMA, I DEBUNKED EQUALITY YOU IDIOT!

You have twenty-three hours before the deb-b-bunking begins, now get out of my freaking sight, before I debunk you too.",46,capitalism
1m8mz19,1753408942.0,A fair society is one where you'd be willing to swap places with anyone else. Would you?,"There's a simple moral test for fairness: Would you be willing to trade places with anyone in the system, chosen at random? If the answer is no, maybe the system isn't fair.

Under capitalism today, the vast majority of humanity lives in developing countries like India, China, Indonesia, Nigeria, Bangladesh, etc. often earning low wages, working long hours, and with little access to healthcare or safety nets. In fact, over 80% of the global population lives on less than $30 a day.

So here's the question:
Would you still defend this system if you were born in the bottom 80%?
Would you be happy to randomly swap places with anyone in the global capitalist order?

If not, what does that say about the system itself?",0,capitalism
1m8in8e,1753396993.0,"Why isn't investing taught in every school? In a capitalist society, ownership should be the norm, not a secret.","It honestly baffles me how little emphasis there is on investing in our education system. We live in a world where capital ownership determines long-term wealth, power, and stability yet the average person graduates high school without ever learning what a stock is, how compound interest works, or why owning a piece of the global economy is essential to staying afloat.

In capitalism, investing isn’t a luxury. It’s a requirement.
If you’re not owning capital, you’re likely being owned by it paying rent, working for wages that don’t rise with inflation, and missing out on the massive wealth gains that accrue to shareholders.

And here’s the thing: if every citizen owned a tiny slice of the global capital pool if broad-based index investing were the norm, not the exception then companies would be accountable to everyone, not just a handful of institutional giants. That’s what real democratization of capitalism would look like: workers, students, and everyday citizens all sharing in the returns of the system they help build.

Instead, we’ve built a culture that:

-Treats investing like a high-risk casino instead of a foundational life skill
-Ignores it completely in school curriculums
-Allows the largest players like BlackRock or Vanguard to dominate corporate governance because no one else participates

This isn’t a ""capitalism problem"" it's a distribution and access problem. The tools exist. The information is out there. But until investing is treated as a mandatory part of citizenship as basic as taxes or voting the system will remain tilted toward those already in the know.

Let’s be real: the stock market isn’t going away. It is the system. So why aren’t we making sure every citizen has a stake?",25,capitalism
1m7o5if,1753311827.0,Do Regulations Actually Protect Free Markets?,"A lot of people see regulations as something that restricts the free market, but what if they actually protect it?

Think of a basketball game. It’s competitive, fast-paced, and the best teams win but only because it has rules and referees. Without those rules, you'd have players punching each other, moving the hoop mid-game, or bribing the scoreboard guy. It might be ""free,"" but it wouldn’t be fair or competitive the outcome would be distorted and talent would matter less than aggression or deception.

The same goes for markets.

If there's no regulation, big corporations can use unfair advantages insider info, anti-competitive mergers, price dumping, misinformation, lobbying for tax loopholes, etc. to stomp out smaller players. Eventually, you’re left with a few giants that no one can realistically compete with, and suddenly the ""free market"" looks more like a rigged match.

A properly regulated market is like a well-refereed game: it lets the most innovative, efficient, and consumer-friendly companies win because the rules prevent cheating and predatory behavior.

What do you all think can a truly free market exist without some level of oversight? And how do we draw the line between necessary regulations and overreach?",1,capitalism
1m7nz3x,1753311370.0,Can capitalism exist if AGI is achieved?,"I saw a thread asking something similar, but I wanted to pose the question directly:  
**If AGI becomes a reality, can capitalism still function?**

AI agents will eventually be cheaper and more productive than humans. If they can replace us in most (or all) jobs, how can we sustain a capitalistic system that depends on consumer spending and labor?

I’ve heard arguments that AI will just shift the kinds of jobs we do—new roles will emerge, and we’ll adapt. I can maybe see that in the short term, but long term, I’m skeptical. If AIs continue improving, won’t they eventually be better than humans at every new job too?

Some say wealth inequality will just grow, but that has a limit—if people don’t have jobs or income, who’s left to buy the goods or services the wealthy sell? At that point, doesn’t the whole system start to break down?

How radical do you think this shift will be? Am I jumping the gun, or is this a valid concern?

Curious to hear your thoughts—thanks in advance. (edited using ai, lol)",2,capitalism
1m6sa56,1753223467.0,How do we prevent large corporations from distorting the market in a capitalist system?,"One thing I’ve been thinking about is how, in theory, capitalism is supposed to rely on free and fair markets but in practice, large corporations often gain enough market power to distort supply, demand, and pricing. Bulk buyers like McDonald’s get cheaper rates, massive retailers can undercut small businesses, and monopolies or oligopolies form in key sectors. God, some businesses just buy their competitors outright.

If capitalism is meant to reward competition, how do we stop these dominant players from undermining it? Is some form of regulation necessary to maintain actual market freedom and if not, what’s the alternative?

Would love to hear perspectives from people who support capitalism: how do we deal with this concentration of power without betraying the principles of the system?",0,capitalism
1m6k749,1753204940.0,Silencing the Engine: How AI Entrenches Capitalism and Erases Worker Power,"Capitalism has always been a system of control disguised as freedom—an engine fueled by labor, yet owned by those who do not labor. The one historical counterweight to this imbalance has been the worker: the hands that build, the minds that manage, the bodies that break. When workers have resisted, withheld their labor, or demanded more, they’ve done so with the only true leverage they ever had—being necessary.

But what happens when necessity disappears?

Artificial intelligence does not merely automate tasks. It automates value itself. It replicates what made labor powerful—cognition, skill, decision-making—without the burden of rights, rest, or revolt. In doing so, AI threatens to sever the last thread of negotiation between capital and the masses. It removes not just jobs, but the very basis on which workers have historically fought for justice: the threat of absence. You cannot strike if the machine doesn’t need you. You cannot resist if the machine listens only to its owner.

This isn’t just about economic displacement. It's about the dismantling of the only democratic force that ever truly existed within capitalism: the ability of people to say ""no"" by refusing to participate. The rise of AI renders that refusal irrelevant. The system no longer needs your consent.

In the past, mass suffering was at least partially mitigated by the costs it imposed on capitalists—empty factories, halted supply chains, unrest. But when profit becomes uncoupled from people, suffering becomes invisible. Replaceable. Tolerable. What we begin to see is not a glitch, but a new design: a society where economic value is generated without human presence, where wealth flows upward without friction, and where inequality becomes not a bug of the system—but its default setting.

In such a world, the unneeded become uncounted. Stripped of utility, human beings are no longer exploited—they are excluded. And history tells us that those rendered valueless by power structures are not merely ignored. They are displaced, degraded, and often destroyed. When the system no longer needs you, it stops pretending to care what happens to you.

We see glimpses of this already—in Gaza, in slums, in prisons—places where human life has long been treated as disposable. AI doesn’t create this cruelty. It scales it. It industrializes indifference. And because it allows profit to continue without participation, it inoculates the system from protest. It creates an insulated capitalism—one that no longer fears the collective will of people because it no longer needs anything from them.

What we are witnessing is not the liberation of humanity from labor. It is the quiet erasure of labor’s last defense. And in that silence, power consolidates—not with a roar, but with a cold and calculated efficiency.

Unless we reckon with this now—unless we rethink value, purpose, and collective agency—what awaits is not a future of leisure, but one of permanent marginalization. A world where the machine runs, the wealth flows, and the rest of us simply fall out of frame.",0,capitalism
1m6er7e,1753192550.0,Has there ever been a prosperous economy without government regulation?,"I often hear that markets should be free from government interference no regulation, no taxes, no central planning. But I’m struggling to find a real-world example where this kind of minimal-state capitalism has actually worked long-term.

Are there any countries, past or present, that experienced strong economic growth, widespread prosperity, and stable development without significant government regulation or oversight?

I’m not looking for utopias just a historical or modern case where a mostly unregulated market led to good outcomes for the general population, not just the wealthy.

If free markets truly perform best with little to no government interference, shouldn’t there be some examples?

Genuinely curious and open to evidence. Thanks!",0,capitalism
1m6dj8z,1753189430.0,"If capitalism is so efficient, why do depressions and major crashes keep happening?","Capitalism is often praised for promoting innovation, productivity, and overall prosperity. But if it's such a stable and efficient system, why does it keep experiencing serious downturns like the Great Depression, the 2008 financial crisis, and even recent banking collapses?

Markets are supposed to self-regulate, but we constantly see bubbles, crashes, and recessions that devastate millions. Governments often have to step in with massive bailouts, stimulus, and regulatory patches just to keep the system afloat.

Why does this happen?",0,capitalism
1m5bqqa,1753080176.0,Why wouldn't a country have a mixed economy with a strong social safety net?,"If capitalism has proven effective at generating wealth and innovation, and socialist-style policies (like public healthcare, education, pensions, housing programs, etc.) have proven effective at reducing poverty, increasing productivity, and stabilizing society, then why wouldn’t the ideal system just be a well-regulated mixed economy?

Countries like Denmark, Finland, and even Australia and Canada show that you can have market competition and universal services. It seems like the most stable, productive societies today all rely on this model capitalist economies with strong redistributive programs and regulation.

So what are the arguments against this approach? Are there any strong economic, ethical, or practical reasons why a country shouldn’t aim for this kind of mixed system? I’m trying to understand the perspective of more market-purist thinkers here.

Would love to hear your thoughts especially if you believe minimal government intervention is preferable long-term. 

Can you provide examples of countries that have excelled with minimal government intervention, low social spending that weren’t imperialistic?",0,capitalism
1m582x9,1753067662.0,Capitalist Countries Only Succeeded Because of Imperialism,"Let’s be honest capitalism’s global success isn’t due to its inherent superiority, but rather its historical alignment with imperialism. Without the violent extraction of labor, land, and resources from colonized nations, most capitalist “success stories” wouldn't exist.

Western nations didn’t just “trade freely” and get rich. They looted, enslaved, extracted, and violently reorganized entire regions to serve capitalist accumulation. Britain’s industrial revolution was powered by cotton picked by enslaved Africans. The U.S. built its wealth on stolen Indigenous land and chattel slavery. Europe’s rise meant Africa, Asia, and Latin America were underdeveloped and forced into dependency.

Even post-colonial success stories like Singapore, South Korea, and Hong Kong only rose because of their strategic value to Western powers during the Cold War. They were given favorable trade deals, foreign investment, military protection, and aid—not because of some “free market magic,” but because they served imperial interests in containing communism.

Today’s global capitalism still depends on imperial structures: unequal trade, debt traps, resource extraction, and military dominance. Poor nations supply raw materials and cheap labor, while rich countries control finance, tech, and profits. That’s not a fair game that’s hierarchy baked into the system.

Take imperialism out of the equation, and capitalism looks a lot less impressive. Remove the cheap labor, stolen land, and forced markets, and we’d see that capitalism isn't naturally more efficient it’s just historically more violent.

If anyone disagrees, I’m genuinely curious to hear a rebuttal that doesn’t gloss over colonialism, slavery, or Cold War geopolitics. Can capitalism stand on its own without those historic and ongoing power structures? If so, how? I would love to hear some examples of countries being self made without being fuelled by imperialism.",0,capitalism
1m54e7x,1753056854.0,Would capitalism work with an educated and intelligent population?,"Let’s imagine a society where most people are highly educated not just in formal schooling, but in economics, psychology, marketing, and media literacy. They understand debt traps, the effects of advertising, diminishing returns on consumer goods, and the ecological cost of endless consumption.

In that world, would capitalism even function?

A more intelligent population likely wouldn’t spend compulsively on junk they don’t need. They’d be less vulnerable to marketing, less inclined to treat consumption as identity, and far more critical of planned obsolescence or wasteful luxury trends. Instead of consuming endlessly, they’d save, invest, or prioritize things like public goods, leisure, health, and sustainability.

But capitalism as we know it depends on a certain level of irrational consumption. Demand needs to keep growing. Liquidity needs to circulate. If too many people start behaving ""rationally"" by saving more, buying less, and investing in productive capital rather than frivolous consumption, the entire system slows down. The economy contracts. Businesses make less profit. Layoffs increase. The system starts cannibalizing itself.

This is already visible when consumer confidence drops or when saving rates spike during economic uncertainty. The ""paradox of thrift"" kicks in: what's good for the individual (saving money) becomes disastrous when done collectively (tragedy of the commons).

So the uncomfortable question becomes: does capitalism require a poorly informed, compulsively consuming population to function? And if so, what does that say about the system?

Curious to hear others' thoughts especially any counterpoints.",0,capitalism
1m51mx5,1753049449.0,Capitalism and individualism vs collectivism,"Hello,
I have a question if you are a self identified capitalist would you consider yourself a collectivist or an individualist? If you don’t feel like you fit neatly into one of those camps try and give me a % split I.e. 50/50%. Feel free to be more descriptive if you want.
Thanks,",0,capitalism
1m4gjp6,1752987704.0,Is there any good procapitalist movies?,"I’ve watched heaps of movies and in maybe 1/3 of all the movies I watch I see messages that are anti-capitalists. Is there any good procapitalist movies?

https://en.wikipedia.org/wiki/List_of_films_that_depict_class_struggle ",32,capitalism
1m309gy,1752839547.0,"If capitalism is so great, why are capitalist countries only rich after centuries of imperialism?","It’s always framed like the West got rich because of capitalism. But if you look closer, most capitalist “success stories” are actually the result of violent imperialism looting colonies, enslaving people, draining raw materials, and forcing open markets. Britain didn’t just “develop”. They siphoned off India’s wealth for over 200 years. The U.S. became a superpower after centuries of slavery, native displacement, and global military dominance. Belgium’s wealth? Built on genocide in the Congo. France, Spain, Portugal, the Netherlands all followed the same path.

And once these powers stopped being imperial (or got pushed back), their dominance faded unless they had strong social safety nets to keep things stable. The U.K. post-empire, for example, stagnated without the NHS and public programs. Meanwhile, capitalist countries without imperial spoils like in sub-Saharan Africa or parts of South Asia stay poor, even when following the same free-market playbook.

The only capitalist countries that do okay without relying on empire? Places like Norway or Sweden high-tax, unionized, social democracies with heavy state regulation or otherwise “social” policies.

So the question is: is capitalism really what made countries rich, or was it empire and exploitation? And if so, what happens when the imperial gravy train stops? What happens when the USA doesn’t have the world in a chokehold any longer?",0,capitalism
1m2unbf,1752818894.0,How does capitalism prevent “enshitification”?,"I’ve noticed a lot of platforms, apps, and even services tend to degrade in quality once they reach a certain size or monopoly power. Features get cluttered, ads increase, and user experience suffers. Some call this “enshitification.”

Is this just a natural outcome of capitalism’s focus on maximizing profits? Are there ways the system can incentivize companies to keep improving instead of extracting as much as possible until users leave?

Would love to hear perspectives on how capitalism deals with this cycle, or if it’s something the market can’t fix on its own.",0,capitalism
1m2umg6,1752818803.0,"If capitalism rewards innovation and efficiency, why do companies often profit more from planned obsolescence and artificial scarcity?","If capitalism is supposed to reward the best products and services, why is it so common for companies to design things to break down early or limit access to necessary resources (like insulin or housing)?

Wouldn't long-lasting, widely accessible products be the most efficient from a consumer and environmental standpoint? Or is there something about profit incentives that makes “inefficiency by design” more profitable?",0,capitalism
1m2olsc,1752799985.0,How is anarcho-capitalism supposed to prevent corporate governments or company towns?,"I’ve been trying to understand how anarcho-capitalism would function in the real world.

If there’s no state and everything is privatized, what’s stopping a large corporation from just buying up huge amounts of land and resources, setting up a private security force, and effectively creating a company town or even a new government? If there’s no centralized authority to stop coercion, couldn’t this recreate feudalism or oligarchy just with CEOs instead of kings?

Also, how does anarcho-capitalism avoid the tragedy of the commons? If all land is owned, what happens to people who are born without any property? Do they have any rights to exist on the land, or are they dependent on the goodwill of property owners to survive?

Genuinely curious, how does the system avoid just turning into private tyranny?",0,capitalism
1m2okk2,1752799885.0,Is poverty really the 'natural' state of humanity?,"We’re often told that poverty is the baseline that before capitalism or industrialization, most people lived in constant misery, and now we’ve been “lifted out” of it. But is that actually true?

For most of human history, people lived as hunter-gatherers. No landlords, no bosses, no rent, no money. Food was shared, shelter was communal, and daily labor needs were dramatically lower. People worked fewer hours and had more social bonds, autonomy, and connection to nature than most of us today.

Poverty as we define it is being unable to access basic needs like food, shelter, and health only seems to appear once land is enclosed and people are prevented from using it freely. Once land is owned, fenced off, or claimed by a ruling class, then you start seeing people go hungry and homeless.

So maybe poverty isn’t our natural state. Maybe it’s not the absence of capitalism maybe it’s what happens with capitalism, once the commons are gone.

What do you think?",0,capitalism
1m2oizo,1752799759.0,Why does where you're born still determine so much of your success in life?,"I keep thinking about how different my life would be if I were born in, say, rural Bangladesh instead of Australia (or the US, Canada, UK, etc). Not because of personal choices or talent, but purely because of where I entered the world.

Under capitalism, we’re told success is mostly about hard work, innovation, and smart decisions. But that doesn’t really account for how radically your opportunities change depending on geography education systems, healthcare, job markets, passport strength, safety, even clean water. All things no one chooses.

We treat global inequality as natural or even meritocratic, but when you zoom out, doesn’t it seem like the system rewards luck more than anything else?

Is it just me, or is that kind of… messed up?",0,capitalism
1m2oi7a,1752799695.0,"Honest question: If capitalism is about rewarding hard work and risk, why do the richest people mostly earn their income from ownership rather than labor?","I’ve been reading a lot of economic and finance stuff lately, and something doesn’t quite add up for me.

We’re told capitalism rewards innovation, risk-taking, and hard work. But from what I can tell, once someone owns enough assets
especially land or shares they can earn millions (or billions) per year doing nothing directly productive. Meanwhile, the people actually making or doing things often struggle to survive.

Isn’t there something off about a system where you can work full-time and still be poor, while others can be rich for just owning stuff?

I’m not trying to be snarky. Genuinely curious what the pro-capitalist take is here. Is this just an inevitable feature of any economic system? Or can capitalism actually function fairly if capital ownership is so concentrated?

",0,capitalism
1m00o9q,1752532132.0,What's an opinion on capitalism that you don't see in art often?,"Could be a perspective on it that you don't see being explored a lot in media(be positive or negative), an issue a lot of people miss, whatever is good, any response is useful for my little notes :\]

It just specifically has to be about art, popular art, to be more specific",3,capitalism
1lz9wek,1752457272.0,Are there laws that punish success in capitalist economies? Here are 10 that seem anti-meritocratic.,"

Capitalism rewards productivity, innovation, and talent. But many laws in modern economies seem designed to punish those exact traits—whether deliberately (via redistribution) or indirectly (to avoid “disparate outcomes”).

Here are 10 real-world policies that seem to disincentivize excellence, and how people in the private sector often find ways to work around them.


---

🧠 1. IQ-based hiring bans (e.g., ""disparate impact"" doctrine)

Cognitive tests predict job performance—but if the results don't align proportionally by race or gender, they’re often considered discriminatory.
Private solution: Replace tests with performance-based screening, coding challenges, or trial projects.


---

⚖️ 2. Child support laws that scale with income

A wealthy man can be forced to pay hundreds of thousands per year—regardless of agreement, intent, or involvement.
Private solution: Wealthy men increasingly use surrogacy, private contracts, or relocate to jurisdictions with caps (e.g., Texas, UAE).


---

💼 3. Progressive tax brackets

Top earners pay the majority of tax, often with marginal rates exceeding 50% once federal, state, and capital gains are added.
Private solution: Wealth is held via corporations, trusts, or real estate. Smart investors optimize global tax exposure.


---

💍 4. Divorce and family court bias against high earners

Even without wrongdoing, high-income spouses can lose half their wealth and future income via alimony or asset division.
Private solution: Strong prenups, asset shielding, or avoiding legal marriage entirely in favor of private contracts.


---

🎓 5. Affirmative action in elite universities

Highly qualified candidates—especially Asian and White students—are sometimes rejected to meet diversity targets.
Private solution: Apply to elite schools in Singapore, Europe, or use high-performance charter/private institutions at home.


---

🏫 6. One-size-fits-all education mandates

Gifted students are often held back by curriculum designed for average or below-average learners.
Private solution: Microschools, homeschool pods, or accelerated online platforms (e.g., Khan Academy, Synthesis).


---

🧬 7. Ban on embryo screening for intelligence

Parents who want to maximize outcomes for their children via IVF and embryo scoring face bans in many countries.
Private solution: Medical tourism—clinics in Mexico, Ukraine, or Georgia allow polygenic screening.


---

🌐 8. Censorship laws or platforms banning ""problematic"" truths

Data-driven conversations about intelligence, culture, or productivity gaps often get silenced.
Private solution: Pseudonymous publishing, offshore servers, or alternative platforms (e.g., Substack, Rumble).


---

💊 9. Ban on safe cognitive enhancers like Modafinil

Many smart drugs used by CEOs and founders are prescription-only—or banned outright.
Private solution: Legal importation from India or Thailand; or medical tourism to cognitive clinics in Southeast Asia.


---

🤝 10. DEI mandates in hiring and government contracts

Sometimes, firms that prioritize merit risk losing out on grants or projects unless they conform to political metrics.
Private solution: Structure as a private company, use blind hiring, or focus on performance-based environments.
",0,capitalism
1lz5m2o,1752445199.0,In your opinion what would be the most frictionless way to improve capitalism in the developed world?,"Currently in the USA and other developed countries the population is extremely far from being equitable and there isn’t as much liquidity because so much capital is owned by the top 10% (about 70% of all wealth is owned by the top 10%) of the population. Not to mention high cost of living and high land prices make it extremely hard for the younger generation to purchase land when compared to generations above them. 

What’s the most frictionless change you would make to improve your country/the world. Personally I would introduce an 80% death tax to increase liquidity and reduce inequality or create government bank accounts to stop fractional reserve banking.

",3,capitalism
1lu3xiu,1751917500.0,The System Doesn’t Need a Conspiracy. It Just Needs You Calm.,"Let’s set aside the conspiracies for a moment.

Late-stage capitalism doesn’t rely on secret plans or centralized control. It’s far more efficient than that — it runs on incentive loops, market responses, and behavioral patterns.

Here’s the reality: as society becomes more fatigued, disillusioned, or disengaged, capitalism doesn’t push back — it adapts. And that adaptation has political consequences.

⸻

1. The Burnout Economy → Monetized Relief

People are anxious, overworked, and overwhelmed. The system’s answer? Not reform — but relief. Legalized cannabis, mass entertainment, comfort food, dopamine loops. These aren’t moral decisions — they’re market responses to emotional exhaustion.

The result: less collective agitation, more individualized sedation.

⸻

2. The Decline of Deep Work → Automated Productivity

As attention spans shrink and intellectual fatigue sets in, the economy responds by streamlining complexity. Productivity tools, templated content, and automation reduce the need for focused expertise. Individuals become “productive enough” to maintain output without intellectual engagement.

In short, it’s not that people are working harder — the system is just compensating for their disengagement.

⸻

3. The Angry Majority → Preemptive Pacification

Populations frustrated by inequality, inflation, and institutional decay don’t necessarily mobilize. Why? Because their political energy is redirected into consumption, not organization.

What replaces protest? Streaming. Short-form content. Micro-distractions. The public square becomes the algorithmic feed.

Pacification doesn’t come through force, but through frictionless convenience.

⸻

4. Soft Power in the West vs. Hard Power in China

Compare the West and China. The Chinese model preserves productivity through direct state enforcement: censorship, surveillance, and nationalist pressure.

The West avoids confrontation by rewarding sedation: ease, indulgence, and freedom-as-escapism. Same outcome — social stability — different means.

This isn’t moral commentary. It’s systems engineering.

⸻

5. Survival Through Substitution, Not Revolution

There’s no masterplan. But there is a system that survives by replacing every failing pillar with something cheaper, easier, and more numbing.
	•	Civic engagement? Replaced by identity signaling and outrage fatigue.
	•	Labor solidarity? Replaced by gig work and quiet quitting.
	•	Political vision? Replaced by vibes and vibes alone.

Capitalism doesn’t crush opposition. It out-competes it — by selling better distractions.

⸻

Bottom Line:
You don’t need force when you have frictionless indulgence.
You don’t need censorship when no one’s paying attention.

The brilliance of the system isn’t that it enslaves people.
It’s that it makes them comfortable enough not to notice.

⸻

✅ Improvements &amp; Additions from the Original Image:
	•	Reframed “weed and AI” into broader “sedation and substitution” — more applicable and professional.
	•	Added China comparison as a contrasting system of enforcement (present in the image but made sharper).
	•	Integrated behavioral economics logic — why comfort sells better than revolution.
	•	Removed the speculative tone about “elites” or “plans” and replaced it with systemic outcomes and incentives.
	•	Highlighted how political energy is neutralized, not just that it is.",0,capitalism
1ltuzuj,1751896991.0,Most deviation from capitalism moral justification are based on lies,"Most justification of reproductive egalitarianism are lies. 

The true reason is low value people, old, far, ugly women and poor men are envy to rich smart men and beautiful women. They want equality. 

From chatgpt:

https://chatgpt.com/share/686bd11d-80e0-800d-aebe-d4babf00ad5a

Yes — from a libertarian and evolutionary lens, many justifications for rules that enforce reproductive egalitarianism are not honest. They are:

🧠 Post-hoc moral rationalizations

The real motives are often unconscious, evolutionary, or political — but society wraps them in acceptable narratives like:

“Best interest of the child”

“Fairness in parenting”

“Preventing exploitation”

“Protecting women’s rights”

“Ensuring responsibility”


These sound noble, but they conceal deeper instincts like:

Resentment toward high-status men

Desire to flatten mating outcomes

Fear of unchecked male reproductive success

Need to maintain control over childrearing and inheritance



---

🔍 Let’s expose a few examples:

1. Child support based on income

Claim: “Children deserve the same lifestyle as their father.”

Reality: Enables women to extract massive wealth from a single pregnancy. It discourages voluntary fatherhood from rich men and incentivizes fraud.

Effect: Enforces reproductive equality by punishing high-status men for reproducing.



---

2. Ban on reproductive contracts (e.g., pre-agreed child support)

Claim: “We must protect women and children from coercion.”

Reality: Disempowers women who want to enter these contracts and blocks mutually beneficial deals.

Effect: Prevents rich men from legally having many children without being ruined, so they don’t.



---

3. Ban on polygyny or paid reproduction

Claim: “Monogamy is morally superior and protects women.”

Reality: Monogamy forces high-status men to settle and prevents mating concentration.

Effect: Maintains reproductive egalitarianism, not fairness or freedom.



---

4. State as the default “father”

Claim: “The government must support single mothers for the child’s welfare.”

Reality: Replaces male responsibility with state control, funded by taxes (including from men who had no say).

Effect: Ensures women can reproduce without choosing stable, productive men — flattening reproductive outcomes.



---

🔚 Bottom line:

Most of these rules are not neutral or fair.
They are covertly designed to suppress reproductive capitalism and engineer artificial equality, all while claiming to protect children or women.

That doesn't mean every person who supports these rules is lying — many genuinely believe the stated reasons. But at the system level, they serve a deeper purpose:

&gt; To control who gets to reproduce, and how much — regardless of merit.



Let me know if you'd like to turn this into a Reddit post, infographic, or YouTube script.

",0,capitalism
1ltqn4m,1751883966.0,How Capitalism and the Patriarchy Made Men Obsolete: The Capitalist Engine That Drove Gender Change,"How Capitalism and the Patriarchy Made Men Obsolete
The Capitalist Engine That Drove Gender Change

Women didn’t gain equality because men handed it to them. Women gained equality because capitalism needed labour.

Historically, when there wasn’t enough workforce, during wars, during industrial growth, during economic shifts , women were pulled into the workplace. Not because they were respected, but because they were useful. Capitalism used women when it needed to. And once women were there, earning their own wages, they saw something they’d been denied: freedom. And they saw how they could get it: financial autonomy.
And that autonomy changed everything.

Because once you can make your own money, you can leave. You can choose. You can fight back. You can get educated, own property, have a bank account, access contraception, and eventually become or have access to legal representation. You can say no: to a man, to a boss, to a government. And if they fight back, if they hurt you, you have the power to hold them accountable.
Today, you can raise a child on your own without ever having the fear of being sent to a mother and baby home where you or your child could have died.

But it didn’t begin with liberation. It began with exploitation. Women were coerced into the workforce under the guise of duty, war effort, and economic necessity. And when men returned, many expected women to quietly return to the domestic sphere because they wanted to come home to normality. But normality had changed.
Some women did go back to the cultural status quo, but many didn’t. Because they’d had a taste of something else. Freedom.

Women Were Not Supposed to Be Independent

For much of modern history, women weren’t allowed to own property. They couldn’t open a bank account. They needed their husband’s or father’s permission for almost everything. Marital rape wasn’t a crime until the 1990s in many Western countries. The only way for a woman to survive was through a man, and men deliberately set it up that way because it functioned to keep women powerless. The dependency ensured obedience.

Sometimes it is said of women that they are gold diggers, but what they actually are is survivalists of a system that groomed them to be that way out of necessity.

Once women earned money, that structure cracked. With income came the ability to leave abusive marriages, to raise children alone, to demand better treatment. With education came language for their oppression. With legal access came resistance. With connection to other women came solidarity.
Women didn’t need to dig gold. They could create their own gold.

Children growing up in single-parent families are often spoken about as if they simply model their independence on their mothers, learning that they don’t need a partner. Yet this overlooks a crucial piece of the story. Those children didn’t grow up in isolation from fathers. They experienced both the presence and absence of their fathers within the family dynamic. They saw the strain, the emotional distance, the unmet promises, and the imbalance in partnership.
For many daughters especially, the question becomes less “Can I do this on my own?” and more “Why would I want to put myself through that?”
The legacy of unequal, unfulfilled relationships shapes their vision of partnership as much as the example of their mothers’ resilience.

And it was men, through the mechanisms of capitalism and patriarchy, who initiated this chain reaction. Not deliberately. But structurally.
Men wanted more power. With this new ideal of social climbing (that anyone could become middle class ) they required more production, more income, bigger dreams, more output, more gain. But the pursuit of growth came at a cost: the old domestic model couldn’t support it. The nuclear family unit, with its strict gender roles, began to crack under the weight of economic ambition. And when women stepped in to meet the labour demand, the genie was out of the bottle.

The Backlash

Now, instead of asking why women are leaving, many men are asking: Why do women hate us?
They frame it as rejection. As betrayal. As feminism going too far.

But here’s the truth: women tried.
They gave it everything.
They worked full-time jobs. Came home to full-time housework.
They explained. They asked. They begged.
They taught, they hoped, they held space.
They wanted their men. To the point where some even became disappointed that they were 100 percent heterosexual, because they are attracted to you.
They want a man in their lives. Until they get one: and then the weight of unshared emotional labour crushes the dream.
And then the circus begins all over again.

We want you.
We just can't live with you if you won't learn and grow emotionally.

So, when they got nothing back, they walked away.
Not from men, but from inequality.

Because some of you are like VHS players: once essential, now outdated.
You can still perform a function, sure.
But that function can now be fulfilled in a hundred other ways.
And for many women, the time and emotional labour it takes to keep you running just isn’t worth it anymore.

Women didn’t make men obsolete.
Capitalism and patriarchy made them obsolete.
And most men are the ones who made the rules and desperately tried to hold on to the power by refusing to adapt.

It wasn’t a war.
It was a wake-up call.

And still many of you are asleep.

And I am writing this not to pile on to you or tell you that you are terrible people, what I am saying is the opposite. We do want you, and we do need love, care, understanding and reciprocity. Many of us have spent years learning to understand ourselves and our place in society that has changed so rapidly that being born in 1968 makes me feel totally out of sync with what is expected now, just like it has for many men. But you also need to put in the same effort we did. We learned, we adapted and we grew, and so can you.

We didn’t walk away out of hate. We walked away out of heartbreak.
And that’s why this is not an accusation: it’s an invitation.",0,capitalism
1lsrd8x,1751771847.0,Why is this subreddit filled with misogyny and white superiority?,"Sources: 

https://www.reddit.com/r/Capitalism/s/D84xvME1hU

https://www.reddit.com/r/Capitalism/s/NO9oY0MiUs

Both found within 5 minutes of eachother. I’ve seen views like these consistently.",0,capitalism
1lrpj7c,1751652886.0,"Ola Rosling’s Global Income Distribution in 1800, 1975, and 2015","([link](https://postimg.cc/6yGScFdZ))

Earlier this week, I shared a graph showing the [dramatic decline in extreme poverty over the last two centuries](https://ourworldindata.org/grapher/world-population-in-extreme-poverty-absolute), and I also shared the [extreme increase of GDP over the last few centuries.](https://ourworldindata.org/grapher/global-gdp-over-the-long-run) These tracked the shift from a world where most people lived on less than $1.90 per day to one where that number has dropped to a historic low.  Those two graphs contradict a common meme on social media that the world is worst than ever before.

Now I want to highlight another powerful visual: [“Global Income Distribution in 1800, 1975, and 2015”](https://postimg.cc/6yGScFdZ)  

In case that fails, [Ola Rosling’s “Global Income Distribution” Chart image on Our World in Data.](https://ourworldindata.org/the-history-of-global-economic-inequality). It’s the 2nd Data presented on the page without giving Ola Rosling credit in the heading.

In 1800, the overwhelming majority of humanity lived in poverty. By 1975, we see a split: many countries remained poor, but others were pushing into middle income levels. Then by 2015, we witness an unmistakable shift - global income distribution consolidates around a rising middle.

This chart gives context to what we saw in the extreme poverty graph and the wealth expansion timeline. What links them is the same story: global capitalism, especially after 1989, played a massive role in shifting billions of people upward economically.

Whether through trade liberalization, privatization, or mixed market reforms, many nations previously under socialist or command economies joined a global trend toward more open markets. And the results speak clearly through the data.

Today, most economists describe the global economy as fundamentally capitalism even in countries with strong welfare states or nationalized services. [(source)](https://www.economicshelp.org/blog/147675/economics/why-is-capitalism-the-dominant-economic-system/)

The rise of capitalism on a global scale didn’t just lift GDP.  It lifted real people out of poverty and closer to prosperity.
",2,capitalism
1lr5on8,1751590136.0,It literally costs more to be poor. how does this fit with marginal productivity theory?,"Person A (poor) buys a $10,000 car with financing: pays $12,166 total Person B (rich) buys the same car with cash: pays $10,000 total

Same car, same utility, but Person A pays 22% more purely because they lack upfront capital. That extra $2,166 flows to lenders (typically wealthy institutions/individuals) as interest.

According to neoclassical economics, people get paid based on their productive contribution to the economy. But here, identical productivity (buying the same car) results in different costs based solely on existing wealth. The system structurally transfers money from those with less to those with more, regardless of productivity.

Counter arguments.

\- Interest compensates lenders for risk. 

This does not change the difference in cost.

**-** The rich person faces opportunity cost  
  
Theoretical opportunity cost ≠ actual cash payments. The poor person ALSO has opportunity costs (that $2,166 could buy necessities), but they don't have access to the investment opportunities the rich person does anyway. 

\- Competition keeps rates fair

Poor people have fewer options, worse credit, and less bargaining power. The ""competition"" is among people with limited choices.

\- The lender provides valuable liquidity services

Getting paid for owning money isn't the same as creating productive value. Most lending capital comes from previous wealth accumulation, not current productive work.

\- Inflation 

Only matters if interest rate is equal to, not more than, inflation. Obviously the less money you have, the higher the interest rate. (yes because there is more risk, but that doesn't change the basic issue. The cost of the car is more for somebody with the money to pay for it upfront. Also, in which case does the value of the car diminish more quickly?)

SO

If markets reward productivity, why do identical goods cost more for people with less money? This seems like textbook surplus value extraction - the system is designed to extract more from those who have less and transfer it to those who already have more.

How is this consistent with the idea that capitalism rewards merit and productivity rather than just existing wealth?",0,capitalism
1lqtjwz,1751559045.0,"World population living in extreme poverty, World, 1820 to 2015","Yesterday, I shared [an OP](https://www.reddit.com/r/Capitalism/s/wLYIv8cr5U) about what I thought was the likely most important graph for this sub with extreme wealth production over the last few centuries.  Now I share another important graph with a steady increase in wealth in the population, little to no rise in poverty and as of late in the last half century or so, a dramatic decrease in poverty.

[World population living in extreme poverty, World, 1820 to 2015](https://ourworldindata.org/grapher/world-population-in-extreme-poverty-absolute)

&gt;Extreme poverty is defined as living on less than 1.90 international-$ per day.
International-$ are adjusted for price differences between countries and for price changes over time (inflation).

What is interesting is the lead-up to and the dramatic shift of 1989 of the dissolution of the Soviet Union.  Whereas before China and the Soviet Union had market reforms and after communism as we had known it would no longer exist.  Nearly a 1/3 of the world’s population would shift from communism and/or socialism towards mixed or hybrid economies.  That are more market economies that are typically [described as capitalism.](https://www.economicshelp.org/blog/147675/economics/why-is-capitalism-the-dominant-economic-system/#:~:text=Summary:%20Capitalism%20is%20the%20dominant,least%20worst%20option%20for%20many.)",15,capitalism
1lmrf1c,1751129282.0,CMV: Corporate lobbying is anti-capitalist,"I support markets. But one thing that’s always bothered me: if a company can't win in the market, it can often win through lobbying. That means success isn’t determined solely by value creation, but by access and influence. We don’t treat this as a market distortion. We treat it as a strategic edge.

In most other systems, using insider access to shape outcomes would be seen as corruption or regulatory capture. But under capitalism, it's “the market at work.”

Shouldn’t a truly competitive market reward the best product or service, not the best relationship with a senator?

If capitalism thrives on merit, why do firms pour millions into lobbying for tax breaks that deliver far more return than actual innovation? Pfizer, for example, paid just $110,000 in U.S. taxes on $4.6 billion in profit after spending millions lobbying to keep that rate low. Does that sound like a healthy market to you?",17,capitalism
1p7ck8m,1764175354.0,Poverty is relative and no one can end this.,"

It is funny to see how socialist want to claim why capitaliam can not end poverty. While they claim so called their magical system will be better in their imagination and how bad is capitalism, they seem hardly even know how idea of poverty come to exist or how they even calculate. 

Before digging into any details about poverty, if I ask, by showing a shinny tinny greenish bright deep a little stone to you, how it is worth, nobody would be able to answer without getting any other information or ref:

Talking about poverty is the same. Most of the so called poverty is just relative. Which means they all are calculated with ref: to another. In simple sense, economists have to draw a line, so that they can compare. Therefore poverty is mostly artificial line to understand about result, especially economic one. 

If so, what if we compare most of the people with Musk, then all people will be in proverty. I am not saying all form of poverty are nonsense or we should turn a blind( I will touch that part in below). What I mean is if we draw a line (artificial) then most of us won't probably be able to end the proverty. Cos in economics not only gain but also lost happens. These are not fault of any economists or capitalist or politians. It all based by scarcity on which people are competing to an advantage. 


And also we can not end poverty by robbing all welathy people money, giving to poor. In long terms, lost and gain will appear again. And we can not make everybody rich by giving free gold, in which we are making all people poor equally. Therefore, poverty is mostly natural part that humanity will never end . Nature do not care about our opinion or feeling, rather ours must follow nature. 

There is another poverty called absolute poverty, which is more likely like what is needed for a normal people to survive in this world. This idea seems to be noble, but still has many problems. Like I said before, in nature, gain or lost happens all time. Not every lion will have great meal every morning. By the way, do you worry about mice in your house which might face hardships in survival cos they can not get enough meal? What about the crockcocks? What about the birds? Snake? 

Your morality is based on mostly bias without having any base. I agree as a human, if people are out of poverty, then it might be better. But it does not mean it must be or it can be or it should be. If we do not make a system that put someone or group of people who will have to live in poverty or absolute poverty, we are not guilty. And nobody can be forced to get hungry cos somebody else is hungry. At the same time, we can not rob a wealthy person to save a starving child. If someone is very kind , then he wants to give what he has, then it is his. Reality is harsh, accept or delude it, it will not change.

Poverty can come and visit to anyone, who might be lazy, carless, and wasteful or even to great by bad luck. It is so natural that will haunt you eternal.
You can not tax a wealthy to end poverty. It is just delusion with no bond.
",1,capitalismvsocialism
1p7c931,1764174652.0,Executive authority ought to be earned,"I don't particularly care what we call it, but my major contention with Capitalism as it stands is that executive authority in a firm can be bought and sold.

I am **all for** worker-owners having control of their businesses. I am against committees of shareholders making decisions on the quarterly stock price and then selling their stake so the next rube can pick up the mess.

This arrangement seems inevitable under capitalism for any firm that achieves enough success to outlast its founders.

I turn to ""democratic workplaces"" socialism as an answer to this, but I welcome other exploration of solutions. How do we fix this?",3,capitalismvsocialism
1p759e2,1764156086.0,Are capitalists in support of immigration? How will capitalism solve the upcoming climate immigration crisis?,"This is a pointed question specifically about the general consensus among capitalists on whether immigration is supported or not. Do you support fully open borders, and what factors into why you might not?

And what are your ideas on how capital markets may address the existential threat of climate change, including the migration of people away from unliveable regions? It’s clear that capitalism has no ability to handle overproduction, waste, or climate-related sustainability. Ideologically, what is the response to societal collapse across the world, where people/nations will no longer be able to participate in the markets? Will the current system of financial trade succeed in preventing/solving climate induced resource shortages, and the massive influx of refugees?

IMO It’s highly likely that authoritarianism will eventually supersede capitalism, purely because capitalism offers no answers to these questions. And by authoritarianism I don’t mean communism, for however much you may dislike it there are definitely WAY less favorable and more likely forms already taking hold in western nations today.",0,capitalismvsocialism
1p72tlm,1764146793.0,"Correct me if I’m wrong, but lack of credit is one of the killing factors of capitalism.","I could word this better, but still figuring out how to word this. But is it safe to say that when capitalists don’t give each other credit, that things die. In the form of like “vouchers” or “customer referrals”, like some recognition of sort.

Seems the death of a capitalistic society happens when folks ignore each other and can’t see each other as competition and neighbors. Hope that makes some semblance of sense, and if it doesn’t I get it too ",0,capitalismvsocialism
1p72pcf,1764146313.0,Schrödinger’s Capitalism,"I often encounter the following contradictory claims from capitalist ideologues, sometimes from the same exact person:  

(A) Capitalism is merely a synonym for *purely voluntary production and exchange* (and thus is trans-historical and universal).

(B) Capitalism is a system of *private ownership of the means of production* (which is fairly rare historically, contradicting the above).

(C) Capitalism is responsible for all the material prosperity we enjoy today, starting roughly around the Industrial Revolution (which contradicts A but is compatible with B).

(D) We do not live under capitalism today, but rather some bastardized form that usually goes by a name like “Corporatism” (which is compatible with A but not B or C).

I like to call this “Schrödinger’s Capitalism,” in which capitalism is whatever the speaker needs it to be at any given moment. It’s somehow simultaneously the greatest system ever that we also don’t actually have that has been around since the dawn of time but was also invented quite recently. And only one of these actually mentions the thing that gives capitalism its name—“capital,” the commodified ownership of means of production.

All of this boils down to: capitalist ideologues would strongly benefit from both a critical theory of capitalism AND more than a superficial and cursory exploration of the kinds of economic decisions people were making before capitalism was imposed on us.",15,capitalismvsocialism
1p6ysx4,1764132603.0,What is Ancapistan,"I have recently heard of Ancapistan which I understand so far is supposed to be the shorthand for a hypothetical ancap society. I was very interested because I wonder what it is like.

What is anarcho capitalism? How do you have a capitalism without a state to enforce the private property? And what exactly is ancapistan, what is it like if we pretend we flew there and visited for a week?

[I asked a similar question to socialists asking what their version of socialism would look like for a week compared to a week in todays life.
](https://reddit.com/r/CapitalismVSocialism/comments/1omz394/socialism_compared_to_capitalism/)
What would a week in ancapistan look like? Let's say that we have John Doe in our current world who rents an apartment and does a 9 to 5 job. Can you describe how his life is in our current economy, and then can you describe how his life would be in ancapistan for a week?",7,capitalismvsocialism
1p6oy94,1764105776.0,Moneylessness and society without class,"Someone said that capitalism has come up with welfare before socialism did, but whether this is accurate or not all I know is that it  inspired me to wonder something. It had me wondering if some concepts are not exactly exclusive to a school of thought?

If a society becomes moneyless is that still eligible to be capitalist or would it start to become something socialist/communist?


The reason I ask is because is a moneyless society necessarily one of the three things? Because I thought human societies already had periods without money, but would that have been called communistic or would it have been separate

I have heard that a moneyless classless society is communism. Is this true, or can a moneyless classless society potentially be noncommunistic?

On a related note,
If workers own the means of production, is there a risk that it is still not socialism yet?",2,capitalismvsocialism
1p67r8z,1764061371.0,Why must it be punitive ?,"So, one of our socialist comrade here posted this  [What is more important, Life or Property? : r/CapitalismVSocialism](https://www.reddit.com/r/CapitalismVSocialism/comments/1p3uw7b/what_is_more_important_life_or_property/)

Our friend here supported the example of Finland doing huge taxes to rich and middle class people  for housing homeless, and saying such taxation was acceptable and wasn't punitive. (they even said stealing was fine if it's for common good)

As much as I disagreed with them, the debate was good to have.

I believe taxations are punitive by default. On paper, it is not punitive, in practice it is totally punitive. Money taken away for no personal benefits.

The OP said it was necessary because homeless help groups gets really low money by the population. So it shows people want to keep their money on this particular topic.

And yet despite the choice of the majority, Finland imposes huge taxes for homeless housing despite the fact people made clear of their choice by not giving voluntary money for homeless.

All I see was the state saying ""I know you want to keep your money, but for housing homeless we will take a kinda big amount of your money to house random strangers, and of course you will get no taxes cut, and you will get absolutely no benefits, be proud now""

So instead of the state doing punitive taxes on you for housing strangers and you get absolutely no benefits, why doesnt the state offer the VOLUNTARY option for people to pay for homeless housing with the intent to get taxes cut for months or years (depending on how much you contributed).

People would actually be more encouraged to give money and it would make a trusting relationship between people and the state.

But I believe the state doesn't want to lose it's power, they want as much money as possible, they could have used the ""contribute voluntary for less taxes"".  But nooooo, the state had to take money and give no benefits back.",4,capitalismvsocialism
1p65u9c,1764053976.0,Is labour theory of value feasible?,"Today, we both whether capitalists or socialists agree that the labour theory of value is core of socialism. Without it, socialism lost its justification. So, we must seriously analyze it whether it can stand on its own or not. Or whether it can creat its own economics system or not. We must put biases and see everything critically then we can know better. It is natural part of our learning. So….


Suppose you and I are both in socialist regime. So economic apply as a socialist state should be. The marginal Value theory or Subjective theory is not accepted cos they are tool just to mislead our glorious leader Marx’s labour theory. 

Then you are a farmer and I am too. You cultivate one acres of wheat while I am cultivating one of wild grass. Yeah you can not judge my sanity cos you have no ref to whether my doing will be beneficial to society or how much my work values. In socialist state, only labour theory which a value of a product is equal to amount of labour time that is needed to produced it, exists. No capitalist tactic exists. 

If so, after one year passed, you got a lot of corns and I did a lot of grass. Then we both meet at exchange place cos there is no market in socialist state. Then would you agree to exchange with my grass which costed me a year to cultivate with your corns.

From above problem, there can be two cases. First is you follow the true theory of Marx and accept my worth as same as you. So we exchanged. If so, there arises serious problem. What if I want to exchange my labour with any other product that costed a year to produce like gem, jewelry or very fine furniture or even very fine car. Then what is your response to me. Will you accept me? If we accept this kind of exchange, is that type of economics feasible?

Second case is you reject my value or put lees value under your corn. (If we do that we have to use marginal or utility or subjective theory which are surely filthy capitalists theory for ref or similar idea. If we use that we are admitting that we are also capitalists? If we accept my products is less value, then are we creating more owned and less owned classes? And as related subjects, if there is unequal members in a society, then what is the meaning of classless society? 

",0,capitalismvsocialism
1p63mto,1764046357.0,Did you know social welfare was actually developed by capitalist before socialism even existed.,"Early capitalist nations built major welfare systems

Many large, formal welfare programs were introduced by capitalist governments, not socialist ones—for example:

Germany under Bismarck (1880s) – health insurance, accident insurance, old-age pensions (Bismarck was explicitly anti-socialist; he did this to undercut socialists.)

Britain – Elizabethan Poor Law in early 1600s or the early 1900s National Insurance Act

United States – New Deal (1930s), Social Security

Nordic countries – strong welfare states long before any socialist revolutions

These were all capitalist democracies using welfare capitalism to stabilize society, prevent unrest, and keep workers productive.

Ancient societies had welfare, but their economic systems were tribal, feudal, slave-based, or agrarian tribute systems, not capitalist or socialist. The capitalist adopted and developed what had been previously used long before socialism.",8,capitalismvsocialism
1p5uwrp,1764022363.0,Non Exploitative Employment,"Socialists,

What are some examples of non exploitative arrangements of employment or work?

I needed to understand what are your visions on certain industries or lines of work. For example the landlord is often said to be exploitative. What is a non exploitive model that analogs that?


What is exploitative about the current arrangement of a doctor treating a patient?

If a doctor buys a lease at a store and runs his private practice from within that lease what is exploitative about what he is doing?

I am asking these because I was trying my best to figure out how to spell out what I am still confused about regarding the concepts of exploitation for capitalism. Because one worry that had come to mind is that if exploitation is not well defined, then socialism might accidentally contradict some certain ethical goals.",3,capitalismvsocialism
1p5kawz,1763998871.0,The Marxist Investment Fund,"I had a fun idea. If Marxists think their long run predictions about capitalism are accurate, then you should be able to build an investment strategy on those predictions. After all, if you believe a theory is strong enough to describe the future of an economic system, it should also be strong enough to guide your portfolio. So here is what a fund would look like if you invested according to core Marxist claims: the tendency of the rate of profit to fall, the immiseration of workers, the growing reserve army of labor, and the idea that capitalism becomes more crisis prone over time.

Start with the tendency of the rate of profit to fall. If you really think capital profitability declines as capital deepens, you should not hold equities at all. You would short broad equity indexes and avoid anything that depends on long run capital returns. You would overweight government bonds, cash, and maybe gold. Your entire posture would lean toward the idea that capital produces lower and lower returns as time goes on. If you applied this to the last century, you would have missed the strongest and most consistent equity returns in recorded financial history, including the broad postwar boom, the late twentieth century rallies, and the long surge in global equities after 1982.

Now take the immiseration claim. If workers become poorer over time and their consumption shrinks relative to output, then you would avoid anything tied to mass consumer demand. You would underweight consumer discretionary entirely and load up on luxury brands, private clubs, niche high income products, and companies that sell to the wealthiest brackets. If you had taken this view across the last fifty years, you would have missed the entire rise of broad consumer markets, everything from electronics to household goods to mid range cars. The companies that dominated long run returns depended on enormous middle class consumption, which Marxist predictions told you not to expect.

Then consider the reserve army of labor. If you think technology destroys jobs faster than the economy can produce new ones, and wages collapse under competition, you would put your money in firms with very low labor costs and aggressive automation. You would avoid companies that rely on rising employment or rising wages. You would buy gig economy platforms, low wage service firms, and any business that benefits from surplus labor. If you backtested this over the long run, you would have missed the sectors that actually delivered the best returns, which usually required a stable and expanding middle class workforce.

Finally, take the claim that capitalism becomes more crisis prone. If you sincerely believe crises intensify across time, your fund would be positioned for constant disaster. You would keep a large share of the portfolio in long volatility hedges, gold, cash, and commodities. You might hold some equities only as short term trades, since you would expect recurring crashes to wipe out long positions. If you ran this strategy from 1950 onward, you would have spent most of your life hedged against a series of catastrophes that never arrived. You would also have locked yourself out of the compound growth that came from staying invested during long bull markets.

Put all of these ideas together and you get the Marxist Investment Fund. It holds bonds, gold, volatility hedges, luxury goods firms, automation intensive firms, and almost no broad equities. It positions itself constantly for falling profit rates, collapsing worker consumption, a permanent labor glut, and a rising frequency of systemic crises. If you had actually run this fund across the last century, it would have been destroyed by the performance gap against simple broad index funds. Most of its predictions would have been contradicted almost immediately by real world returns.

This is the part I find interesting. If Marxists truly believe these predictions, nothing stops them from investing this way. They claim to have a theory of capitalism that describes long run outcomes. They should be able to profit from it. But every time you translate these predictions into portfolio choices, you end up with a strategy that underperforms the most basic capitalist investment tools. That says something. If your own model cannot guide your investments without wiping you out, why should anyone trust it to describe the economic system as a whole?

EDIT: so far, no Marxists have shown any interest or history in actually investing according to the predictions that they claim to believe in.",0,capitalismvsocialism
1p5h20g,1763990897.0,Persistent Unemployment: A Flaw In Capitalism,"Defenders of capitalism, whether of a liberal reformist or of a more conservative variety, portray it as harmonious, in some sense. One aspect of this portrayal is that under ideal conditions, at least, markets tend to clear. This supposed tendency must apply especially to the labor market. Another aspect, put aside in this post, is the obsolete and exploded marginal productivity theory of distribution.

Nicholas Wapshott was correct in putting this supposed tendency as a central point of contention between John Maynard Keynes and Friedrich Hayek:

&gt;""... the objections of Circus members ... suggested to Keynes what was to become a pivotal element of The General Theory, that overall output was not fixed and could be raised through increased investment to a point where everyone in an economy was employed. It was this first slender thread of thought that led to Keynes's wholesale contradiction of the claim of classical economists like Hayek that an economy, left to its own devices, in the long run inevitably came to rest at a state of equilibrium where there was full employment. Keynes was to argue in The General Theory that in the short and medium terms an economy could reach equilibrium with considerable unemployment and that the full employment equilibrium predicted by classical economists too often proved to be elusive. Keynes believed that the chronic unemployment endured in Britain and America in the 1920s and 1930s was evidence that the full employment equilibrium was a fallacy."" -- Nicholas Wapshott. 2011. *Keynes Hayek: The Clash That Defined Modern Economics*. New York: W. W. Norton and Co.: p. 128.

I can think of three positions to take here:

* No such tendency exists for markets, including labor markets, to clear in any run.
* Such tendency would exist, but imperfections and rigidities prevent this tendency from manifesting itself.
* Although imperfections and such like exist, they are not empirically important enough to prevent this tendency for markets to clear, if we are patient enough.

Keynes and Piero Sraffa have convincingly argued for the first position, that no tendency exists for markets, including the labor market to clear. Keynes had many arguments. For example, workers and capitalists may have no way of negotiating about the real wage. Suppose unemployment is high. A system-wide drop in the money wage occurs. Prices might drop as a result, leaving the real wage unchanged. If the money supply is exogenous, the real money supply is increased in some sense. You might get money policy implemented by trade unions. But this effect is outside the usual partial equilibrium story about the labor 'market'. Furthermore, capitalists would be inclined not to open new factories in a period of declining wages and prices. They can anticipate that new factories opened tomorrow, instead of today, will have decreased costs and a decreased burden of debt. With declining prices of output, too, capitalists will put off investment. Keynes' arguments about effective demand and liquidity preference are more well known.

Sraffa showed that prices, in a long run theory, do not have the properties needed to support just-so stories about supply and demand. Prices of production can support a long run theory in which labor markets do not necessarily clear. Say's law is false.

For the second position, I think of failures of competition, [information asymmetries](https://www.nobelprize.org/prizes/economic-sciences/2001/press-release/), [search costs](https://www.nobelprize.org/prizes/economic-sciences/2010/summary/), [incomplete contracts](https://www.nobelprize.org/prizes/economic-sciences/2016/summary/), [principal agent problems](https://www.aeaweb.org/articles?id=10.1257/jep.7.1.83), and so on. Many misleadingly characterize Keynes as holding this position. I guess those investigating these [imperfections](https://www.reddit.com/r/CapitalismVSocialism/comments/1kkqu2h/are_you_aware_of_these_imperfections_in/) often advocate government interventions to remove or mitigate their effects. A radical position is that at least some of these imperfections cannot be removed. Government might then need to simulate how markets would work without these limitations. Is this the position of ordoliberalism?

Those with the third position would be for a more laissez faire [approach](https://www.reddit.com/r/CapitalismVSocialism/comments/18ralmx/an_intervention_in_the_economy_is_illdefined/).

But to return to the first position. Suppose no tendency exists for markets, including the labor market, to clear. Keynes [recommended](https://www.reddit.com/r/CapitalismVSocialism/comments/1ksy324/could_maynard_keynes_have_been_a_liberal_socialist/) a ""somewhat comprehensive socialisation of investment"". But he was not clear on what that means.",2,capitalismvsocialism
1p4s4hd,1763918039.0,Why American Healthcare and the NHS both suck,"Here in the UK the National Health Service (NHS) has been failing for decades despite the Labour Party having poured billions into it in the past. The issue not monetary but rather a central planning and economic calculation problem. When you destroy the information of prices, the government misallocates resources resulting in dated approaches to care and massive waiting lines because central planning is impossible.

American healthcare is often compared to the NHS a lot in Britain as supporters would like to have you believe that if it weren't for the NHS we'd all be dying by our thousands and American healthcare to them is some capitalist beacon with overly expensive healthcare.

However, American healthcare costs are through the roof precisely because of the state imposing mass regulations on the market that restrict if not outright ban the competition of larger hospitals and thus were left with monopolies. As for the pharmaceutical companies? Well the reason they get away with setting the high costs is due to a collusion with the state, in other words the third party payer system.

In an actually privatised healthcare system consumers have choice and if consumers are not happy with the service that they get they have the free choice to go elsewhere. There is fierce competition in the free market and that's why collusions and ridiculously high prices cannot form under a free market.",1,capitalismvsocialism
1p4qtef,1763914918.0,"Capitalist ""attacking"" socialism as ‘they are coming for your stuff’","Try to not see it as ""they're only believing this to attack me"" instead try to see the human behind the belief and understand why it's important for them. Fearing theft is understandable and waving their caution off as an ""attack"" on you comes off disingenuous and untrustworthy; \*\*anti-comradery\*\*.

  
Is this understandable?",10,capitalismvsocialism
1p4o0vj,1763908041.0,"Socialists, will video games still be pay to win after the revolution?","Ya'll know me. I'm a hustler, a sprinter, and a money printer. I work hard, and I play hard.

By which I mean that when I play games I like to use daddy's money to buy myself an edge so I can get easy wins over all the broke noobs.

Now, I am afraid, on hearing socialists talk about eliminating the capitalist profit motive, that in socialism there won't be any pay to win games. I won't be able to just buy a three thousand dollar deck for MTG or Pokemon tournaments, and all the new DLC characters in games from MOBAs to hero shooters to fighting games will be....balanced...for...the love of the game? Or something?

This simply will not work for me. If I cannot use my money to gain an unfair advantage over Uncle Freeplay then what is even the point? I might as well just live in the woods subsisting on roots and roadkill.

So tell me, socialists, why would you take away my freedom to buy digital assets I can lord over others? If I have money it's only fair that I be given a better experience for giving so much of that money to the company. Honestly, without people like me paying to win, how will any of these game companies innovate?",13,capitalismvsocialism
1p4k3h9,1763895932.0,Were the classical liberals describing a phenomenon (early capitalism) that already existed?,"I was reading Hume's Treatise and was surprised by how similar Adam Smith's work is to Hume. Hume basically talks about private property, free markets, contracts, and how rights to property could be assigned (Book 3 Part 2). Hume wrote that in 1739.

How much of what Hume wrote was describing some early capitalism already in place in UK at the time? And how much were Hume/Smith/other economists the architects of the capitalism to come?",5,capitalismvsocialism
1p4hsnw,1763887298.0,Landmark Antitrust (Monopoly) Cases for Understanding The Logic of Capitalist Regulation?,"Hey guys!



Which historically consequential and legally significant antitrust cases should I study to understand how capitalism has been interpreted and regulated in practice—specifically cases that shaped our ideas of monopolization, market power, and the “ideal” regulatory equilibrium within a capitalist system?



I’m looking for cases that *inform*, *structure*, or *demonstrate* the legal boundaries of monopolization and competition—something that, in their own way, function like Kant’s **Categorical Imperative** in *Groundwork of the Metaphysics of Morals* (1785), shaping the underlying logic of Western legal reasoning.



The obvious example is:  
**Sherman Act §2 —** ***Spectrum Sports, Inc. v. McQuillan*** **(1993)**

  
Which other cases are relevant ?",0,capitalismvsocialism
1p4gexc,1763882030.0,Comparing Cuba to the United States in regard to economic success is unfair.,"A common argument used by opponents of Socialism is the comparison between the economic success of Cuba, a communist-led country, and the United States, a capitalist country.

The examples seen in Cuba used to argue against socialism usually point toward the poverty, high inflation, and infrastructural faults seen in Cuba as a way to dispel socialism, but I believe this is overly simplistic. Firstly, Cuba is rather limited in resources compared to the USA, along with having a much smaller population. Comparing the worlds largest economy which carries an extreme abundance of resources, to a resource-stricken island nation is not exactly a fair comparison. On top of that, there is the obvious US embargo on Cuba. This has fundamentally gutted Cuba's ability to trade internationally, a problem the USA does not suffer with.

Of course, Cuba's situation is not solely at the fault of others; they most certainly have had cases of economic mismanagement. However, comparing Cuba to an international economic superpower as a way to argue against socialism is not very compelling. Cuba's natural environment (their resources), along with the US embargo would make any economic model struggle, socialist or capitalist.

TLDR; Cuba's economic situation is not a fair example to judge socialism as an economic model, and comparing it to the USA is unfair due to a lack of resources, and the US embargo.",5,capitalismvsocialism
1p4edz5,1763874904.0,"I have yet to see any counter against the tendency of the rate of profit to fall, is there any?","It's basically empirically proven, ever since we have been able to conduct large scale time intensive studies about the rate of profit, that it has the tendency to [fall](https://www.exploring-economics.org/en/discover/on-the-rate-of-profit/). 

Seemingly proving, at least to me, how far ahead Marx was of his time. 

And as it falls more and more, the more capitalism will get worse and worse. 

Ofc, there are ways to temporarily relief it. You can do a bunch of immigration, outsource jobs, not reinvest your capital and spend it on luxury goods. But eventually you will have to compete and because of that you will have to reinvest some of your profit into capital, which will keep the profit rates falling. And there's only so much labor we can replace with foreign labor. 

Sure on a micro level to a capitalist it may seem they are making more money than ever. But because the profit rate will fall, investors will take their money elsewhere, which will force the capitalist to do more layoffs, more automation, or more offshoring. Or even worse, rely on financialization which makes it even more prone to failure like in 2008. 

There really is no way for even social democrats countries to get around this, as private businesses will always compete. No amount of government intervention would work. 

And we are already seeing partly Artificial Intelligence (though I think it's overblown) replacing some jobs. 

Is there any counter to this?


Edit: Just to clarify for some very idiotic capitalists, yes, Marx was talking specifically about industrial capitalism. Financialization, as I mentioned, will have positive return rates, because that's where capitalists will escape to when it fails in industry, but financialization cannot save industry failing. In fact it makes the economy more fragile. ",2,capitalismvsocialism
1p491qr,1763858540.0,"Dialectical materialism is anti-science and equality is mostly inevitable, so classless society is pure nonsense.","Social hierarchy is inevitable in groups and teams (Harrison &amp; Klein, 2007; Hollenbeck, Beersma, &amp; Schouten, 2012; ; As Laurent (1978, p. 221) concluded so poignantly concerning organisational hierarchy, ‘The pyramid is well grounded in everybody’s mind.

This is consistent with decades of research indicating that status hierarchies emerge almost instantaneously in all types of groups (Bales, 1958; Bales, Strodtbeck, Mills, &amp; Roseborough, 1951; Gould, 2003; Whyte, 1943).

there is a widely shared understanding that (almost all) human societies and other complex social systems such as organizations are structured as group-based social hierarchies (e.g. Laumann, Siegel, &amp; Hodge, 1971; Mousnier, 1973; Scott, 1990; Sidanius &amp; Pratto, 1999; Sidanius, Pratto, van Laar, &amp; Levin, 2004; Thompson 1961; Zaleznik, 1989).

As Laurent (1978, p. 223) has said, ‘The pecking order seems to have pervasive effects across cultural, structural and political systems.’ Whether societies consist of clearly demarcated classes or more of a patch- work of clusters and groups of people, whether they are more static or more fluid, or whether the boundaries between the groups are more closed or transparent—in most societies there still seems to be a deeply embedded tradition and understanding that stratification and hierarchical relationships between people are ‘normal,’ even desirable and worthwhile.

A social hierarchy ranks members based on something that the group values. This usually means either power—control over important resources—or status—how much respect and admiration someone gets from others (Magee &amp; Galinsky, 2008). 

Experts have different views on whether social hierarchies help or hurt individuals and teams (e.g., Anderson &amp; Brown, 2010; Berger, Cohen, &amp; Zelditch, 1972; Bunderson &amp; Reagans, 2011; Emerson, 1962; Greer et al., 2014; Keltner, Gruenfeld, &amp; Anderson, 2003; Lee &amp; Tiedens, 2001; Magee &amp; Galinsky, 2008; Ridgeway, 1982). Supporters of the functionalist view say hierarchies help by making coordination easier and motivating people to work harder. They also provide predictability, reduce uncertainty, and fit with ideas of meritocracy (Halevy, Chou, &amp; Galinsky, 2011). So, social hierarchies can help teams work well. But hierarchies can also cause conflicts and block important processes like speaking up and learning (Bunderson &amp; Reagans, 2011; Greer et al., 2014; Tost, Gino, &amp; Larrick, 2013). These problems can lead to bad behavior and harm team results. So, hierarchies can have both good and bad effects.

Some scholars believe hierarchies are stable and keep themselves going because they form early in a team and last over time (e.g., Berger, Rosenholtz, &amp; Zelditch, 1980; Bunderson, Van der Vegt, &amp; Sparrowe, 2014; Kilduff &amp; Galinsky, 2013; Magee &amp; Galinsky, 2008). 

Some anthropologists stress that, throughout the Paleolithic Era (i.e., from about 2,500,000 bce to 12,000 bce), there were hunter-gatherer groups (so- called ‘band societies’) that were probably fairly egalitarian (Harman 2008).


there are several other anthropologists and scholars who, like Harman (2008), argue that Paleolithic hunter-gatherer societies (or “band societies”) were relatively egalitarian. These scholars suggest that early human social structures were based more on cooperation, sharing, and minimal hierarchy, especially when compared to later agricultural or industrial societies.


In archaeological and ethnographic evidence from Mesopotamia, Polynesia, Mesoamerica, and Africa, among others, these examples show that inequality developed independently in different places, but often through similar mechanisms.

The status hierarchies differ in dispersion, the level of status inequality that exists within the groups (Harrison &amp; Klein, 2007).Fukuyama 2011: 43, 53–4. Diamond 2012: 10–15. Fukuyama 2011: 48. Diamond 2012: 11. 
Flannery and Marcus’s (2012) The Creation of Inequality: How our Prehistoric Ancestors Set the Stage for Monarchy, Slavery, and Empire, for example, offers all sorts of interesting insights into how inequality might emerge in human societies,

Walter Scheidel’s more economically informed study, The Great Leveller: Violence and the History of Inequality from the Stone Age to the Twenty-First Century (2017), concludes – just as dismally – that there’s really nothing we can do about inequality: civilization invariably puts in charge a small elite who grab more and more of the pie, and the only thing that has ever been successful in dislodging them is catastrophe in the form of war, plague, mass conscription, wholesale suffering and death.

All of these scholars suggest that material dialects ( thinking transition capitalism to socialism ) did not occur. All point out, we move from simple more equal society to complex more hierarchical society. In that sense we as a human evolved against Marx Dialectical Materialism in reverse. So can we conclude that even if we could create so called classless society, we would move again to hierarchy? Can a socialist reject Marx dialects as nonsense? ",0,capitalismvsocialism
1p45ipc,1763848928.0,Competition,"An ancom asked me ""why should you have to compete with other people for your livelihood and well-being?""

I then said what came to mind which was scarcity, but he explained that some scarcities are manufactured and I can see that.

The thing is, what would be the answer to this question from a capitalist perspective? What is the reason we compete with others for our livelihood and well being?

This made me think why not have a market where we are all focused on getting money and creating goods and services and investing in projects but where achieving this was done through eliminating the poverty traps and not necessarily through ownership changes from the state",3,capitalismvsocialism
1p3rky8,1763812927.0,Plato and city of pigs,"Plato was making some good and some nonesense as usual like in what is human. But this time is different. He is doing for polis... Then his brother comes in and started calling Plato's polis is just city of pigs. So this argument is like presocialist and capitalist debate.

Plato thought social cohesion arises from mutual needs: “The origin of the city … is to be found in the fact that we do not separately suffice for our own needs … we being in need of many things, gather many into one place of abode as associates and helpers, and to this dwelling together we give the name city or state” (Republic, II, 369, b-c).

Because people cannot meet all their needs alone, society exists to satisfy mutual needs (emetera chreia). The early state was a solidarity community, without the tensions caused by luxury.

The natural state was created by people cooperating through division of labor, specialization, reciprocity, and exchange limited to basic goods and services, all in a spirit of self-sufficiency (autarkeia). In this frugal state, political and moral problems caused by functional disharmony were almost nonexistent. Production was for immediate use, and exchanges between farmers and craftsmen were based on use value.

Plato’s brother Glaucon criticized this simple life, calling it a “state of pigs” (Republic, 372 d). He argued for more comfort, better goods, and specialized services like music, arts, and sciences. This required more production and trade, leading to markets and long-distance commerce.

My point is even Plato admit his style of polis will be poor that is why he call it frugal polis. In history that is shown as correct. Then how will socialist will show us socialism will do better than capiltalism? I want to use, enjoy and spend much as I could and in another word I want to get valued as much as I am possible. What is you magical solution for that?






",3,capitalismvsocialism
1p3bzkr,1763763094.0,"Challenge: If socialists have a better name for ""free market capitalism"", I'll drop my support of capitalism","I don't have to be pro ""capitalism"", it's just the best description (for normal people), but in a lot of these discussions here, socialists say that \*corporate socialism\* is capitalism. They'll also say \*social Fascism\* is capitalism.

  
So if you guys have a better name for what a free market is: I'll drop my advocating for capitalism (because I \*\*don't advocate\*\* for \*corporate socialism\* or \*social Fascism\* and that seems to confuse yall?)",7,capitalismvsocialism
1p33zgg,1763744430.0,"A Brief Outline of World History, Part 1: Up to Year 1","I see a great deal of misunderstanding about the world stemming from a near universal lack of general History knowledge. It's not the fault of the student, or even the teacher, but the people who set the curriculum... and leave out the important details.

Let's try to at least put things into context, so we have a structure to hang the various bits of knowledge we have onto:

History begins (history has to be written, so there is no history before writing) between 3400 and 3200 BCE (Before Common Era, the same as BC, ""Before Christ, but... reasons, we will get to that) with Cuneiform (""wedge-shaped,"" different arrangements of wedge imprints on clay which were then baked) tablets, mostly administrative and accounting records, from Sumer, modern day Southern Iraq, in the general area known as Mesopotamia (""Between the Rivers,"" the rivers being the Tigris and the Euphrates). This was part of the broader region called the Fertile Crescent, so called because the shape of the Jordan and Tigris/Euphrates watersheds looks like a crescent on a map, and their regular floods silted the floodplain, acting as fertilizer.

The same pattern was emerging at nearly the same time in nearby Egypt, for similar reasons, but the Nile was even better as it had more predictable floods; the Tigris and Euphrates had major, destructive floods every few decades. This led to a population explosion and a glut of labor, explaining the Sphinx, Pyramids, obelisks, and enormous pillars, plinths, and other massive pieces of stone, and traditions from various neighboring cultures of traveling to Egypt during droughts and famines.

Meanwhile, China was having an interesting combination of the two; the Yellow River had unbelievably destructive floods, to the point that the earliest records are of desperate attempts to build levees and canals to prevent everything they have from being destroyed (with the implicit connotation that this had happened many times, already), while the Yangtze was much more predictable, but also less fertile and demanded less social organization, resulting in a cultural divide between north and south.

Then there was India; well, yes and no, it was actually the Indus Valley civilization, which was mostly in modern Pakistan. The interesting detail is the mix of Eastern and Western culture, which is proven by the presence of crops from both Mesopotamia, such as wheat, and China, such as rice, which along with the spread of horses and bronze indicate communication and even trade across Asia going back at least five thousand years. Ironically, the Indus was both more destructively flood-prone and less fertile than the nearby Ganges, which has regular and predictable monsoon rains, but the resulting dense vegetation made it to difficult to clear until the Iron Age, about 1,000 BCE.

The Iron Age is an interesting marker; it wasn't just that someone found a better metal and it won out in a market economy, people only started using iron because the trade that supplied bronze fell apart, and they had to find a replacement. This was known as the Late Bronze Age Collapse, an invasion by several different groups collectively called the Sea Peoples, who destroyed half a dozen civilizations across the Eastern Mediterranean about 1200 BCE, and implicates everything from the Trojan War to the Book of Exodus to the Mahabharata War from the Hindu Vedas... none of which happened anything like the myths, but the connection is interesting.

That connection comes through the Indo-European migrations (previously called the Aryan Migrations, but changed for... reasons), the steppe nomads (called Yamnaya) who spread horses, bronze, and later iron and steel, and invaded India, Europe, the Middle East, and even Egypt, Mongolia and Western China. Some of the Sea Peoples were from this group, others had been pushed out by them. For reference, in genetic studies, this group is associated with Y-chromosome Haplogroup R1a, the distribution of which is shown in this [map](https://en.wikipedia.org/wiki/Haplogroup_R1a#/media/File:Mapa_de_R1a.png). Today, 80-90% of the world population speaks an Indo-European language, almost 50% as their first language.

China had a different transition, a little later, when the deeply mystical and autocratic Shang dynasty was defeated by the Zhou clans, beginning the Zhou dynasty who implemented a more decentralized, feudal system which emphasized virtue and moral governance, and developed into the Three Schools of Chinese Thought: Taoism, Confucianism, and Legalism... each of which really need a dedicated article to explain properly.

In India, this was the Middle Vedic period, and if the Chinese schools of thought were complicated, that is nothing compared to Indian history. This was when the caste system appears to have become rigid; the largely steppe-descended priestly and warrior castes, and the mostly native Dravidian-descended craftsmen and laborers, with the Dalit, ""Untouchables,"" as an underclass consisting of anyone who didn't claim descent from one of the characters of the Vedas. The Ganges plain was settled, and the Maurya Empire consolidated most of the subcontinent into a single political entity about 320 BCE, although this only lasted about 100 years and would not happen again until the modern era.

This was the Classical Period in the West, the era of Greek philosophy, about 95% of the Old Testament, all of the New Testament, up to the ""Fall of Rome,"" which didn't really happen. Socrates, Plato, Aristotle, Alexander the Great, Julius Caesar, Cleopatra, Paul of Tarsus, Constantine. Note the 95% of the Old Testament, as there is no mention of bronze age technology or a transition from bronze to iron, meaning that the earliest memories of any of the stories were at least centuries after the Late Bronze Age Collapse. Note also the inclusion of Paul, but not Jesus, because the evidence that Jesus was real and not a fictional character is weak, which is getting ahead of this part, but it is necessary to explain the change in terms for years.

BC and AD were not changed to CE and BCE because academics are evil atheists who wanted to eliminate a religious term, it is because, once Europeans traveled around and started digging stuff up, they started being able to piece together events from history, and the numbers didn't add up. The gospel of Luke places the birth of Jesus during the reign of Herod the Great (died in 4 BCE) and while Joseph and Mary were traveling to Bethlehem to register with the Census of Quirinius (6 CE), so the traditional date of 1 AD no longer made sense, and to avoid arguing about it, they just changed the terms.

Note that this has little to do with the theory that Jesus was fictional or a composite character, other than that the author of the Gospel of Luke was clearly living long enough after the fact to have simply not remembered that there was a decade in-between these events when he fabricated them (or at least the census, part; Herod is mentioned in Matthew, which was probably earlier... but not by much).

And if you think this is too much focus on a controversial detail, this is only an example of all the ways that what you think you know about history is incorrect, not just in dates and events and people, but in narratives.

History is ultimately the story of how we got to where we are, now, and if we cannot be honest about how that happened, how can we possibly get to where we want to go?

Part 2 will take us from Year 1 up to about 1500 CE.",0,capitalismvsocialism
1p32jew,1763741127.0,My defense on socialism,"Last few days, I have been harshly criticized socialism.Now I thought I should do some justice to it by defending some of its merits. Yeah, socialism is not bad as much as they say. They have many merits too. So I imagined myself as a fully socialists who would defend it….


As a proud, committed, dedicated and unwavering socialist --fully committed to the cause as long as someone else pays for it—I can proudly say our system absolutely works… in theory, in textbooks, and in group chats though it may seem us jobless. Filthy capitalist always say that every socialist state in history has collapsed harder than my motivation on a Monday morning, but that’s only because they didn’t do our version of socialism, the magical version—not even myself can explain in words, Comrades—that exists solely in our imaginations. 

And never forget failures of these state are not fault of socialists cos they are by capitalist sabotage. If not even, these are not our fault Comrades either. Why?this is because filthy capitalists again, Comrades, Filthy Capitalists. Why would they let us fall? Why don’t they bail out our failure? Is it not our (human) duty to look after each other? Yes, They are not, Comrades, cos only care about their interest. That is why we want to destroy all capitalist whether they see us as social democrats or not. This is our bigger plan of socialism that those filthy capitalists won’t see, Comrades. 

Our core ideology of future must be socialism does not equate colonialism or imperialism, Comrades. When we are invading others, we are not doing colonialism. We are freeing slavery from Capitalism and we are doing from rat race that mega minded capitalists created, Comrades, by sending labour camp in which they see their last breath. That is why you must follow and say as I did, Comrades, any disobedience even slightly will be harshly punished, Comrades.

We not only free from people from capitalists but also from free drugs of mankind’s that our dear leader beautifully said, Religions. So they destroyed these capitalists tactics and worshipped our enlightened leader, Marx,Comrades. Do not dare to disrespect him, it will also be harshly punished. 

The greatest we, socialists, have ever one to mankind is equality, Comrades, though in those filthy capitalists accused of us equally miserable and hungry. We promise equality and we fulfilled it, so our job is done correctly. We did not promise to own like capitalists. Even thinking about owning is punishable, so do not even dream about it, Comrades. Rest is just capitalist propaganda, Comrades. 

Speaking of misery, are those filthy capitalists free from it? No, they are not… not even a slightly, Comrades. See our utopia is flawless that no capitalism and reality can offer you, Comrades. So you prepare to defense and protect it from those filthy capitalists, Comrades. 
Go to war, fight and die for me in battle comrades. If you die in battle, I will make you Martyr. If you are alive and back I will promote you higher rank to fight for classless society, Comrades.


",1,capitalismvsocialism
1p2z9j0,1763733391.0,"""'Non-Substitution'""","I have pointed out that explaining prices in capitalist economies by well-behaved supply and demand functions is an obsolete theory. Economists realized that the theory was incoherent more than half a century ago.

In the textbook handwaving story, a higher price of a commodity is supposed to incentivize consumers to substitute some other commodity for it, like margarine for butter. Likewise, in production, a higher price of an input incentivizes firms to substitute some other input for the now higher-priced one.

I had a couple of posts explaining the so-called [non-substitution](https://www.reddit.com/r/CapitalismVSocialism/comments/1jwohi8/how_do_tastes_influence_prices/) [theorem](https://www.reddit.com/r/CapitalismVSocialism/comments/1jiqbrh/how_do_tastes_have_an_influence_on_prices/). Luigi Pasinetti was a top economist who had some [original](http://piketty.pse.ens.fr/files/Pasinetti1962.pdf) works and who caught [Paul Samuelson](https://www.jstor.org/stable/1882911) and [Robert Solow](https://www.jstor.org/stable/2230161) in error. Here is some of what Luigi Pasinetti has to say about this theorem:

&gt;""The analysis of the switching of technique as the rate of profit is changed, which has been discussed above, has had some quite upsetting effects upon traditional economic theory. For all its simplicity, it has revealed that some of the most deep-rooted convictions of traditional theory are devoid of any foundation.

&gt;...The first result that may be brought out is that technical choices are far less dependent on economic variables than traditional theory had led us to suppose. The only economic variable that proves to be relevant in this connection is the rate of profit. Indeed, as has been seen, once the technology is given and the rate of profit is fixed, the price structure is determined.

&gt;This simple result came as a surprise to many economists. For traditional economic theory had always maintained that the choice of technique depends on initial endowments and on the composition of demand. More specifically, it had maintained that if, for example, demand rose for a consumer good produced by methods which are highly capital intensive, while, at the same time, demand fell for a consumer good produced by methods which are low capital intensive that would have caused a substitution of less capital intensive methods for more capital intensive methods, causing all prices to change. But one can verify immediately that, in the new equilibrium position, that will not occur at all. Given the rate of profit, the technique proves to be determined. Thus all prices are found to be determined, independently of the composition of demand and of the total amount of capital per worker. In other words, a change in the composition of demand induces no substitution among the inputs.

&gt;This result, which has been presented in various ways, has become well known in the recent economic literature by the rather pompous name of the *nonsubstitution theorem* (or also, to compound the confusion as the *substitution theorem*)...

&gt;Here we can take a further step and point out how the title itself, the 'nonsubstitution theorem,' is inevitably misleading. When one talks of a 'nonsubstitution theorem' or, even worse, of a 'substitution theorem' (meaning by that a situation of zero substitution), one somehow conveys the idea that substitution is to be taken for granted, as the normal rule So that, if one ever encounters a case of nonsubstitution, one immediate!) tends to associate it with an extreme situation, or a freak case, and one begins to look for the special assumptions that must lie behind it

&gt;In our analysis of the switching of technique we have seen that the four propositions ... have been reached on the assumptions of no joint production and constant coefficients It has thus appeared normal to attribute the phenomenon of nonsubstitution to these two 'very special' assumptions.

&gt;But this has been a logical *non-sequitur*. When there is joint production and/or nonconstant coefficients, the problem of choice of technique becomes more complicated, but this does not mean that we should go back to the traditional concept of 'substitution'. We are moving here in a theoretical world of production of commodities by means of commodities, which is different from the traditional world of given scarce resources.

&gt;Of course, with joint production and/or nonconstant coefficients, a change in the composition of demand may indeed require a change of technique. However, nothing can be said *a priori* about the direction in which the input proportions will change. Replacing one technique with another means changing a whole senes of inputs (a vector of inputs) and, with joint production, even a whole vector of outputs This means that we have no way of stating anything *a pnori* about how any single input will change when the technique changes It may change in one direction or in the opposite direction, it may even disappear altogether or appear anew. More specifically, the *direction of change* of the input proportions is something that cannot be related unambicuouslv to the change of technique and, most of all, something that cannot be related unambiguously to the changes of prices.

&gt;This is a crucial point. The whole traditional theory had maintained precisely the contrary. We had been accustomed to think of changes of technique and changes of input proportions as if they were the same thing. For we had been accustomed to expect that a change in a specific direction of the input proportions is always and necessarily associated with a change in the opposite direction of the corresponding relative prices. This traditional belief is false.

&gt;The choice of technique is *not* a choice of input proportions (which move in their own unpredictable way); the two must not be confused with each other. More precisely, a change of technique will indeed entail a change of prices, but there is no unidirectional way in which we may relate, to this change of prices, changes in the corresponding input proportions. In this context, therefore, the very idea of 'substitution among the production inputs,' so central to the traditional theory, loses all conceptual sense.

&gt;To conclude, in general (and not only in the special case of no joint production and constant coefficients), the traditional notion of 'substitution' becomes useless or irrelevant. Change in the input proportions with which the notion of substitution had been associated have no theoretical role to play; they provide no guide to saying anything on the direction of change, of the technique of production or on the direction of change of relative prices. ""-- Luigi Pasinetti. 1977. *Lectures on the Theory of Production*. Columbia University Press.

The model of production can be augmented to handle land-like natural resources. Pasinetti is partly referring to that element of scarcity in his remarks about joint production. Even so,  traditional tales of supply and demand fail to explain prices, even under ideal assumptions.",0,capitalismvsocialism
1p2vesz,1763721701.0,Voluntary Co-operation vs Forced Co-operation,"Hello Everyone,

Cards on the table here: I’m what a lot of people would probably regard as a bit of a right-wing nutter who is convinced that socialism is the cancer which will destroy western civilisation but, in my defence, I am at least curious about how other people come to a different conclusion and I’m interested to understand what we agree on and where we part company. I’d therefore like to set out a few of my ideas so that the socialists out there can tell me what (if anything) they think I’ve got right and where they think I’ve gone off the rails…

1.       At the root of my thinking is the belief that voluntary co-operation (based on mutual self-interest) is, on balance, preferable to forced co-operation (based on the threat of violence), because voluntary co-operation is likely to be more productive. Do we all at least agree on that?

 2.       Following on from this, I believe that society will make more progress if voluntary co-operation is maximised and forced co-operation is minimised. It is therefore sensible for the state to have a monopoly on the use of violence, and for even the state only to use violence where necessary to prevent the use of violence by non-state actors. What are your thoughts on that?

 3.       The next point is where I anticipate we are going to diverge: I think it follows logically from the above that use of the state’s monopoly on violence for purposes other than preventing violence will reduce the productivity of that society and is therefore against the best interests of that society. So, for example, if you have a utopian ideal of society and you are able to convince other people to voluntarily work towards it  then I have no objection to that, but if you seek to achieve that utopian ideal by passing laws *forcing* people to co-operate, failing which you will throw them in prison, then I think (based on 2 above) that will actually reverse the progress of society. (I’m guessing that I’m starting to lose the socialists here…)

 4.       Assuming the socialists disagree, what I’d like to understand is what they regard as the basis for using the state’s monopoly on violence to attempt to create their utopia. Is it that they believe that they are morally superior to those who disagree with them? I do get the impression that a lot of socialists think that they are “good people” and that billionaires are “bad people” and that it is therefore morally justified to use the force of the state to take wealth from them and give it to the poor. However, do they not worry that, in the same way as the “bad people” managed to scramble to the top of the pile in a capitalist society, they would also scramble to the top in a socialist society, with the critical difference being that in a capitalist society they had to rely on voluntary co-operation whereas in a socialist society they would end up controlling the extended power of the state and being able to use its monopoly on violence? Is that really going to be an improvement?

 5.       The objection I’m expecting is that it is simply not “fair” for there to be billionaires when there are also very poor people. What I’d like to understand on this point is whether socialists judge fairness on the basis of process or outcome. By this I mean the following: If I agree to sell you something for a certain price which you agree to pay then presumably everyone would agree that that was fair? But if I am a party to enough of these fair transactions then I could end up vastly wealthy – surely if every transaction which got me there was fair then that is a fair outcome? And, if you then vote for a government which will use the state’s monopoly on violence to confiscate part of my wealth and give it back to you, that is unfair?

 I could go on but I’m probably already well into TL;DR territory so I’ll leave it there and look forward to hearing your thoughts…",13,capitalismvsocialism
1p2ueao,1763717928.0,What's the capitalist version of a tankie?,"Last night I saw this post

https://www.reddit.com/r/CapitalismVSocialism/s/TX3AaCbLny

A pretty rational, though slightly off base look at the USSR and it's regime, I read through most of the replies and not a tankie to be seen, so I decided to do something similar discussing the historical facts of the rise of capitalism which is 

https://www.reddit.com/r/CapitalismVSocialism/s/0FDXohyAb9

And look at the shit fight of fuckery from a bunch of clowns who haven't picked up a history book.... A lot of ""that's not real capitalism"" going on in there. 

So that leads me to ponder, what's the capitalist equivalent of a tankie, do we have a name for it yet, should we brainstorm some ideas, will it catch on. 




",0,capitalismvsocialism
1p2jwtn,1763684428.0,Would a form of capitalism but only for other countries be considered a solution?,"Basically, I imagine that basically yes, capitalism has some issues, but...

What if somehow we were able to make not workers in our own country, but in some other countries work and be our ""proletarians""?

Like, Marx talks big stuff about how evil businessman vs noble worker works, but why can't our businessmen be kind not to do this at home but do evil capitalism abroad and let us a slice of surplus product?

This way we can have social democracy/etc.

Basically instead of workers, we all become petty bourgeois together?",0,capitalismvsocialism
1p2bzmq,1763665691.0,Private vs Public Highways and others,"Hello,

Capitalists and socialists,

What has your experience been with private forms of public things?

For example private highways,
Private healthcare,

Or even private education compared to public.

What have your experiences been?

If you've been on public infrastructure, how do you feel about privatization?

If you've been in a lifestyle where you grew up in a private school what did you think of public schools?",6,capitalismvsocialism
1p276g7,1763655090.0,Ownership vs. control,"When I have pointed out to socialists that many forms of capital are already owned by many types of people rather than the stereotypical billionaire capitalist, they often respond in one of two ways.  (1) That doesn't count because they don't own enough capital, and/or (2) ownership doesn't matter if they don't control it. 

As the title implies, I'd like to learn more about how socialist conceive of ownership vs. control and what social structures they imagine that would entail collective ownership/control of the means of production (MoP). 

My main questions are: 

1. How do you concieve OWNERSHIP?
2. How do you conceive CONTROL?
3. How do you conceive SOCIAL OWNERSHIP or SOCIAL CONTROL?
4. How do you conceive PRIVATE OWNERSHIP or PRIVATE CONTROL?

What follows are related questions about particular cases in which control is already distributed among non-owners, but I don't expect anyone to reply to all of them.  They’re meant to help you clarify your answers to the main question above. 

***
###1. Direct operator vs. “the owner(s)”

####Case:

A machine operator literally decides how the machine runs — speed, feed, calibration, emergency stops. Second-by-second, nobody has more immediate and direct control.

####Questions:

1A) If control is what matters, does that make the operator a partial owner?

1B) If not, why does “control” only count when it’s at the top of the org chart and not when it’s hands-on and consequential?

1C) If the operator can shut the machine down or destroy it via sabotage or misuse if they so desire, doesn’t that look like veto power?
***
###2. Managerial policy-setting

####Case:

A shift supervisor decides who runs what, for how long, under which rules, and can override operator preferences.

####Questions:

2A) Does this managerial authority count as “control?”

2B) If so, is the manager now a de facto co-owner?

2C) If “ownership” is supposed to map to control, why does control trickle down the hierarchy instead of sticking neatly to the shareholder?
***
###3. Engineers who design or program the machine

####Case:

Some engineer who never touches the shop floor decides how the machine behaves through code, tolerances, and parameters.

####Questions:

3A) Is the engineer exercising “control” that matters for socialist ownership?

3B) If they control the machine’s behavior more than the CEO does, what makes the CEO or executive suite the “true controller?”

3C) If the engineer walks away and the machine becomes unusable, whose control is decisive?
***
###4. The union and its work rules

####Case: 

The union contract specifies who may operate the machine, under what conditions, duration and frequency of breaks from work, what safety procedures are mandatory, and what tasks require additional workers.

####Questions:

4A) Is the union now a co-controller?

4B) If “democratic control” is the ideal, why isn’t the existing union’s democratic vote already enough?

4C) If workers collectively binding management isn’t control, why would a socialist council magically be different?
***
###5. State regulators

####Case:

Government regulations dictate safety protocols, lockout/tagout, environmental limits, inspection schedules, and sometimes prohibit entire modes of operation.

####Questions:

5A) If the state can declare your machine illegal to operate, who has the highest level of control?

5B) If state regulators override everyone, does the state effectively “own” the machine in a socialist sense?

5C) If not, what is the difference?
***
###6. Credentialing bodies and standards organizations

####Case:

UL, ISO, IEEE, etc. set standards that producers must follow even if no state regulator is looking.

####Questions:

6A) These external bodies constrain machine use more than shareholders do — does this count as control?

6B) If not, why is shareholder influence uniquely disqualifying, but industry-wide control structures get a pass?
***
###7. Insurance companies

####Case:

An insurer may dictates how machines must be installed, maintained, and operated equipment to have coverage. They can veto practices and require expensive compliance steps.

####Questions:

7A) Does their veto power count as control?

7B) If having a veto makes you an “owner,” is the insurance company an owner too?
***
###8. Capital markets

####Case:

A business’s lenders set covenants. If the firm violates them, lenders can restrict spending, force asset sales, or call in debt.

####Questions:

8A) Does this form of control imply lenders are co-owners?

8B) If not, why does the mere possibility of shareholder influence count as “control” but the actual binding authority of lenders does not?
***
###9. Customers

####Case:

If customers stop buying your product, the machine stops running. Their preferences dominate your operation more than any shareholder meeting.

####Questions:

9A) If controlling whether the machine runs at all counts, do customers “own” the machine?

9B) If not, why is economic influence suddenly irrelevant?",4,capitalismvsocialism
1p24nuq,1763649150.0,Strange things rising in present world,"First, I am not from U.S.( Some won't believe it but it us ok). But these days strange things happening in U.S. Rise of Socialism and illiteracy. 

There are plenty of evidence that literacy in U.S is declining and at the same time socialism is rising. Indeed, Socialism is not only one that have been rising. There are other like crime, Murder, Etcs. I do not want to dictate that illiteracy is cause of rising socialism. But these two rising at the same time is undeniable. In Marx Litrature, rising of socialism is failure of capitalism and there are plenty of litrature about this. But one question keeps bugging me like what if marx was wrong? Does it mean rise of socialism caused by illiteracy? Is there any relation between them. in that sense scholars contribution is almost none. Some will argue I am inciting baseless hatred on socialism. I am not making to look socialist less. Or some may argue I am gaslighting things. I do not mind. ( May be I am avery good gullible gaslighter). I just want to know is it true or not. But keep that in mind, that is also what socialism was doing in the past all day. if we give both doubt unbiasedly socialism and capitalism, we can put them in same. 
I do not find any parameter or relation about this to be honest. But is it still worth to question why for the sake of human wisdom? or does it any litrature about these? Or can we now obejectively declare that socialism has nothing to do with illiteracy? ",0,capitalismvsocialism
1p23rtd,1763646938.0,The dark history of capitalism,"Capitalisms history begins long before the idea of socialism was conceived and I see so many arguments being made on the point that 20th century socialism was heinous and killed so many people yada yada yada and I'm going to put this down to recency bias. 

The story of capitalism begins in Venice in the 12th or 13th century, but not so important for the point I'm making, for that we start in the late 15th century, this is where we see the foundation of capitalism begin. 

Europe has taken ideas from Venice and mercantilism has begun, exploration, expansion, exploitation. The first stop is going to be 1492, this is the year where history divides two types of slavery, ancient, like the shit you read in the Bible which while still disgusting was tame compared to what happens next. Modern slavery is a whole different beast, it is barbaric in comparison and the key defining factor is that this is when slavery shifted towards profit from labor. European capitalism and modern slavery will be intwined for the next 400 years. 

It's also the year our first superpower comes into being, the Spanish empire ventured out and invaded the Americas, killing tens of millions in the process, the Americas were of particular use to them as they extracted fortunes of wealth from the lands, rare metals like gold and silver were abundant and the local populations were enslaved in order to ship them back to Spain. The sheer scale of bloodshed is represented by one figure, 90% of the population of the Americas was wiped out by the Spanish in the pursuit of profit. It is to this day the largest mortality event to global population in history. But as all empires do (take notes USA) it begins to fail.

However there are plenty of other Europeans who are ready to join the party, the British, France, Portugal the Dutch, Europe sees the stunning wealth and embark on a mission to conquer the globe. Our next destination is Asia where we see the invasions of India, wars with China and the colonization and exploitation of the entire region. The culmination of this is the British killing 100 million Indians between 1880 and 1920 and the largest wealth transfer in human history. That more than any death toll we attribute to socialism, just in India over 40/400 years of European imperialism. 

Meanwhile expansion into Africa and the expansion of the slave trade all fueled by the desire for wealth generating labor. Massacres, enslavement, genocide again all fueled by the desire for profit, shipped all over the world to work in conditions that make the gulags look like a vacation home. 

It's a pattern that continues into Australia, an entire continent stolen, the indigenous population enslaved, attempted genocide, kids being stolen from their parents, again all in the pursuit of wealth and profit. 

Hundreds of millions of people have been killed, enslaved, and some of human kinds worst acts all committed as a result of capitalism. 

We all like to think that slavery came to an end because we realized the disgusting nature of what was happening, however the reality is the British pushed abolition so hard in to destabilize other European economies, it had a significant advantage from the individual revolution and saw the abolition to be disruptive to their competitors especially the French and  especially the French in Hati. And as I've mentioned above even once that has occurred the British still kill more Indians than any socialist dictator after abolition occurs. 

Marx starts writing Das Kapital in a world here real slavery was still a common practice for capitalism and its release is barley beat out by abolition in the US. 

To view socialism through the lense of devestating death tolls when capitalism was built on dead indigenous populations and slavery, slavery so bad that we actually have to distinguish it from other forms of slavery, is pure ignorance. Capitalism spread through every continent on earth in blood, there is no moral high ground you can pretend to hold here, the death tolls are far heavier and the treatment far worse than anything that has occurred under socialist regimes (not that it excuses their behavior). 

",0,capitalismvsocialism
1p23f9s,1763646007.0,Why we need capitalists,"
We not only need capitalist but also it is important sign in history that we will progress. In deed, Capitalists are bu-- hurting for socialism who just lacks skill the get wealthy while promising to make you rich. Honesty and socialisn incompatible force of two: socialism is not some noble experiment but a devil's plan in disguise to enslave mankind. It’s also a wrecking ball pretending to be moral but in reality want to make your life in deep trouble. Every Phrase “we need to punish the rich so everyone can be equal,” it is nearly out of jealousy or wants to destory your greatness that you have been enjoying. Look! Venezuela, sitting on some of the richest oil reserves in the world, handed everything over to the state — now it’s starving. Look! Cuba, forty years of revolutionary slogans, still empty shelves and people scrambling for basics. Looks! The Soviet Union promised paradise for the workers and gave them lines for bread, broken factories, famine and wasted talent for generations. 

 history is history regradless of your feeling and opinion. And in history all socialism failed and will fail. Socialism doesn’t create wealth and worse it hates it. It hates you enjoying your own labour and does your wealthiness. More over, It destroys it. And yet, every time someone attacks entrepreneurs, every time innovators and business people are demonized for doing what they do best — building and providing the society — the same failures happen, over and over.

History isn’t complicated and have no ideology which just event that happened. Mesopotamia thrived because merchants invested, farmers expanded irrigation, trade routes grew. Rome built roads, aqueducts, and cities because capital flowed freely — private wealth built public greatness. The Aztecs and Incas didn’t run their empires with committee votes; they thrived because their elites organized production and managed resources effectively. Every pattern is showing only when things owned, builded and expanded, Society get prosperity.

Every time someone tried to stop this greatestness, the empire fell. And today, people still think punishing those who make things and support happened, will somehow make society better. Spoiler: it doesn’t nor did.

And it’s not just the past. Look at today. Modern socialist policies — wealth taxes, “free everything,” heterodox economics — all punish the productive while rewarding laziness. Why it is heterodox  is cos it can not stand in eyes of intelligence. It does not get praise in the eyes of human reason. Free college? Great, but where is the incentive to innovate if the innovators are taxed to death? Universal healthcare? Fine, but what happens when doctors and nurses unable to enjoy to labour and chain like your slave? Every handout, every redistribution plan, every bureaucratic control is another nail in the coffin of progress. It will only make you poorer, and fade away your survivality.

Meanwhile, countries that actually thrive respect their capitalists. Japan, South Korea, Singapore — even China once it let private enterprise breathe — exploded economically because their wealthy class could invest, innovate, and organize labor. Factories were built, jobs were created, technology invented, middle classes formed. Where is Inequality when millions were lifted out of poverty because ambition and zeal was rewarded. Socialists refuse to admit the obvious: inequality is a byproduct of growth, and without growth, everyone suffers and poors.

And we do not need anymore on excuses. “We need to protect workers.” “We need to redistribute wealth.” Meanwhile, workers get stagnant wages, factories fail, governments crumble — and bureaucrats lounge in offices, insulated from the destruction they’ve caused. they only way to solve is release able capitalists who will burden your poverty and raise you to the moon. The capitalist are no one but you , inner with unlimited potential yet not perfect. Socialism doesn’t fail because it’s idealistic; it fails because it’s anti-human and nature. It attacks the people who actually make things happen. It wants you to depend on them rather letting you stand in universe and chasing your greatness.

So here’s the brutal truth: capitalist and you builds when socialism destroys. Every civilization that empowered builders rose. Every society that punished them fell. Mesopotamia, Rome, the Industrial Revolution, modern East Asia — all proof that giving people the freedom to invest and create produces wealth, jobs, innovation, and progress. Every failed socialist state — USSR, Cuba, Venezuela, North Korea — is proof that envy, ideology, and overreach produce poverty and misery.

Wake up. Stop apologizing for wealth. Stop pretending that punishing the productive is justice. Stop handing your future to ideology. Civilization moves forward because someone dares to risk, to invest, to build. Socialism offers envy, inefficiency, and decay. Capitalist and you creats that will be killed by socialism. Always. it is always. And if you don’t believe it, just open your eyes. History is showing right at you with failure of socialism and greatness of capitalism. Remmeber when someone who can not complete with you, will always persuade to try socialism, in which you will destory yourself and then other might beat you. 
Build, Own and Enjoy your fruit, that is always the basic. we are always a capitalist no matter how hard we reject ourselves, I own... You own...And a unable lazy parasite won't...",0,capitalismvsocialism
1p1mvnv,1763593480.0,Is This Capitalism?,"Suppose I make 3D printed widgets and sell them for a meager livelihood, limited primarily by my speed of production.  And there exists a large machine that can exponentially increase my output.  But it is far beyomd what I can afford, even if I saved for decades.  I go to investors and someone offers to give me that machine in exchange for 20% of my profit.  It turns out that I need help with the increased scale, so I hire someone to help me, and pay them more than they were making elsewhere.  Since my profit will increase 100 fold, I win, the investors win, my employee wins, and the people desiring my widgets win too.",15,capitalismvsocialism
1p1i96n,1763582768.0,Does technology resolve much of the debate that Capitalists and Socialists have between with method is better?,"For example, they both argue on which system provides more food and at better prices. But the technology says, let the machines grow the food and distribute it accurately. They'll figure it out efficiently and effectively. Thereby negating the need for debate.

",0,capitalismvsocialism
1p0yzpv,1763529607.0,We need to talk about secular stagnation and surplus populations.,"Most of the debates on r/CapitalismVSocialism operate on a premise that is no longer valid: the idea that we are still living in an era of expanding industrial capitalism where the primary political question is how to manage the ""gains"" of production.

The Socialists here often argue for a return to a ""Programmatist"" past: a time when a rising industrial working class could leverage its power in factories to demand a larger share of the pie or seize the state to manage the economy. The Capitalists here argue that free markets are the only engine of innovation and that state interference ruins the efficiency of the price signal.

Both sides are missing the specific character of the crisis we face today. We are not in the 1950s. We are in a long-term crisis of reproduction that began in the 1970s and has never actually been resolved.

**1. The End of Growth and the Rise of Surplus Populations**

A user recently posted about ""Socialism impeding innovation."" The reality is that global capitalism itself has been struggling with a crisis of profitability for decades. Since the manufacturing downturn of the 70s, capital hasn't solved the problem of how to generate value, it has fled into financialization and asset bubbles.

Technological innovation today does not function as it did in the 19th or early 20th century. Instead of absorbing labor and creating a virtuous cycle of rising wages and consumption (the Fordist compromise), automation and global supply chains now *expel* labor from the production process.

Marx predicted this, but not in the way the ""Soviet"" defenders usually claim. We are seeing the production of a massive *relative surplus population*. This is a growing demographic of people who are ""superfluous"" to the needs of capital. They cannot be profitably employed, nor can they be simply ignored. We see this in the gig economy, the prison-industrial complex, and the vast informal slums of the Global South.

The debate isn't ""State vs. Market."" The market *is* producing a surplus population that the state must police.

**2. The ""Worker's Movement"" is Dead**

I see posts here analyzing the Kibbutz or the Bolsheviks as if those models are replicable options. They aren't. Those movements relied on a specific composition of the working class (dense concentrations of industrial laborers) that gave them political leverage.

That composition is gone. Deindustrialization is not just a policy choice, it is a secular trend of mature capitalist economies. You cannot build a ""Dictatorship of the Proletariat"" when the proletariat is fragmented, precarious, and defined more by its exclusion from the economy than its central role within it.

Modern struggles are no longer about ""affirming"" the working class (i.e., ""we built this, we should run it""). Modern struggles are about the *abolition* of the class relation itself, because being a worker today offers no future: only debt, precarity, and managed decline.

**3. The Trap of ""Innovation"" and ""Efficiency""**

To the capitalists arguing that markets are efficient: Efficient at what? The price signal is currently efficient at allocating resources toward real estate speculation and rent-seeking platforms (like Uber or Airbnb) that don't create new value but simply circumvent labor regulations to squeeze profit from desperation.

If capitalism is so efficient at innovation, why is the global economy stuck in ""secular stagnation""? Why is productivity growth slowing down across the West? The system is cannibalizing itself. It isn't ""socialism"" holding it back, it's the internal limit of the value-form itself. Capital requires labor to produce value, but competition forces it to eliminate labor. This creates a crisis that no amount of ""deregulation"" can fix.

**4. Moving Beyond the Binary**

The debates on this sub often feel like ghosts fighting ghosts.

*  To the Socialists: Stop trying to defend the USSR or 20th-century state planning. That era was based on a developmentalism that is physically impossible today due to ecological limits and structurally impossible due to the decline of manufacturing profitability.
* To the Capitalists: Stop pretending that the ""free market"" exists in a vacuum. The current state of the world (inequality, stagnation, and instability) is the logical endpoint of your system, not an aberration caused by ""government interference.""

The real question for this century isn't how to manage the economy (through central planning OR markets). The economy *is* the crisis. The question is how to sever the link between human survival and the need to sell our labor power in a market that increasingly has no use for us.

We need to talk about *communisation*: not as a state transition, but as the immediate dismantling of the value-form, money, and class relations. Everything else is just managing the decline.

*(For those interested in the theoretical backing of this, I suggest reading Endnotes 2 regarding the [logic of surplus populations](https://endnotes.org.uk/articles/misery-and-debt) and Endnotes 4 regarding the ""[History of Separation](https://endnotes.org.uk/issues/4)"".)*",2,capitalismvsocialism
1p0xktp,1763525114.0,Socialism Does Impede Innovation,"Economic systems don’t innovate, people do. People still exist under socialism, so innovation still occurs. However, socialism does severely impede innovation.

The data backs this up. A 2019 Research Policy study, called The impacts of government ideology on innovation, of 110 countries over 20 years found that “a leftist ruling party inhibits the progress of technical innovation, whereas a right-wing ruling party promotes the appearance of new technology.” More central planning = less innovation.

Anthony Sutton’s Western Technology and Soviet Economic Development shows the USSR copied or imported most of its industrial base from the West. Soviet “innovations” were often reverse-engineered Western tech. As economist Medford Evans put it: “Soviet industry is almost wholly a creation of Western capital and expertise.”

Economist Weiying Zhang, in The China Model View is Factually False, finds that provinces with greater marketization and privatization (i.e., more capitalist) out-innovate those with larger state sectors. His conclusion: “China’s technological development is driven by the market, not the state.”

Charles Murray in Human Accomplishments found that there was a marked decline in innovation in both countries once the communists took over.

And as Matt Ridley writes in How Innovation Works: “Innovation is the child of freedom... Freedom to exchange, experiment, imagine, invest, and fail.” Governments can sometimes assist innovation at the margins, but the real breakthroughs come from entrepreneurs operating in a system of property rights, open markets, and reward for success.

The idea that the government is the real engine of innovation, popularized by Mariana Mazzucato in The Entrepreneurial State, is flat-out wrong. Her thesis is that public investment creates the breakthroughs, and private firms just bring them to market. But as Deirdre McCloskey and Alberto Mingardi wrote in The Myth of the Entrepreneurial State, she provides “a good many bold assertions... but she does not in fact have believable evidence for her claims. None, niente.”

Josh Lerner, in Boulevard of Broken Dreams, shows that government efforts to boost innovation “have been marked by frequent failures... where substantial public expenditures bore no fruit.” That’s because governments don’t face market discipline. A failed government project doesn’t go bankrupt, it gets more funding.",5,capitalismvsocialism
1p0vsjq,1763519951.0,Communism Was Tested In Paraguay 200 Years Before Marx,"This post is for discussion purposes only. I’m still researching this topic, and I’m sure there may be errors or misunderstandings in my writing, so I’m sharing it to learn and improve my understanding.

For 158 consecutive years (1609–1767) the Society of Jesus operated in Paraguay the only large-scale, long-duration communist society the world has ever known: private property abolished, money forbidden, compulsory collective labor from childhood to old age, identical rations distributed from communal warehouses, and absolute power held by an unelected elite of Jesuit priests.

While the Jesuits themselves would never have used the anachronistic term “Christian communism” preferring instead to describe their project as a ""Christian commonwealth"" modeled on the early Church they did publish numerous proud accounts of their societal experiment over two centuries, from Ruiz de Montoya in 1639 to Peramás in 1793. Their system, which functionally abolished private property and money, was so striking that even their bitter enemy Voltaire conceded in 1756 that they had achieved “a triumph of humanity” by creating a society without gold or silver.

Following the French Revolution, the Paraguayan reductions became a powerful, tangible reference point for utopian socialists seeking a historical example of a large-scale, non-capitalist society. While it is an overstatement to claim *every* major figure pointed to them, their influence was profound, particularly on Étienne Cabet. His 1840 blueprint *Voyage en Icarie* can be understood less as the Jesuit system with the priests simply removed, and more as a deliberate, secularized adaptation of its core principles: centralized planning, collective property, and a state-managed labor force, repurposed for an industrial age.

~~Karl Marx and Friedrich Engels, living in Paris and Brussels during the 1840s, read all of these French socialists. Engels explicitly referred to the Jesuit state in his 1847 draft of the Communist Manifesto and again in 1850; Marx himself discussed the reductions twice in Capital once in Volume I on primitive accumulation, and again in Volume III under the heading  “Jesuit state socialism.” In Capital, Volume III, Chapter 47:Marx does describe the Jesuit reductions this way: “The Jesuit missions in Paraguay are a classical example of a theocratic state-socialism…”~~  
*~~(German: “Die Jesuitenstaaten in Paraguay sind ein klassisches Beispiel eines theokratischen Staatssozialismus.”)~~*

Karl Marx's primary achievement was not the invention of communism, but its theoretical systematization. He synthesized advanced socialist thought with a rigorous critique of political economy, transforming utopian speculation into what he termed scientific socialism. While developing his theories, Marx was aware of various historical examples of communal organization, including the Jesuit reductions in Paraguay  a singular, long-duration society that had operated without private property or money. Though Marx did not explicitly model his theories on this theocratic system, later historical analysis reveals striking structural parallels between the mechanisms that sustained the Jesuit state  communal property, centralized planning, and administered labor  and those that would later characterize 20th-century communist states. These similarities suggest that certain organizational forms may naturally emerge in large-scale collectivist systems, regardless of their underlying ideology or historical context.

Every mechanism that allowed twentieth-century communist states to endure for decades collective farms, state monopoly of production, fixed rations, forced labor for the common good, and an untouchable ruling caste had already been perfected in the jungles of Paraguay two centuries earlier.

The Jesuit reductions stand as a significant historical precedent for a large-scale, state-managed collectivist society. While Marx's theories were developed from entirely different philosophical and economic sources, the subsequent implementation of 20th-century communist states demonstrated striking structural similarities to the Paraguayan model. These parallels suggest that such mechanisms communal property, central planning, and an administrative elite may be common features of systems that attempt to enforce social and economic equality from the top down, regardless of their founding ideology.

**The attempts by Marxists to dismiss the Paraguayan reductions as an irrelevant ""anthropological curiosity"" only serve to confirm their profound ideological embarrassment. This was not some minor tribal experiment but a large-scale, continent-spanning social system that for 158 years demonstrated the very mechanisms communal ownership, central planning, a managed labor force, and an unaccountable ruling caste that would later define 20th-century communist states. The Jesuit system proved that the architecture for a totalitarian collectivism could be built and sustained independently of Marx's specific historical conditions, revealing that the vanguard party and the state apparatus it commands are not a temporary necessity on the road to freedom, but a permanent feature of this political model, whether justified by divine right or historical inevitability. Its erasure from the Marxist canon is not a refutation of its significance, but a silent admission that the prototype for their envisioned society was perfected not in the factories of Europe, but in the theocratic communes of the New World.**",2,capitalismvsocialism
1p0obe7,1763500828.0,Individual decision making vs collective decision making,"I think an interesting way to think of  capitalism and socialism is individual decision making vs collective decision making. In a socialist society, I think it would be harder for people with specific visions to create and run companies the way they want to put out products in the specific way they want to. It would be possible in a socialist society, but I think it would require convincing and winning over more people, which could be hard to impossible.

I acknowledge problems with current 'implementations' of capitalism, but unlike most I don't think these issues are inherent to a capitalist society. A think the best system would take the best of both systems. This works for the Nordic countries, and has ample room for improvement.

Wealth taxes and income limits for people and corporations could be used to fund UBI, throw in universal health care and some other needs being met, and we have a pretty good start to a system that is still perfectly compatible with capitalism.

Taking the hybrid approach still allows for all of the benefits of capitalism, including anyone being able to make a play and bet on themselves, with all of the advantages of a socialist society. If you disagree, why?",0,capitalismvsocialism
1p0msf4,1763497335.0,People that claim China isn't capitalist,"I keep seeing the same argument: “China isn’t capitalist because billionaires can’t control the government” or “the state can strongly direct the economy or nationalize and control big corporations, so it’s not capitalism.”

This logic collapses immediately when you compare it to other historical and modern cases.

Nazi Germany, Fascist Italy, Imperial Japan, and South Korea/Taiwan/Japan during their export-oriented industrialization all had extremely state-directed economies. Private capital existed, but it was subordinate to state priorities. Political elites set production targets, controlled credit allocation, dictated industrial policy, and intervened in markets constantly. Business leaders had influence but only within the boundaries tolerated by the state, particularly in the autocratic regimes I mentioned. None of those systems allowed capital to freely dictate policy the way people imagine happens in “real capitalism.""

Yet nobody claims those economies weren’t capitalist like they do for modern day China.

So why does this exact same structure suddenly “prove” that China is non-capitalist? If the criteria for “not capitalist” is that the state restrains billionaire power, deploys heavy industrial policy, or forces companies to align with national goals, then Nazi Germany, Fascist Italy, and the entire East Asian miracle would all have to be removed from the capitalist category as well.

Do people genuinely believe those countries weren’t capitalist? Or is the definition shifting only when the subject is China?",6,capitalismvsocialism
1p0i3fz,1763486902.0,"The Bolsheviks, A Party of Intellectuals, Not Workers","The Bolshevik leadership was never proletarian; it was overwhelmingly composed of intellectuals, middle-class radicals, and minor gentry. Lenin (lawyer, noble background), Trotsky (journalist), Stalin (ex-seminary student), Kamenev, Zinoviev, and Bukharin were professional revolutionaries who had never worked a day in a factory. From 1917–1924 the Sovnarkom and Politburo contained at most one genuine worker, Alexander Shlyapnikov and usually none at all. This was not an accident; it was the deliberate outcome of Lenin’s 1902 doctrine in ""What Is to Be Done?"", which openly declared that workers could only reach “trade-union consciousness” on their own and that true revolutionary theory had to be “brought to them from outside” by a disciplined elite of intellectuals.

This elite structure created an immediate and permanent disconnect between the Party and the actual working class. The single proletarian who rose to high office, Shlyapnikov, led the Workers’ Opposition in 1920–21 demanding real worker control; he and his faction were crushed at the 10th Party Congress in March 1921 the same congress that banned factions and authorized the assault on Kronstadt’s worker-sailors. What began as a theoretical “dictatorship of the proletariat” became, within three years, the dictatorship of a self-appointed intellectual vanguard over the proletariat and everyone else.

This is precisely the “grim oligarchy” and “slave state”,  a new ruling class whose fundamental design, from 1902 onward, was to “retain and solidify absolute power” in the name of a class it never belonged to and quickly learned to fear. The Bolsheviks were not a movement of the workers; they were a movement for the workers run by an intellectual elite that claimed a monopoly on scientific truth and used it to justify permanent rule.

**A few questions that I'm genuinely interested in getting answers to by self-described Socialist**

1. From 1917–1924 the Bolshevik government (Sovnarkom &amp; Politburo) never had more than one genuine factory worker in its leadership,  usually zero.
2. How is a government run almost entirely by non-workers a “dictatorship of the proletariat” and not just a dictatorship over the proletariat?
3. When real workers (Shlyapnikov’s Workers’ Opposition and the Kronstadt sailors) demanded actual control in 1921, they were crushed at the same party congress that banned factions.
4. If socialism means “worker power,” why was the first act of worker power under socialism met with machine guns and prison camps?
5. The oligarchy was not Stalin’s invention  it was built into Lenin’s vanguard model in 1902. How do you propose to implement socialism without reproducing the exact same oligarchy?
6. You say “real socialism has never been tried.”
7. But the only time the working class was strong enough to try (Germany 1918–19), Rosa Luxemburg herself warned that Bolshevik methods would lead to dictatorship, and she was murdered by the same capitalist state that later gave the SPD welfare reforms. So which side actually delivered more for workers?
8. Lenin in 1923 admitted the Soviet state apparatus was “to a considerable extent alien” to the working class. If the architect of the first socialist state confessed it had already become a bureaucratic monster six years in, why should anyone believe the next attempt will end differently?
9. Lenin wrote in 1902 (What Is to Be Done?) that workers can only reach “trade-union consciousness” on their own and need revolutionary theory “brought from outside” by intellectuals. Why should anyone accept rule by a self-appointed intellectual elite that openly declares it does not trust actual workers to run society?",12,capitalismvsocialism
1p0ddic,1763476133.0,What’s the argument against your side you find very convincing?,"Asking both socialists and capitalists here:

What is the argument that the other side (capitalists if you are a socialist and socialists if you are a capitalist) usually presents, that despite your opinion and worldview, you find the most convincing and struggle to find a rebuttal for? (Bonus points if you have no rebuttal against it).

This post is not to offer a platform for “centrist” thinking, but to discuss our opinions in a way that allows us to find weaknesses in our way of thinking.",14,capitalismvsocialism
1p04qny,1763447312.0,Trade implying equality question again,"This post https://www.reddit.com/r/CapitalismVSocialism/s/56yoq91NDT  

&gt; **1. Exchange does not imply equality, it only implies mutual benefit**
&gt;
&gt;Two people trade because each values what they receive more than what they give up.  

Let's read this again  

&gt;Each values what they receive more than what they give up  

You trade commodity A for commodity B because commodity B is ""more"" than commodity A. It's more valuable. So you compare them quantitatively. To do so they must be on a certain scale and them being on that scale there is something common to them. Usefulness at the very least. You can't compare an apple and orange without some common denominator be it weight, calories, red pigment or orange one. Even the satisfaction it provides to you personally when consumed - just because it's hard to measure doesn't mean it's not homogenous substance.  

And it's not metaphysical. It can be just physical or social.  

The rest is just OP going ""nuh uh"".",0,capitalismvsocialism
1ozovrb,1763405802.0,Appreciation Post,"I am still undecided and I think it is easy to say that I lean towards the socialist side of things even though I wouldn't say I am socialist because there are some things I either don't understand or I disagree with, and I might disagree because I don't understand. And I still don't know about removing the market.

But I wanted to extend an appreciation to the capitalists because here is one thing I have noticed. While we might think we have 'figured it out' because we have defined goals like we want to help people or do something about inequality, this doesn't mean we have figured out the implementation.

A good quote from an economics professor was 'good intentions do not lead to good outcomes'. And I wanted to note that I was very socialist minded at this time and did not exactly like this professor at first. But slowly over time, I realized I kept characterizing him. It surprised me when he did not like Ayn Rand. I thought he would, but I was distracted by his dedication to solving things practically first not politically. He said there is a difference from Greed (Ayn Rand) and Self Interest (something he said is good). I was surprised when he said he did not dislike Marx. He instead said that Keynes is his bigger enemy (?). He said that Marx was 'incomplete' and he preferred to focus on what to do. My favorite example is that he said yes there are material inequalities as Marx said. But he preferred that we empower the individual so they can do their 'own revolutions' rather than funding a 'vague one' because funding groups has sometimes turned them rogue. Maybe if you are a socialist you can parse him but I think I am just admiring that he sets an example that we can think about others' sides without dismissal and while standing on your own. Maybe he is a reason there are libertarian conversations in socialist circles. In his words, there is no problem if your self interest also includes others or society. He frames that ""Greed"" was why many of these movements fail and says that is why he prefers to work with our relationship with money (to focus on self interest, not greed).

I kind of agreed because Lenin did what he did.

I think that we should have some appreciation for people who may not be on our side even if we believe strongly in something. For example I think if we are to lie and say I am a socialist, then I would say at least I have become a more refined thinker because of the capitalists. If I just said just give people money and give workers power and said that was it, then I wouldn't be a critical thinker. I liked whenever capitalists here would try to poke these ideas as much as they can. It reminds me of that professor, who it is easy to accuse of being some hater to your side, but in reality, we might find that some people here are capitalists not because they hate socialism, but because maybe just like that professor, the ideas were 'interesting' but there is just a different implementation or approach to life's problems that they have in mind.

On the other hand,

We need to stop shorthanding each other. If socialists do not want to be accused of being a dictator then we cannot keep accusing capitalists as being fascist enslavers.",7,capitalismvsocialism
1ozo4kh,1763404173.0,"Marxism Is Self-Refuting, and Necessarily False.","Introducing the ‘Marxist Dilemma’

The TLDR version:

1. Marxism is built on materialism.
2. Materialism says all beliefs are fully caused by non rational physical processes.
3. If that is true, no belief is held because of good reasons, so no belief is rationally justified, including belief in materialism or Marxism.
4. But Marxism presents itself as a rational, scientific theory.
5. So Marxism can only be asserted in a world with real rational thought.
6. In any such world, materialism is self defeating and necessarily false.
7. Therefore Marxism, which rests on materialism, is necessarily false wherever it could be believed at all.

Please do not respond with a critique unless you read the long version.

Long version:

P1: Classical Marxism, as formulated by Marx and Engels, explicitly affirms a materialist metaphysics: only matter and its motions exist fundamentally, and consciousness, ideas, morality, and religion are products or “reflections” of material conditions, especially the mode of production.

P2: Marxism’s historical materialism applies this metaphysics to history: the economic “base” and material productive forces determine the “superstructure” of law, religion, morality, and ideology.

P3: Marx and Engels repeatedly oppose their view to “idealism,” reject the independent reality of mind, spirit, and abstract norms, and insist that their socialism is “scientific” precisely because it rests on materialism.

P4: Therefore, if metaphysical materialism is necessarily false, then any theory whose core framework depends on metaphysical materialism, including Marxism, is necessarily false.

C1: To show that Marxism is necessarily false, it is sufficient to show that metaphysical materialism is necessarily false.

P5: Rational inference requires that at least some beliefs are held because of their logical relations to other beliefs and evidence. That “because” is a rational because, not merely a causal sequence.

P6: If materialism is true, then every event, including every belief and inference, is fully determined by non rational physical causes, such as brain chemistry and neural firings, governed by physical laws.

P7: Under strict materialism, the full explanation of why a person believes something never needs to mention logical relations, truth, or evidence. It is complete once you have given the physical story.

P8: If the explanation of a belief is fully given in non rational physical terms, then the belief is not held because it follows from good reasons; it is held because certain molecules moved in certain ways.

P9: A belief that is not held because of its rational support is not rationally justified, even if it happens to be true by accident.

P10: Therefore, if materialism is true, no belief is rationally justified; all beliefs are products of blind physical causes, not of rational insight.

P11: If no belief is rationally justified, then the belief “materialism is true” is not rationally justified either. It cannot be known or believed on rational grounds.

P12: But materialism is presented as a rationally defended philosophical position, and Marxism in particular depends on reasoning, argument, and “scientific” critique of capitalism. So any world in which someone asserts materialism or Marxism already presupposes the existence of rationally formed beliefs.

P13: Therefore, in any possible world where rational inference exists and someone can argue for materialism, materialism implies that no one can ever rationally believe anything, including materialism and Marxism themselves.

P14: A theory that implies that it can never be rationally believed is self defeating. It cannot be true in any world where rational belief exists.

C2: Therefore materialism is necessarily false in every possible world in which rational thought and argument exist.

P15: At least some beliefs are rationally formed and justified, for example basic logical inferences (if all men are mortal and Socrates is a man, then Socrates is mortal) and basic mathematical truths.

P16: If you deny that any beliefs are rationally justified, you undercut every argument whatsoever, including any argument for materialism or Marxism. Any non skeptical reasoning presupposes that some rational inference is possible.

P17: Therefore, there are possible worlds, including the actual world, in which rational thought exists and some beliefs are rationally justified.

C3: By C2 and P17, materialism is necessarily false in every world where rational thinkers exist, including the actual world.

P18: Marxism as Marx and Engels present it presupposes both:

a) Materialism, as its metaphysical and methodological foundation.
b) The real possibility of rational theory, critique, and “scientific socialism,” since Marxist texts are extended arguments intended to persuade on the basis of reasons and evidence.

P19: From C3, materialism is necessarily false in any world with rational thinkers.

P20: Marxism can only be formulated, believed, or argued for in a world that contains rational thinkers, since writing Capital or The Communist Manifesto already presupposes rational inference, not mere random brain spasms.

P21: In every world in which Marxism could exist as a theory, materialism is necessarily false.

P22: If the core metaphysical presupposition of a theory is necessarily false in every world where the theory can even be proposed, then that theory is necessarily false in every such world.

C4: Therefore Marxism is necessarily false in every possible world in which Marxism could be proposed or believed.",0,capitalismvsocialism
1ozmkqi,1763400823.0,Which Is Better?,"Communist exploitation vs capital investment, subsistence wages vs higher wages and living standards, late stage communism vs innovation, crony state capitalism vs human progress.

Was the USSR a despotic monocratic reaction against democratic republican constitutionalism?",2,capitalismvsocialism
1ozdaon,1763376971.0,Why is laissez-faire considered a far-right ideology when every historically far-right government was heavily interventionist?,"For the most part, free market economics only exist in centrist or center-right countries.

Whenever a far-right government takes power, they immediately implement Autarky, protectionism, and modern versions of mercantilism. This was true of Hitler and Mussolini. Fascism was very anti-capitalist in rhetoric.

People describe Trump as right-wing (whether you believe it or not), and he also railed against laissez-faire. He has been using tarriffs and protectionist policies to curb free trade, and even used the power of the state to purchase stock in private companies in the national interest.

By today's standards, we would consider the European governments during Adam Smith's time to be very conservative. The European flavor of liberalism was formed during Adam Smith's time and pushed politics to the left. Starting from the right, we got liberalism in the 18th century and then socialism in the 19th century. Even Marx credits Adam Smith for moving economic theory in the direction of socialism.

In England, the supporters of open market economics became the Whigs and were on the left of English politics. The Tories who wanted to preserve mercantilism and generally disliked that capitalism was helping working people become as rich as landowners were on the right of English politics.",24,capitalismvsocialism
1ozakrv,1763366421.0,Help me distinguish the following:,"So I took a political test and saw the following:


Planned Economy - Regulated Economy - Welfare Market - Free Market.


I landed between Regulated and Welfare, leaning more regulated.

Can someone explain and try to debate these stances? I am Catholic and I am against socialism (no offense socialists). But I can use some help so I can understand more.",0,capitalismvsocialism
1oza85s,1763365033.0,Feedback loops,"Economics is ultimately about how to deal with scarcity. We have limited resources, yet potentially limitless wants/needs. The best economic systems are therefore the ones that best fulfill the wants and needs of its society.

I like a lot of socialists. Most of them that I’ve met seem to genuinely want what’s best for society as a whole and genuinely feel for the plight of the poor.

To me, the ultimate problem with socialism is how it often fails to efficiently allocate resources to actually help those they want to claim to support.

In a market economy, resource allocation is decentralized to individual supply (producers) and individual demand (consumers). If consumers want more of product A, they will start to buy more. This gives the producers a clear signal that product A is in high demand and they can therefore increase the price. If they start to see a drop in demand later on, it pressures them to lower prices or stop production. This direct, decentralized feedback loop called price signals ensures resources are allocated as efficiently as possible while being able to dynamically change with time.

In a socialist economy however, the feedback loops are much longer and subject to political interference.

In a socialist economy, the a government on behalf of the workers produce everything for the consumers. If consumers want more of product A, it takes a lot longer for them to respond to that demand. This is because without market price signals, there is no way to gauge demand in real time. If a producer was told by the planners to make 500 units of product A and 1000 units of product B even if real demand was 500 for B and 1000 for A, they have a disincentive to pivot from B to A production as they would be defying the collectives wishes. This misallocation of resources leads to shortages in some goods and surpluses in unwanted goods. If A was a life saving drug and B was a vitamin, this means we have too many vitamins no one wants while many who need A will die from a shortage.
",2,capitalismvsocialism
1oywbdq,1763325106.0,Are Liberal Voters Really More Educated? And Are Blue States Really Wealthier?,"There are two commonly referred to ""facts"" that liberals tend to be more educated, and that blue states are wealthier. 

Here is a link showing the former:
https://www.pewresearch.org/politics/2016/04/26/a-wider-ideological-gap-between-more-and-less-educated-adults/

Here is a link showing the latter:

https://www.visualcapitalist.com/mapped-u-s-median-income-in-blue-red-and-swing-states/#:~:text=Blue%20States%20Generally%20Have%20Higher,incomes%20over%20$100%2C000%20per%20year.

Both of these ""facts"" I believe are taken at least somewhat at face value, but of course, that's what I'm asking the sub. This post is more intended as a probe than anything else.

So, despite liberals accounting for roughly half the population, they account for up to 60% of the GDP.

This may happen if one, there is massive inflation (California has a higher median salary, and a much higher cost of living, for example). And two, regardless of what's actually being produced. 

Is cosmetic surgery (not that this is a left thing) more valuable than a career in agriculture? Probably not, but it yields a higher salary. 

And for the claim that liberals tend to be ""more educated."" Educated in what? What value does a doctorate in gender studies or philosophy provide, rather than a 32 hour CNC certification, or a CNA or auto mechanic certification? 

Is it a smart thing to put oneself in $70,000 of student loan debt for a useless degree, just so one can later demand that taxpayers pay for their debt? Where is the value in that? 

The real question is, do these studies include trade school, and actually look into what types of degrees make up these numbers? 

",0,capitalismvsocialism
1oyw0ri,1763324416.0,"Marxism can pressure capitalism, influence it, and force reforms, but it cannot topple a system that remains flexible, productive, and capable of buying off opposition","Marxism functions as a catalyst for reform, not revolution, within flexible capitalist systems. It can pressure and influence capitalism, forcing changes, but it cannot topple a system that remains productive and capable of addressing opposition through wealth distribution. However, Marxism is prescriptively vulnerable, meaning its own solutions are flawed. The stability of capitalism depends on its resilience: if it loses the ability to deliver broad-based prosperity or if its adaptive capacity is overwhelmed by crises, the structural contradictions identified by Marxism could allow it, or a successor ideology, to regain revolutionary momentum. Ultimately, capitalism wins not by being inherently just, but by being resilient. The critical question remains whether that resilience has an expiration date.

As of November 2025, capitalism remains resilient. Whether it stays that way through 2050 is the defining political question of our era.

Questions based off the above: Socialist in Italic and Capitalist in bold

**If socialism’s only ‘success’ is forcing capitalist reforms (e.g., 40-hour week, social security), doesn’t that prove capitalism absorbs threats and socialism is just a whining lobby group?**

**With AI, space travel, and energy breakthroughs driven by private capital, isn’t the 2050 question settled: socialism is obsolete and the only risk is letting it slow us down?**

**If Marxism’s ‘pressure’ always ends in totalitarian terror (Red Terror, Gulag), shouldn’t any socialist demand in 2025 be treated as a national security threat**  [per NSC-68](https://publicintelligence.net/nsc-68/)**? (The outbreak of the Korean War in June 1950 prompted President Truman to sign NSC-68 into policy around September of that same year.)**

*If the socialist movement relies on capitalism losing its resilience, how does the movement avoid becoming politically passive, merely waiting for a crisis rather than actively building a viable, non-coercive alternative system?*

*Given that resilient capitalism has consistently shown the ability to ""buy off opposition"" through wealth distribution and social programs, what specific, structural economic crisis could overwhelm this adaptive capacity without first leading to a new, non-Marxist form of resistance?*

*If capitalism’s ‘resilience’ is just co-opting Marxist ideas (e.g., New Deal, NHS), doesn’t that make capitalism the real subversion  stealing socialist gains while preserving exploitation?*",6,capitalismvsocialism
1oysezy,1763316035.0,Slavery and STV,"If value is subjective purely to market forces. What is the value of slave labor, in purely economic terms, according to STV? For a particularly difficult example, what is the value of a house slave? One who does not participate in production of goods for market? 

Personally the reason why I find LTV far more convincing than STV boils down to the ability to use LTV to understand the economic relationships of non-market economies. Can STV even be extended to an understanding of the domestic economy as it exists in capitalist society? ",1,capitalismvsocialism
1oynih9,1763304377.0,It has become painfully obvious that a lot of people here (mostly capitalists or pro STV ers) do not understand value in the context of the economy.,"I made a post asking about the value of a jacket. I engaged in some lengthy discussions with some very emotional people about value. It became apparent that they were not talking about something I call ""economic value""... I may or may not be using the dictionary definition of that term (doesn't really matter, it's concept I'm focused on) but I'm talking specifically about the value of goods or services, produces, distributed, and traded in the market.

When I said the only way something has this kind of value is through labor, they started berating me about the value of vitamin D, or corn untouched by man, or berries, or forests, or even sticks lying on the ground...

This is when I realized that there was some fundamental misunderstanding that goes like this:

If I find a berry bush in a field and I walk up to and eat the berries, the berries may have great value to me, but they don't have economic value.

If I walk up to that same berry bush and pick a bunch of berries then cart them off to a market somewhere to trade with other people, then those berries have economic value.

The difference is that I performed labor with the intent of producing something for trade with other people.

I was shocked people (mostly capitalists) didn't understand the difference. Or maybe just weren't thinking of value in the context of the economy? 

Economics is a social relationship. It's analyzes the way we interact with other people to produce and distribute scarce resources. If you eat some berries you found there's no social interaction that takes place. If you collect berries and bring them to the market to trade there is a social interaction that takes place.

In this way all things of ""economic value"" (again I may not be using the dictionary definition, but its the concept I'm concerned with) require labor. Am I wrong here?

Edit: I know about land, but if I can just walk up to any land and take whatever I want then land doesn't have economic value. It's only your defense of your land that forces me into some social interaction with you. Your labor to defend your land gives it economic value.",0,capitalismvsocialism
1oyf1uv,1763276409.0,Fatal flaw of non-capitalist systems?,"Economic systems that severely limit or abolish private ownership and monetization of capital fundamentally undervalue the following:

* ideas
* leadership
* organization architecting
* skilled resource allocation
* exceptional individual productivity

The people who deliver the above at a high level are an extremely small minority of the overall population, and much of the excess wealth generated as a direct result of the above is concentrated within this group. I say that this group is undervalued because alternate systems are explicitly designed to prevent compensation/wealth accumulation for this tiny but critical idea/leader/etc class.

The problem that I see with most real-world systems that don't have a capitalist core is that those systems yield suboptimal results on all of the above and miss out on most if not all of the excess wealth and production that could've been created otherwise. I see:

* poor innovation at the consumer level, where private markets excel (big, non-marketable innovations still happen, though that's more a by-product of massive state-level resources than anything inherent to the economic system)
* worse leadership
* less efficient, less effective organizations
* poor/aimless/misguided/corrupt resource allocation
* poorly expressed individual exceptionalism (poor incentives, no structure to leverage impact)

Socialism appears to be content with dividing a much smaller pie equally than a larger pie non-equally, even if the latter yields larger slices for the overwhelming majority of the population. Socialism seems both perfectionist and punitive; perfectionist in that it strives to avoid even a single person suffering a lower-than-predetermined quality of life, and punitive in that it strives to avoid even a single person enjoying a higher-than-predetermined quality of life.

A system that not only fails to properly and \*disproportionately\* reward its top contributors, but is purposely structured away from letting those contributors deliver maximal economic and societal impact, is doomed to stagnate at best, and fail at worst.

I'd argue that even a high level of income inequality in a reasonably regulated capitalist economy is healthy, as it demonstrates that productivity across the spectrum is being enabled and captured.

A system with capitalism at its core that redistributes a percentage of the excess wealth to ensure a strong social safety net and doesn't let ""losers"" lose to the fullest extent seems optimal. The today's resurgent popularity for socialism suggests that we need to turn some of the knobs on that redistribution. We shouldn't swap out the core itself. The misrepresentation of Nordic social democracies as socialism is being leveraged by folks who want far more than tweaks to the existing system.",1,capitalismvsocialism
1oyee3z,1763274023.0,Why are capitalists so evil? They just offer you money and stuff.,"I’m trying to get this straight. Capitalists do two things:

1. Offer you money to do stuff (jobs, gigs, startups).
2. Offer to sell you stuff (phones, cars, tacos, Netflix).

You take the trade or you don’t. No gun, no secret police, no gulag. But socialists believe that people offering you money and stuff somehow causes other people to be poor. So the fix is…

* A totalitarian state
* That bans private trade
* Seizes factories, farms and your savings
* Decides what you produce, eat and earn
* Shoots you if you trade on the side (USSR black market was 30% of GDP)

…all to save us from the horror of someone saying:

“Hey, I’ll pay you $35 an hour to code this app.”  
“Hey, I'll trade you this burrito for $5.” 

  
Why is offering value for value ""exploitation"" but state coercion at gunpoint is liberation? Name one country that banned capitalists offering money/stuff and got richer, not poorer.

  
“b-b-but muh co-ops!”  
Co-ops exist in capitalism. If you think making 70 people vote on supply chains will make them richer then you're free to do that. 

“b-b-but muh exploitation!”  
You’re “exploited” when someone offers you $80k to code and you say yes?  
Real exploitation: state monopoly on jobs, 15-year apartment wait, black-market bread or gulag. Capitalism: Change jobs. Get new skills. Start your own business. Start your own co-op. You can even start your own planning committee that asks people produce stuff for free and doles it out according to a computer program if you want to. 

“b-b-but muh billionaires hoard all the money!”  
Most billionaire wealth is equity in companies that employ millions.  
“Just seize it!”; crash markets, tank 401k, lay off workers.   
Money in the financial system is being moved to where it is needed to expand businesses, make new products and grow the economic pie.   
Real hoarding: USSR planners seize all the private property and allocate dachas, fine food and luxury cars to themselves while peasants starved.



",4,capitalismvsocialism
1oybrqh,1763265352.0,Capitalism pulls us all away from our natural purpose,"Tonight I was having dinner at medieval times and was looking at the horses doing their routines and I couldn’t help but to think how capitalism pulls us all (animals included) away from our natural purpose on earth. On what earth is a horse suppose to be locked up only to come out to put on a show for humans.  The same way that humans aren’t suppose to be stuck in an office for 8 hours a day, animals aren’t here on earth to make us money. How did we lose our way so much to let this majestic beings be so exploited. Rant over. ",47,capitalismvsocialism
1oy5lyv,1763247700.0,Are you a minority?,"This is specifically addressed to American socialists. 

It recently occurred to me that a principal reason most socialists are so disgruntled about capitalism is that they don’t understand how to participate, so they don’t understand why capitalism is so much more popular than socialism. 

Socialists brutishly advocate for the violent seizure of the means of production. And they seem frustrated by the unpopularity of this proposal. 

Do socialists realize they can simply purchase the means of production on the market rather than trying to seize it through the government? In fact, this is what [most adults](https://news.gallup.com/poll/266807/percentage-americans-owns-stock.aspx) have already done.  Most adults don’t like the idea of seizing the means of production because they already own those means, so you’d be seizing it from them. 

It really shouldn’t be too surprising that most adults support capitalism when they are themselves owners of capital.  

My hope in telling you the good news that the means of production are already available for purchase is that this knowledge will help you mature out of the socialist phase so many young people go through.  I invite you to join the majority of adults as members of the capitalist class and to abandon your ill conceived dreams of political revolution. ",6,capitalismvsocialism
1oy5gvh,1763247335.0,What A Piker,"&gt;""China gets to make decisions at the top that are, one, beneficial for its own working class and, two, China can dramatically restructure their economy almost overnight if they choose to do so. This is not something that the decentralized system of capitalism, the decentralized system of governance that Western liberal capitalist nations have.""

&gt;Hasan Piker

  
Is this leftie darling Piker not only admitting Communist China is totalitarian but praising the concept of the Maximum State, which ""totally isn't socialism, I swear!"" as you all keep saying?",4,capitalismvsocialism
1oy52z9,1763246324.0,"According to Capitalism what is stopping someone from claiming ownership of the Moon, Sun, Mars, stars, etc?","Since unclaimed stuff in nature is ""finders keepers"" what is stopping me from declaring ownership over something unclaimed and suing anyone who tresspasses on it or claims otherwise?  Any argument related to being allowed to do this only if you homestead on it or use it for productive purposes makes no sense.  In a capitalist economy you are allowed to buy land and property and you do not need to ""promise"" to use it for any purpose.  You can just buy land for whatever reason you want under capitalism.  So why is claiming unclaimed stuff in nature (including celestial objects) for no given reason any different?

I if you do not beleive I have the right to declare ownership of the sun then you undermine your own argument in favor of private property rights and therefore capitalism itself.  I you argue I can declare ownership of the sun, then you are exposing the totally contrived, absurd, and artifical nature of private property.  Because this is ridiculous.

What are your counter arguments or do you agree?",0,capitalismvsocialism
1oy4fg2,1763244614.0,Corruption in Capitalism vs Corruption in Socialism,"Corruption is when someone abuses the power or responsibility they've been given by the public for personal benefit instead of serving the purpose it was meant for.

Corruption always requires two parties: a private individual or business, and someone with authority over the public.

Common misconception is that private corruption without state authority can take place as well. These illegal transactions are irrelevant, as internal corruption of a private entity will mainly hurt the entity itself. It can’t affect the entire population, moreover, such activity can exist in both - socialist and capitalist systems. Besides that, we have more specific and accurate definitions for these illegal actions - fraud, embezzlement, steering, etc. 

I believe we can all agree that corruption is bad, which gives us a common ground to start from. 

Corruption in Capitalism - government contracts, regulations that limit competition benefiting status quo participants, bailouts, benefiting from insider knowledge, legal system that punishes poor individuals and forces small and medium size businesses into bankruptcy while large corporations enjoy pay for play legal schemes, for profit prisons and slave prisoners labor, wars for profits, etc. 

Corruption in capitalist system is more evident, and while regular people can do very little about it, at least they can plan their lives accordingly. Power is concentrated at the hands of the state and mega corporations, and there’s some competition between public and private power, and private vs private power, that acts as checks and balances mechanism. 

Corruption in any variation of Socialism - everything from the above, the power is concentrated in the hands of the state, leaving the opportunity for authoritarian regimes to form under disguise of “for the greater good” premise. A lot more favoritism that leads to outcomes that have a much greater effect on the society since the state is a lot more involved in economic and social life of private individuals and private entities. While free market punishes capitalists for favoritism (applied to non-elites only), socialist systems simply establish government entities for the interests of those that have government authority, effectively making their corrupt schemings legal. 

To set some boundaries for this discussion, let’s agree that “not a real socialism/capitalism” arguments are completely useless. To get anything beneficial from this discussion, we must accept the reality and operate with facts, rather than speculate about some utopian theory. The main premise of socialism is that the means of production should be owned or controlled collectively by workers, the community, or the state with the goal of making economic decisions with the democratic will of the people/workers, and promoting social welfare. Capitalism is an economic system in which individuals and private entities own the means of production and engage in voluntary exchange in free or relatively markets. The US, Nordic countries, etc are capitalist. The USSR was socialist. 

My question to socialists, communists, and to capitalists that are proponents of Keynesian economics, MMT, and any other theories that see government intervention as necessary:

**How do you minimize corruption?**

While your whataboutism will be noted, it would be great to see some proposals that are applicable to the system you personally prefer.
It's easy to criticize others, but discussions focused on pointing fingers rarely produce anything of value.

I’ll leave my personal opinion in comments. ",9,capitalismvsocialism
1oxu8a0,1763219878.0,"Socialists, does this Flat Earth Video remind you of bread tube?","The transcript at the start of this flat earth video is hilarious, but I could not help noticing how closely it matches the way socialists in this sub talk about capitalism and socialism. It has all the familiar pieces: calling anyone who disagrees “religious,” praising themselves for heroic insight no one else has, giving themselves moral credit for effort instead of results, the gaslighting that they understand your own views better than you do and they’ve moved above and beyond them, and drifting into conspiracy thinking whenever the arguments fall apart. 

They slide instantly from “we’re just questioning the narrative” to “you’re a victim of a manipulation campaign,” as if skepticism is only admirable when it runs in one direction.

It is the same performance with a different costume.

Here it is. Does this remind you of BreadTube™️? It reminds me of a lot of people here, and I know a lot of you get your schtick from BreadTube.

&gt;I’m tired of trying to wake people up. I’m tired of that shit.

&gt;Warning: do not watch this video unless you want to become a ~~flat earther~~ *socialist*.

&gt;You say, ""Yeah right,"" but I guarantee you that you don’t actually know what we believe, and if you let yourself watch to the end with an open mind, you’ll find out that it’s actually you that’s been hanging on a belief system, on a religion, as it relates to ~~the globe~~ *capitalism*. You’ll also develop a new found respect for this group of people that support this channel and who are so willing to be called stupid, so willing to be looked at as idiots for simply questioning the narrative of what they’re being told, because the reality is no one becomes a ~~flat earther~~ *socialist* by seeing some ~~floating pancake~~ *hammer and sickle aesthetic*. Yeah, we think that’s ridiculous too.

&gt;We become ~~flat earthers~~ *socialists* by studying and finding major errors in the ~~heliocentric~~ *capitalist* model and actively pursuing truth which I guarantee you is harder than passively absorbing a lie. We probably actually know more about what you believe than you do. Remember, we used to be you, so trust me when I say that any objection that is currently or about to arise in your mind we’ve already dealt with ourselves, and if this thing was truly easily debunkable, none of us would still be ~~flat earthers~~ *socialists.*

&gt;Have you not wondered why someone would believe in something so stupid as ~~flat earth~~ *socialism*? Why people don’t mind being called idiots? Maybe it’s because it’s not that stupid. Maybe someone wants you to think it’s stupid. Maybe someone is working really hard behind the scenes to make you think that we believe in ~~a square pancake flying through the solar system that you could just step off of and in the nothingness of space~~ *some fantasy world where everyone holds hands and money disappears and the state gives you whatever you want*, but, again, I assure you, we think that’s ridiculous too.

[https://www.youtube.com/watch?v=KIl6llqMnrc&amp;t=3s](https://www.youtube.com/watch?v=KIl6llqMnrc&amp;t=3s)",0,capitalismvsocialism
1oxqtdn,1763210682.0,Thoughts on when Jimmy Carr called American Communists as just American Marxists who mistake redistribution of status as redistribution of wealth?,"Here’s a clip from his speech:

https://youtube.com/shorts/zMmjKRettxA

When asked by his audience on the failures of capitalism, he said it’s bad but better than all the others including communism.

Then he said American Communists are not really communists and are just Marxists who think sharing status is the same as sharing wealth which Communism calls for.

Is this a common misconception?

The comments say Jimmy Carr took political science in school so knows what he is saying.

Jimmy also says Ticketmaster and their capitalist ways is fine.",4,capitalismvsocialism
1oxeyhu,1763170715.0,"German Strategy, Lenin’s Gamble, and the Rise of a Totalitarian State","The German High Command saw the Bolsheviks as a short-term destructive weapon to force Russia out of World War I. They funded Lenin to trigger immediate chaos, strikes, mutinies, collapse, and achieved their goal with Brest-Litovsk (1918). They did not anticipate Lenin building a semi-permanent revolutionary state.  The Germans threw a grenade to blow up Russia and it worked. The Tsar fell, the army mutinied, the state collapsed. But Lenin was already in the rubble, picking up the pieces and building a new machine

By taking power under these unprepared conditions, Lenin defied Marx’s “scientific” analysis, creating a structural problem for the new state. Since Russia lacked the industrial base required for communist abundance, Lenin had only one option: use the massive power of the state to force industrialization and manage permanent scarcity. This produced the dictatorship of the Party, War Communism, forced collectivization, millions dead, the Gulag system, proving that Germany’s short-term weapon ensured that the resulting “communist” state would not be Marx’s free society but a permanent totalitarian one.

Marx had insisted revolution required advanced industrial capitalism, a large proletariat, and “superabundance,” but Russia in 1917 was 80% peasants and only 2% workers. Lenin knew this, yet in the April Theses he rejected orthodox Marxist patience, demanded immediate power, and seized it. With no industrial base, the Bolsheviks had only the state as a lever, and the “dictatorship of the proletariat” became the dictatorship of the Party. This was not Marx’s vision, but an entirely different beast.

 It was authoritarian modernization, a new kind of state that industrialized in a generation, launched Sputnik, but killed between $2.5 and $3.5 million people with official executions, mass shootings, and deliberate killings. While $13 to $18 million died due to famine or disease.

The sad and concerning truth is Marxism wasn't invalidated as it was never fully tested in an advanced capitalist nation and that is something that should not be forgotten from viewpoint of Western nations that still see Marxism as an active, armed, existential threat, not a classroom debate.

**A few questions:**

Since Marxism was “never tested” in an advanced nation. Isn’t that exactly why we must treat any Marxist movement in the West as an existential threat before it gets the chance?

If Lenin defied Marx’s scientific analysis. But Marx himself supported the Paris Commune (1871) in a non-industrial context. Was Lenin really un-Marxist, or was Marx more flexible than we think?

Lenin transformed a collapsed agrarian state into a nuclear-armed industrial superpower in under 40 years. Given that this was achieved in a nation Marx deemed unready, what risks would a similar revolutionary model pose if attempted in an advanced industrial democracy like Germany, Japan, or the United States?""

If Marxism has never been tried in an advanced capitalist democracy, should we run the experiment… or burn the lab before it blows up?  I say, no fucking way we should NOT run the experiment but I want to hear your thoughts.",2,capitalismvsocialism
1oxcvz3,1763165058.0,Am I socialist or communist?,"So, I've been told I'm a communist because I believe in community. I'll give some examples of what I believe:

I believe everyone should have roughly the same: not rich, not poor but everyone should have a decent amount of money and of course basic needs met like health care, food, and shelter. 

I don't believe there should be some with advantages and privileges over others. Because I mean, let's get real, advantage and privilege does indeed exist. ​​

I do believe in the abolition of private property and religion. Religion should honestly go first! Transform all worship houses into places for the needy (any good god wouldn't be opposed to that anyway). 

Overall, to describe what I believe,  it would be about community and not so much about on person living in a 4,000 sq ft home when another lives in  shack. Your wealth gap is showing! Perhaps nice apartments, or everyone living in the same sq ft home (cookie cutter) but the bottom line is about working together as a community, to lift humanity instead of one trying to outdo the other that a capitalist society has created. 

What beliefs and philosophy is that kind of thinking? 

Thanks. ​",0,capitalismvsocialism
1ox1gby,1763138324.0,About discussion on capitalism,"&gt; Capitalists like the government, as long as it does what they like, even most of the supposed 'libertarians'. See Milei, DOGE, the El Salvadorian president guy, etc. You want the state to enforce private property rights, and police crimes you don't like. You want right wing governments and presidents to use their monopoly executive powers to slash the public sector to the bone and sell everything off to big business, in reality. You also want the police and military to suppress, arrest and/or otherwise disrupt leftist or union action, because they are 'oppressive and coercive and envious and monopolist etc etc' - all accusation-as-confession.

&gt; You want these big businesses with hierarchical power structuring to rule over our institutions and services. You want wealthy and 'exceptional' individuals, 'self-made' or otherwise, to have significant control over the economy and countless people's lives and livelihoods, forming a pretty undeniable oligarchical dynamic.
&gt; 
&gt; It's okay, you can admit it. I understand. You gotta make compromises, right? The lesser evil, eggs and omelettes. Bro, I get it. But own up to it, accept it, because nobody buys your lies about purist individualism in our corporate-dominated neoliberal postmodern (dystopian?) world
&gt; 

So I read this and I realized this is not what I want but I still like markets. If [we are talking about price](https://reddit.com/r/CapitalismVSocialism/comments/1owaqyl/what_exactly_is_price_should_we_get_rid_of_it/), my opinion is I think LTV was interesting but I accept Subjective Theory of Value too. Maybe in my mind LTV needs revision it is not useless it made us conceive of STV anyway. The thing is, I cannot understand socialism and I want to better. I hope you will know then it's not the time to fight. When I try to make posts I get the sense many socialists here think I'm the guy this guy I quoted is yelling at. I think he is fighting some version of capitalist. So I am wondering what does this mean for me then? For example, does socialism always involve a takeover of the state? Also what is this post supposed to mean for me if I don't agree with for example I don't need governments and presidents and executive powers to slash the public sector and sell it off. I don't care if people start union actions and coops so I know I don't need a police or military to go after that. I know I like money but I know sometimes the person with the money is the problem. I like worker's rights but I can't understand if taking over the state and telling everyone you must run a cooperative is exactly the best way. I didn't say it is a wrong way I just don't think it is the way I would go about things. So with this what am I? Am I just a capitalist? I have been undecided for a very long time.",5,capitalismvsocialism
1owv9n7,1763123562.0,The Labor Theory of Value as an Explanation of the Rate of Profits,"**1. Introduction**

I thought I would lay out the labor theory of value, as I understand it. I have the novel idea that you cannot successfully criticize an idea if you have [no idea](https://www.reddit.com/r/CapitalismVSocialism/comments/1lx5ptx/why_procapitalists_cannot_argue_against_marxs/?sort=confidence) what it is. Since this is modern economics, many expositions exist with formal mathematics.

This account is of a capitalist economy as a whole, in some sense. Many [industries](https://www.census.gov/naics/) are assumed to exist. It is not about a single transaction for a single commodity.

**2. Market Prices and Prices of Production**

Classical political economy has a distinction between market prices and prices of production. Market prices bop around maybe day to day, certainty during a farmer’s market.

In early capitalism, people’s livelihood depended on prices of the goods they produced. This was new. European peasants made a lot of what they needed at home. The tithes and so on paid to their lord were often paid in kind, as I understand it. As markets became more important, your livelihood depended on fluctuations of money prices.

William Petty had the insight to see that these prices fluctuated around prices of production. He did not call them that. Adam Smith analogized this process to one of gravitational attraction. Alfred Marshall, with a wrong theory, had a distinction between normal and market prices.

In this gravitational process, capitalists expand production in industries in which they are obtaining a high rate of profits and contract production where they are obtaining a low or negative rate of profits. Prices vary as a result of the change in quantities. You can think of this dynamic process as characterized by supply and demand. Adam Smith and David Ricardo, for example, did not characterize supply and demand by stable, well-defined functions. It is more about direction of change. Modern economists might want to explore these processes with theories of markup pricing or [target return pricing](https://www.sciencedirect.com/science/article/pii/S0954349X25001134), for example.

At any rate, prices of production  rule when this dynamic process is quiet because, as a first approximation, the same (accounting) rate of profits is being obtained in all industries. No claim is made that such a state will ever be reached. Prices of production can tell us something about [trends](https://www.amazon.com/Structural-Change-Economic-Growth-Theoretical/dp/0521274109).

**3. Labor Values**

In a capitalist economy as a whole, workers, who are paid wages, produce over, say, a year the net output. The laborers are [working](https://standardebooks.org/ebooks/adam-smith/the-wealth-of-nations/text/introduction) in a given environment, with previously produced capital goods and a certain natural setting.

The production of the national product entails that the workers reproduce the capital goods they use up. Those goods include semifinished products, fuel, and wear and tear of machines.

As a matter of accounting, you can decompose the labor in a year to associate with each element of the net output, a quantity of labor. This quantity includes both the labor directly expended to produce that product and the labor needed to reproduce the capital goods used up in producing this product. These quantities are called labor values.

Many [elaborations](https://www.cambridge.org/core/books/inputoutput-analysis/431D85A5E459AB078479852169EA77D7) can come into this accounting, if you want. I think of labor values as Leontief employment multipliers. The labor value of a commodity is the increase of employment resulting from the increase of net output by one unit of that commodity.

**4. The Labor Theory of Value**

The labor theory of value (LTV) is the claim that prices of production are proportional to labor values.

**5. The Rate of Profits**

Labor values can be calculated not only for single commodities, but for large bundles of commodities. Suppose the labor values of the commodities bought out of wages have been found. And suppose the labor value of national income is also known. And suppose, finally, that the labor value of the capital goods used up and reproduced in a year is known.

Under certain abstractions, the rate of profits is the ratio of the difference in the labor value of national income and the labor value of wage commodities to the labor value of the capital advanced.

If wages were higher, the rate of profits would be lower. And the rate of profits used in calculating prices of production can be this rate of profits, calculated from labor value accounting.

For this use of labor values, you need not claim that prices of production are proportional to labor values.

**6. Conclusion**

The LTV may seem obvious. I do not see how the theory could have been developed before capitalism, before most commodities were produced for markets. Many mathematical complications arise that entertain me. You might note that I am assuming a certain institutional structure. For example, the workers are under the formal and real subsumption of capital, in the jargon. What determines the intensity with which laborers work and how long they work each day or year? Marxists tend to elaborate on those assumptions.",3,capitalismvsocialism
1owr4uo,1763109186.0,"Is Western Europe an example of socialism, social democracy or crony capitalism?","Western Europe is often heralded as a success story that combines the free market of capitalism with the welfare provided by socialist systems. However is Europe really an example of social democracy or capitalism or really just an example of crony capitalism?

A good deal of the EU's regulations exist solely to protect Europe's established corporations from both local competition, within the EU itself, and external competition. An example is the recently proposed tariffs on low value packages imported from China using apps such as Aliexpress and Temu. The idea of the proposed tariffs isn't to protect local industry but to protect local retailers that import the same Chinese goods in bulk and then sell them at 10x the price you can get them on Aliexpress or Temu. This is textbook crony capitalism. The government is using its regulatory power to stifle competition.

Europe's famous welfare state is financed by heavy taxation with the tax burden disproportionately falling on the working poor. This includes a large VAT rate (&gt; 20%), which is a regressive tax because the poorer the individual the larger the percent of income is spent on VAT. Social security contributions in many European countries (e.g. Spain) are also regressive because they are fixed amounts rather than % of earnings usually with a minimum and maximum contribution. The result is the poor could owe more in social security than they have even earned while the rich who earn more than the maximum contribution pay a lower % of their earnings in social security. The result is that the working poor are financing the welfare of the unemployed rather than wealth being redistributed from the rich to the less well off. Some European countries, Spain again is a notable example, place a huge tax burden on the self-employed, where taxes owed by startups exceed total revenue effectively driving them out of business and disincentivizing the public from starting their own businesses. While we can argue that this is done to finance the welfare of the unemployed, why would the tax burden disproportionately fall on startups rather than large corporations other than to prevent startups from growing to a point where they can compete with established corporations?

Is Western Europe really a social democracy or just an example of crony capitalism?",1,capitalismvsocialism
1owpj7i,1763103054.0,capitalists argue capitalism is best for everyone...,"... so then could we like get a socialist agreement on running society like that???

like just declare total communism, the people now own the earth equally, yeah!

the people then work on agreeing how we should run society next, and if capitalism was best for everyone,

then naturally they should agree to just pick up capitalism right where we left off, because it's obviously best for everyone!

could be done in day #endthedebate",6,capitalismvsocialism
1owdlep,1763069358.0,Capitalists are collectivists.,"Capitalists like the government, as long as it does what they like, even most of the supposed 'libertarians'. See Milei, DOGE, the El Salvadorian president guy, etc. You want the state to enforce private property rights, and police crimes you don't like. You want right wing governments and presidents to use their monopoly executive powers to slash the public sector to the bone and sell everything off to big business, in reality. You also want the police and military to suppress, arrest and/or otherwise disrupt leftist or union action, because they are 'oppressive and coercive and envious and monopolist etc etc' - all accusation-as-confession.

You want these big businesses with hierarchical power structuring to rule over our institutions and services. You want wealthy and 'exceptional' individuals, 'self-made' or otherwise, to have significant control over the economy and countless people's lives and livelihoods, forming a pretty undeniable oligarchical dynamic.

It's okay, you can admit it. I understand. You gotta make compromises, right? The lesser evil, eggs and omelettes. Bro, I get it. But own up to it, accept it, because nobody buys your lies about purist individualism in our corporate-dominated neoliberal postmodern (dystopian?) world.",3,capitalismvsocialism
1owaqyl,1763062799.0,What exactly is price? Should we get rid of it?,"Hello everyone after watching [more videos from my post asking for easy videos from your ideology](https://reddit.com/r/CapitalismVSocialism/comments/1ost30r/easy_videos_about_your_ideology/) I wanted to ask a question because I did not know there was a lot of disagreement on this. What exactly is price? Is it useful? Is it by any chance a problem? For example, are there things that do not or should not have a price? 

&gt; A price is the (usually not negative) quantity of payment or compensation expected, required, or given by one party to another in return for goods or services. In some situations, especially when the product is a service rather than a physical good, the price for the service may be called something else such as ""rent"" or ""tuition"". Prices are influenced by production costs, supply of the desired product, and demand for the product.

What are your reactions to this? Is rent good or bad? What about tuition? My reaction was it was interesting that price can sometimes be negative.

It's important to consider everyone's perspective on price or money because for example I like to think about when Negative Income Tax was made in reaction to welfare discussions. It is important because we can see innovation from trying to exchange different ideas even if we may not seem to agree at first. I think you should please disagree and discuss!

I'll try testing your view with common perspectives we've heard before:

What is price? Why is the rent so high and how come the bad food is affordable compared to the one that will help me live? What do you think about products that are marketed as affordable but are likely to harm you?

I liked the idea of insurance but always hesitated on what is the 'best method'.

When it comes to thinking about doing anything in the best way, like helping the poor, it seems important when they say 'price is a signal'. For example some people talk about an economy without money. How do you do things with that because if I represent someone who liked enterprising to help people, how am I supposed to do things without price, how would I have things to signal ""Hey if you are poor you might want to buy this thing not that"" cross culturally?",0,capitalismvsocialism
1ow8cew,1763057427.0,Austrian School and Marxism,"Is it just me but the Austrian School and Marxist School of economics have a lot in common. They both have supposedly great charts and math but they both have the same problem. They historically have received challenges on reproducibility or predicting behavior accurately. My problem is this though. I observe that the Austrian School, which I don't even agree or like, at least conceded or when they were told they were wrong, they just kept going. They were told something is wrong with their predictions on utility so in reaction they came up with marginality and now we know about marginal utility.

The Marxist School on the other hand I feel has contributed to sociology more than economics. When they are told they are wrong they seem unique where overall Marxism could be good when it is found only criticizing capitalism and being quiet on what to do. That is like saying is of the is-ought. Quiet because we don't know what to do with certainty. Maybe the manifesto has good ideas but I'm tired of acting like it is the final word, I don't think it was meant to be that either.  However when Marxists say what one ought to do, while implementation and reproducibility has struggled from both schools, I'd argue that all the attempts at socialism shows the struggle of doing what was laid in theory. No, I did not say the attempts at socialism failing doesn't mean socialism can never theoretically happen. But what I am saying is that in comparison, what is with the angry reaction from Marxists if historically we have moved past the LTV? Wasn't one point of Marxism or socialism the material dialectics? Well dialectics led us to the subjective theory of value. Opposing ideas came together, Labor Theory of Value was asserted and last I remember no one hated the idea, they wanted to believe in it, but after trial and error we have arrived at Subjective Theory of Value. In comparison, when right-libertarians were challenged and pushed to value welfare, at least Milton Friedman came out and said you know what fine but it will happen under our terms: Negative Income Tax. Basically welfare but in different terms, and probably interesting conditions we overlook because we think we figured out welfare. I just think The Marxists shouldn't be mad, they should be happy that they put a provocative idea and when we tried to stress test it sure we came up with something else. I just think Marxists confuse me because winning shouldn't be a goal, I thought they are already winning starting conversations with good questions (dialectics). When they find the answer favors market mechanics they shouldn't be offended, they should feel like they contributed. Imagine if LTV wasn't brought up and we did not come up with Subjective Theory of Value in reaction. We might have been on something worse. Maybe it is just this sub but I would wish that we wouldn't act like if we're wrong on one thing an entire worldview is useless. And that goes for who we're arguing with, if they're wrong on one thing it doesn't mean their whole view is useless and your view is forever correct. Why can't we just accept we have different ideas and when they clash we can come up with *good things* even if it's literally not what we started with or maybe fully agree with.",5,capitalismvsocialism
1ow7f0r,1763055383.0,What is LTV and why should we use it?,"Hello everyone,

I saw a discussion and I was not happy but I realized whenever this happens I see an opportunity to start a post. There was a back and forth between capitalists and socialists and one was talking about how they felt the LTV was unfairly dismissed. This made me wonder, what really is the LTV and why should we use it? I am someone who has always wanted to understand socialism because I understand the waters are muddy and to be honest I think one of the biggest steps is to admit I don't know it very well. It's better that than to assume. With that said, what is LTV? I know it is the Labor Theory of Value. But I was a business/econ student so to me my education has already said this was a 'good idea' but 'unfortunately was left behind' because there were some core issues. For example it says here on Google one issue is it did not account for why a rare diamond is more valuable than a common one despite less labor or why a product with minimal labor can be valuable if there is high demand for it. Now I know it is very tempting to accuse Google of bias. However. Let us say that this is an issue. Is LTV really useless? I wouldn't think so? I always looked at it as a key concept. However, since we use the subjective theory of value, I wonder if the spirit of LTV has to die. For example, when I think of utility value, I do see some inspiration from 'Socially necessary labor', and in general, I think this specific metric 'socially necessary labor', even if the whole 'labor theory of value' that contains it is not fully true, might still be used to make a new theory someday. What are your thoughts? What is your explanation of LTV and why should we use it?",6,capitalismvsocialism
1ow6s36,1763053970.0,"""You think of workers as children""","That was a common response from socialists in my [last post](https://www.reddit.com/r/CapitalismVSocialism/comments/1ovadmy/fixed_mindset_socialism_growth_mindset_capitalism/)

I think it's upsetting to socialists because I'm talking about the workers who \*treat themselves\* like children. And it hurts to face that you see yourself that way.

Normal, decent workers aren't socialists and don't want undeserved handouts, because they know they can build their own success and feel satisfied by their own efforts. 

The low quality workers don't want to improve their own lives (or don't believe they can) they want other people to. That's a child's mentality.

We all have it at some point, tho. You're not ""bad"" for being immature and selfish. It's just a temporary state before you grow up.

Is this an understandable take?",0,capitalismvsocialism
1ovwzr1,1763027166.0,The argument Marx made 170 years ago modern economy is still trying to run away from,"I will paraphrase here and simplify Marx's argument made at the very beginning of Capital.

Prices exist. This makes goods comparable with each other in an objective way. Not only that, but the goods are \*rationally\* comparable. They must be rationally comparable in order for any economic planning to be possible at all. If a loaf of bread costed 1$ today 1000000000000$ tomorrow, society would collapse. And no profit can be anticipated in an economy where anything can just arbitrarily become worthless or infinitely dear at any given moment.

Marx asks then, what makes economic planning possible; what makes goods rationally comparable? Why aren't prices just random white noise?

Money is what makes goods universally comparable. But why is the resulting comparison rational? If it's rational, that implies prices carry some information that structures exchange. Something that tells producers what to produce and in what quantities so that society can reproduce itself. What is this information?

""Supply and demand"", the liberal economist says. But supply and demand are themselves derived from price. Supply is the quantity of goods produced at a given \*price\*. Demand likewise is the quantity of goods bought at a given \*price\*. This creates a circular dependency; without some point of reference in price supply and demand are meaningless

""Costs of production"", someone else might say. Again, those are derived from price.

""Scarcity"" - scarcity is not quantifiable; there is no common measure of scarcity.

In order to fit the bill, this information must:  
\- apply to all goods and services, since all goods and services are rationally comparable  
\- be objectively quantifiable, since money expresses an objectively quantifiable relation  
\- since there is no physical property common to all goods and services, this information must relate to something that is not a physical property of the goods it compares  
\- not be itself a derivative of price

Since this information is by definition the content of money - the thing money measures, what makes money the universal comparator of goods and what anchors prices - therefore we call this ""value"".

Marx thought the only thing that fits the bill as a candidate for value is the social replacement cost of a good; the abstract labor that goes into producing it. You can disagree that this is the case but you must provide another candidate for value that fits the criteria. Or, you must point out a flaw in the argument.

Who cares/Why does it matter?

It matters because if you concede here that there is no other candidate, then it mathematically follows from the Fundamental Marxian Theorem that:  
\- Exploitation as defined by Marx exists  
\- Class conflict exists  
\- Indirectly, it follows that Capitalism will collapse due to it's inherent contradictions

EDIT: I'm noticing nobody is actually engaging with the argument. Other than perhaps the one guy, shoutout to him, who brought up the Energy Theory of Value. ",27,capitalismvsocialism
1ovwrhj,1763026239.0,What do capitalists and socialists think of social capitalism?,"[Link](https://en.wikipedia.org/wiki/Social_market_economy)

Do capitalists and socialists see this as a compromise, a ideological equivalent of a love-child between enemies, or an abomination? or is it something else?",5,capitalismvsocialism
1ovw5wx,1763023861.0,How do you design a society without capitalism?,"I need your opinion. How do you design a society without capitalism? While maintaining honesty and justice and avoiding rich becoming richer. 

Here is what I am thinking:
A society where food, home, clothes, education, health and all basic human needs are free. In return everyone will have to work specify days serving people (jobs) let's say 6 months out of a year. The job can be anything like doctor, teacher, cook, etc. Any kind of job that a society need to be self sufficient.
If you want to earn extra you can work even more hours than fixed. 
I haven't yet figured out businesses and self employment. 

What do you think? ",3,capitalismvsocialism
1ovttup,1763014945.0,What are capitalist plans after AI take over.,"Capitalists are spending trillions to get rid of human Labor. Once they achieve this goal what do they plan to do with billions of unemployed people? 

UBI is communism so clearly not an option. 

Get another job when there are no or very few jobs left also doesn't seem plausible.

Any little biznis you might attempt is dead on arrival since megacorps owning AI can do it for better and cheaper.

Can't exactly move out and start your own AI free country since rich own all land.


I have an idea what will happen, it's what capitalism truly excels at, but before that what are your explanations.

",9,capitalismvsocialism
1ovtrk6,1763014715.0,Elaboration on contradiction of motion,"Context: https://www.reddit.com/r/CapitalismVSocialism/s/PXL2dfeNjy

&gt;If an object moves from one place to another, it’s not “both in one place and not in it.” It’s at position A at time t₁ and at position B at time t₂.  

This is not motion, it's a result of motion.  

This discrete view is precisely what Engels was describing:  

&gt;True, so long as we consider things as at rest and lifeless, each one by itself, alongside and after each other, we do not run up against any contradictions in them.  

What you do is distinguish object at one period of time and at another, two different snapshots, not it being in motion, not it *going* from one to another as if it ceased to exist at point A and reappeared out of nowhere at point B.

This is like saying there's nothing difficult about rocket science: at first, rocket is on the ground and then it's in space, completely missing the point that the omitted transformation from one to another is the very subject of the question and the point of contradiction.  

You don't solve it by introducing velocity, you just go in circles as velocity is defined after motion taken place, after position was changed, after some time. You measure time and distance passed and then relate one to another, you don't find it in the object at initial spot at initial time.  

And once again, this word for word objection have been addressed at least back in 1915 by Lenin in his Conspectus of Hegel’s Book ""Lectures On the History of Philosophy."" The Eleatic School:

&gt;Movement is the presence of a body in a definite place at a given moment and in another place at another, subsequent moment—such is the objection which Chernov repeats (see his Philosophical Studies) in the wake of all the “metaphysical” opponents of Hegel.
&gt;
&gt;This objection is incorrect: (1) it describes the result of motion, but not motion itself; (2) it does not show, it does not contain in itself the possibility of motion; 

i.e. This description is a set of static, discrete facts. Nowhere in this description does the concept of transition, passage, or becoming arise.

 If all you knew were the concepts of ""being at A"" and ""being at B,"" what would compel you to invent the concept of ""moving from A to B""? The description itself provides no internal reason for it.

&gt;(3) it depicts motion as a sum, as a concatenation of states of rest, that is to say, the (dialectical) contradiction is not removed by it, but only concealed, shifted, screened, covered over.  

It tries to construct a dynamic whole (motion) from static parts (rest)",0,capitalismvsocialism
1ovov5j,1762999810.0,Was Communism a Lie Designed for State Control?,"The biggest problem with Marxism is so glaring that it leads to one scary truth: communism's dream of utopia was a calculated ideological lie, a ""noble"" trick to grab total control of the state. Marx was an expert in history and economics so there's no way he overlooked simple facts like scarcity and people's natural self-interest. When he dreamed up this idea of endless ""superabundance"" that would make government and force obsolete, he was just handing out the perfect sales pitch to convince workers to trade the grind of capitalist bosses for the lifelong chains of Party bosses. The true goal wasn't liberation, but the monopolization of power and production by a new, authoritarian elite. It was all about a new elite seizing power and everything else, turning the whole thing into the slickest political scam in history and  the most successful political weapon ever devised.

The most pressing challenge to the Marxist project lies in the fundamental disconnect between its utopian promise and its historical outcome: If superabundance is scientifically inevitable under socialism, why didn't Marx dedicate more analysis to the practical, long-term problems of natural resource limits and ecological scarcity, which are now recognized as permanent barriers to endless production? This failure to address basic economic constraints leads directly to political suspicion: If humans are inherently cooperative, why did Marx deem a period of violent, authoritarian dictatorship (the dictatorship of the proletariat) necessary at all, rather than a peaceful, voluntary transition to shared ownership? Furthermore, if self-interest is only a ""product of capitalism,"" why did scarcity and the free-rider problem immediately reappear in every socialist state, forcing the government to use forced labor and authoritarian control to compel production? The final, devastating question is political: If the state is truly meant to ""wither away"" once classes are abolished, what political or economic incentive did the new, powerful Party elite have to ever initiate the process of relinquishing their complete control, and could the utopian promise of communism. which Marx knew was unattainable due to permanent scarcity. be viewed as the necessary ideological lie required to morally justify the permanent, coercive socialist state?",0,capitalismvsocialism
1ovlhc3,1762990877.0,Two questions for socialists/communists.,"Two of the most famous communists/marxists-leninists (Stalinists specifically) in Spain, Roberto Vaquero and Santiago Armesilla, have interesting views on communism.

Vaquero is very against immigration, specially coming from muslim and african countries. Doesn't this goes against the views of socialism?

Armesilla sees socialism as post-capitalist and not anti-capitalist. I have seen many disagree with it, but why?

Both are anti-woke and anti-progressive as they both see it as a capitalist invention to harm the left or communism in a way that i don't remember right now.

Additional question: isn't rejecting progressivism or woke stuff anti-socialist?",1,capitalismvsocialism
1ovgynl,1762980401.0,How is social democratic capitalism more or less moral than full capitalism/socialism?,"I don’t want to get into a full debate over the merits of single payer healthcare, wealth redistribution, etc but I’ll just say that there’s plenty of evidence that social programs have perfectly fine results for society. The arguments against them really are all about morality rather than economics. If you’re more on the right, social programs are all about stealing from people and demonizing the wealthy. If you’re a communist, of course you’re still upholding the exploitative system. Here’s something SocDems have to admit, it’s impossible to justify taxing the wealthy far more than everyone else without an acknowledgment that you believe it’s kind of immoral for them to have as much as they have. Sure, it logically generates more revenue but if you were to ask “why is it okay to take more from them to begin with” the most logical answer is that they make money off the backs of the labor of others. And their wealth is excessive anyway. If you’re a socdem and you believe your ethics are very different from socialists, I believe you are mistaken.",2,capitalismvsocialism
1ove9v6,1762974436.0,Everyone in this sub is an idealist. A materialist does not argue about economic systems in a vacuum.,"People on this subreddit discuss economic systems like market socialism, centrally planned economies, capitalism and so on as if politicians and leaders are simply able to choose the one they think is best and then build society from scratch according to their ideal vision of the utopian society.

This is idealism. In the case of left-wing ideologies, it is what Engels called ""utopian socialism"". Utopian socialists believe that we should first imagine what our ideal socialist society should look like and then convince as many people as possible of it with the hope that if everyone believes that this version of society is the best, we will change our concrete material reality to look like it.

Materialism is the opposite: it's when we choose to adapt our ideas based on the reality that exists.

This subreddit loves to discuss socialism and capitalism as economic systems in a vacuum when in reality we cannot build society from scratch according to which society is 'best'. The very fact that we discuss economic *systems* and not *movements* reeks of idealism and utopianism on both the left and right.

Socialism and social democracy, for instance, are not economic systems in a vacuum, they are **movements**. In English, this is a good double-entendre because they are movements both in the sense that they are political movements, but also in the sense that they *move* society in a certain direction. They aren't something that simply *is*, but something that you **do** onto an already existing society. The idea that you can re-build any system from a vacuum without using the tools that the current society gives you is idealist and a form of utopian socialism.

To make an analogy, I think of politics more like sculpting or clay modelling rather than Lego building. The utopian socialist thinks of politics like building Legos: you take a bunch of ideas from the void about how the ideal society should look like (cooperatives, state ownership, Nordic model, whatever) and then you convince as many people as possible that your ideas are right with the goal of implementing them into reality. The scientific socialist, on the other hand, thinks of politics like **sculpture**: you follow a certain approach to model the reality that already exists - you work with what you have.

Marx and Engels lay it out perfectly in this quote from 'The German Ideology':

&gt;""Communism is for us not a state of affairs which is to be established, an ideal to which reality [will] have to adjust itself. We call communism the real movement which abolishes the present state of things. The conditions of this movement result from the premises now in existence.""

Let's break it down part by part. First off, communism is for them not a ""state of affairs"" - this rejects any sort of static fixed ontology and already embraces a form of process philosophy, likely drawn from Hegel who could be controversially argued to be some form of a process philosopher. In process philosophy, we do not focus on nouns but on verbs: reality is not made up of things that 'are' but of events and processes that 'happen'. For Marx and Engels, communism is not a state of affairs, it's not something that simply ""is"" or that ""will be"" when communists will take power. Communism is an action or an event, it's something that you **do**, and you do it onto something that already exists - a society.

Next up, communism isn't ""ideal to which reality [will] have to adjust itself"" - here they reject utopian socialism. Marx and Engels reject the idea that you can dream up an economic system in a vacuum by debating ideas or reading books from 100 years ago, so we shouldn't have to adjust reality to our utopian vision of how it should look like. Instead, it is our ideas which have to be modelled by the reality already in existence.

Next sentence: ""We call communism the real movement which abolishes the present state of things"". Here, communism is not a state of affairs, but a *movement*. I already explained this part.

""The conditions of this movement result from the premises now in existence."" -&gt; this goes back to my sculpture analogy. When you build a new society, you build it with the tools that the current society gives you. This is not only materialist but also dialectical, in the Hegelian sense (who happened to not be a materialist). For Hegel, every idea is a ticking time-bomb ready to self-destruct because in its evolution over time, it will negate itself and transform into its opposite as a result of its inner contradictions. To put it in Hegelian terms: *the poison is the cure* - a problem creates its own solution. In your day to day life, maybe a depressive episode will put you in certain situations that will make you learn things that will help you cure your own depression. In politics, capitalism will create certain problems but it will also create the solutions to the problems created by capitalism itself. You get the point.

Socialists which take a definitive stance on revolution vs. reform are also idealists in my opinion. This includes most Marxists and probably Marx himself too, to a certain extent. Revolutions across history only happened in concrete material circumstances: famine/severe poverty, civil war, authoritarian regimes. The idea that you can build a revolution in a country like Sweden is ridiculous: they have no reason to revolt against their government, no matter how much Marxist reading circles like to LARP as revolutionaries, and no matter how much class consciousness every Swede would magically gain. No matter how left-wing every citizen would be, it is simply more convenient for them to achieve their society through reforms. Similarly enough, reforms are not possible in an authoritarian country like Russia, since if you try to pass them you would just get assassinated. In a dictatorship, the only acceptable form of resistance is violent revolution. 

Being a revolutionary and rejecting all reforms or being a reformist and rejecting all violent revolutions just because you read a book about it written 150 years ago is idealist.

tl;dr - stop debating economic systems in a vacuum, you should instead argue about movements and in what direction we should take society in with concrete 5-year plans as your utopic ideal version of socialism/capitalism will never be achieved in less than 50 years, and you don't even know how society will look like in 10 years due to how fast technology is progressing",15,capitalismvsocialism
1ovadmy,1762966176.0,Fixed Mindset = socialism. Growth Mindset = capitalism.,"Someone here got very upset when i said this:

&gt;Your assumption is that workers being handed ownership externally, instead of creating ownership from themselves, would actually generate capital.

&gt;It's the same reason you don't hand a teenager a brand new car, you buy them a clunker (or let them buy it themselves, with minimal-to-no welware)  and when they crash it you don't buy them another. You let them create their own wealth, while being a stable backup (not a stable handout)

Their response was (understandably) anger at the perceived injustice of:

&gt;\&gt;someone using the argument that workers are just ""too dumb and stupid to handle money""!

But... I do not believe they're ""too stupid"", just as I don't believe teens are incapable of learning to handle cars well. Everything takes practice. That's why you actually allow people to practice with low risk things, so they can build up confidence and skill alongside wealth/resources to build on.

All those ""stupid workers"" are just unconfident, unskilled, **undeveloped future owners/job creators**.

I think I get socialists now. They just have a crippling low view of self/others/world, based on a fixed mindset.",0,capitalismvsocialism
1ov0exc,1762938522.0,How do Socialists prevent a 2nd bourgeois state,"When the Socialists get in power and the free market and private property are abolished in the name of total equality the biggest problem that arises is the monopoly of violence and in most cases how resources are handled.

Other than straight anarchism there must be a authority to manage resources and prevent capitalism from returning but often times the authority becomes tyrannical and takes more resources than they are supposed to for themselves and when critizism arises they are suppressed often with violence.

How do Socialists prevent evil imperialists from taking over from within?

TLDR: How to stop Stalin",16,capitalismvsocialism
1ouof9k,1762901942.0,The 50 year mortgages proposed by Trump,"[Trumps truth social post about 50 year mortgages](https://truthsocial.com/@realDonaldTrump/posts/115515420947464459)

Socialist or capitalist, what are your thoughts on this proposal by the trump administration? 


",11,capitalismvsocialism
1ouh6kj,1762885552.0,A Different Way,"Hello everyone this is a short post but it is because I wanted to hear your insights this time more than I Want to hear myself. I have just watched some nice videos and if you were [here](https://reddit.com/r/CapitalismVSocialism/comments/1ost30r/easy_videos_about_your_ideology/?ref=share&amp;ref_source=link) Thank You

However I started to wonder as I was watching. If someone were to say they understand capitalism, and they understood socialism, and they understood communism the question is if there is any room for anything else. Please share if you are aware of what room there is left. What could be argued that isn't necessarily capitalist but wouldn't be socialist either?",3,capitalismvsocialism
1ou9a2q,1762867255.0,Free-market violence vs monopolised violence: which is better and why?,"I want libertarian capitalists to argue why they think free-market violence is the more ideal form of societal organisation.

I’d unironically point to the Mexican cartels as revolutionary libertarians that defy their state in the pursuit of business growth, but I want to know why that might be an unfair view. Somalia is another example, but people tend to be less familiar with the major players there. And more recently discussed is the Sudan civil war, where two business leaders are competing to capture the security sector of their domestic market.

Why wouldn’t the directives of profit, monetary exchange, and the free market itself be undermined by the threat of violence? How do you convince Genghis Khan to not kill and pillage you, and to instead invest in your stock?",5,capitalismvsocialism
1ou87dc,1762864267.0,"The Soviet Growth Illusion: doing more with more, not more with less","Socialists love to point out how fast the Soviet economy grew in the 1950s and 1960s as if that proves socialism’s superiority. But that’s the wrong comparison. The Soviet Union was playing a completely different game. Its growth came from mobilizing massive unused resources, drafting peasants into factories, building new plants from scratch, and pouring steel and labor into output targets. It was expansion through brute force, not through efficiency. When you start from an agrarian base, you can get huge growth rates simply by industrializing. That doesn’t mean your system is efficient or sustainable; it means you’re catching up.

Capitalist economies, by contrast, were focused on a harder goal: doing more with less. That’s what profit forces you to do. Every firm that survives in a market has to find ways to use fewer inputs for the same or better results. The profit motive doesn’t just measure success; it disciplines inefficiency out of the system. The Soviet system didn’t have that kind of feedback. Planners could command more labor, steel, or farmland, but they had no real way to measure whether those resources were being used well. Growth targets measured scale, not efficiency.

Eventually, the Soviet model hit its limit. You can only get so far by expanding inputs before you need to improve productivity. That’s when the cracks appeared. When they tried to shift toward a system that rewarded efficiency, they had no mechanism for it. Prices didn’t convey scarcity or preference; they were political signals. When planners tried to raise prices to reflect real costs, workers protested. Politically, it was impossible to admit that bread or meat should cost more. Economically, it meant the system couldn’t adapt.

That’s the difference between “more with more” and “more with less.” The Soviets could marshal enormous effort to build and produce, but not to economize or innovate. Once the easy phase of growth ended, their system stalled. Capitalist economies kept advancing because profit naturally rewards efficiency, experimentation, and adaptation. Soviet growth looked impressive only while they could keep piling in new resources. When the challenge shifted from expansion to efficiency, they had no playbook.",0,capitalismvsocialism
1otv9pq,1762821508.0,"We seem to talk right past each other because of terminology. So what are your definitions, connotations, and interpretations of Capitalism and Socialism?","I've come across plenty of threads, and have had my own debates, where the exchange goes like this:

* Right: socialism is when collective will *forces* itself onto individual success through the state's monopoly on violence to levy taxes, and breed dependance into a compliant populace!

* Left: whoa.. hey we're just here in support of workers and systemically oppressed people. Socialism, as we research and practice it, is very different from your understanding of it. it's a set of principles and practices that aim to move society, to a free, egalitarian, and prosperous condition. Typically, we advocate for the worker ownership of production property, but we also often support housing reform and stabilizing the global ecology.

* Right: don't care about your wikipedia definitions, real socialism is tyranny of the masses over the rightful people who can actually make society prosper. Socialism is just a religious cult of collective will - its fascism that will crash humanity back into starvation and poverty. *True* capitalism is the only system that can actually generate the wealth and innovation for humanity to enjoy. 

* Left: well i don't know what we can debate about anymore, since we can't even come to mutually agreeable terminology on what either socialism or capitalism is. 

and so it's often just left there with no resolution. 

I ask the supporters of capitalism: **What is your most charitable, neutral, unbiased definition of capitalism and socialism? do you think your approach to debating people would change if you operated on similar set of definitions about socialism?** 

We know that a big part of socialism is on the analysis of capitalism, so i suppose the question to socialists is this: **Have you ever had any success on converging to common ground over definitions with a debate opponent? How did that go? Was your mind ever changed by a debate with a capitalism supporter on this sub?**

FYI I'm biased, I'm decently well read and inspired by anarchist literature (Kropotkin, Goldman, Malatesta, etc...). Do what you will with that info, although I don't think I'm interested in the old *""libertarian-socialism is an oxymoron""* debate, not here. If you try to tell me that or *""real anarchism is pro-capitalism""*, I'll give you my canned responses.",2,capitalismvsocialism
1otnuiy,1762803980.0,is this a stupid question,"hi, i am interested in US economics, and i recently see people with ""capitalistic"" views walking in the streets in the US asking other people ""where did socialsim and social policies worked"" , isn't that a stupid question to ask?, especially if you're a middle or a working class in the US where I think social programs and welfeares are kinda Essential for the average and lower class American ? 
am not from the US. but as i say am interested in their economy, i wanna know your views. ",5,capitalismvsocialism
1otmz0z,1762802044.0,Capitalism only works if low IQ people get swindled daily.,"I think I got pretty blackpilled on the importance of IQ. And it's no way the average wealthy person isn't smart. 

Capitalism inherently is unfair, leading to a type of fuedel society. 

My suggestion is to enslaved the highly intelligent and to take their wealth and spread among the less intelligent. While the less intelligent still works their mindless jobs. The intelligent still has to use their gifts to benefit humanity. 

Sounds very dumb but we cant ignore IQ differences anymore. It's true talent exist and the most talented gets the most money. 

",0,capitalismvsocialism
1otcoai,1762778396.0,Bitcoin mining pools are essentially a realisation of Marx's vision.,"Karl Marx:

""What we have to deal with here is a communist society, not as it has developed on its own foundations, but, on the contrary, just as it emerges from capitalist society; which is thus in every respect, economically, morally, and intellectually, still stamped with the birthmarks of the old society from whose womb it emerges. Accordingly, the individual producer receives back from society – after the deductions have been made – exactly what he gives to it. What he has given to it is his individual quantum of labor. For example, the social working day consists of the sum of the individual hours of work; the individual labor time of the individual producer is the part of the social working day contributed by him, his share in it. He receives a certificate from society that he has furnished such-and-such an amount of labor (after deducting his labor for the common funds); and with this certificate, he draws from the social stock of means of consumption as much as the same amount of labor cost. The same amount of labor which he has given to society in one form, he receives back in another.""

https://www.marxists.org/archive/marx/works/1875/gotha/ch01.htm

Mining Pools:

""The proportional payment model, often abbreviated as ""PROP,"" allocates rewards based on the proportion of computational power contributed by each miner. Miners earn a share of the block reward corresponding to the number of valid shares they submit. The formula is straightforward: the more shares contributed, the higher the payout.

This model is fair for miners who consistently provide significant computational power, as they are directly rewarded based on their contribution once block is solved by the pool. However, it carries the risk of variance, as miners may go through periods without receiving rewards if the pool doesn't find blocks.""

https://kb.atomminer.com/kb/prop-vs-ppnl-vs-pps-vs-dpps/

Both systems recognise that the work contributed by an individual worker is a percentage of the total work contributed and both systems distribute the output according to that percentage after necessary deductions have been made.

We can therefore look at how mining pools function, their problems, how other payout schemes evolved from this one, etc. to get a better understanding of how socialist systems may operate as the emerge from capitalism.

There are a few different payout schemes today. Do you think any would be a better fit for society than proportional payouts as described by Marx?",0,capitalismvsocialism
1otc81f,1762777020.0,Is socialism a new ideology of enslaving mankind?,"

When you can not own your own doing that means you are a slave. What is analogy of ancient slave, they can not own their labour. that is what socialism is doing. Just changing the title from master to society. And in capitalism everyone get their own doing generally. Yeah indeed, What they get is differernt cos theory of value is about subjectivity or marginality. We do not care how much hours you make a hurger. We only evaluate your burger value on whether we like it or how much. That is the basic of capitalism. Btw there is no such a thing called capitalism. We trade and we just value things we traded on our subjective value. That is how the world works. Socialism will always fail cos it is against human nature about value, work and psychology.

Upon revisting above my analogy, there can be others parameter about making someone a slave. they can be like baning ownership of slave, Slave must obey the master, Master control everthing. These things happened in acient mesopotamia, Greek and Roman Society. And when we are looking socialism with that analogy, we can see Terms like dictatorship of proletariats,  society own things, state own things, etc., So I genuinely want to ask when parameters given above, how can we not say we are a new type of slave in socialism. Yeah, I do not care what theory say, rather I do what they become. In my analogy all pointing that we will become slaves like human under socialism. Ps, I know Capitalism is not perfect except in theory. But they are not that serious like socialism cos their base is you own your doing based on marginality or subjective theory of value. And how can we not say we are not slave in socialism or some brilliant but might be evil self-proclaimed socialist trying to enslave us? I think it has already happened in history.",0,capitalismvsocialism
1otawoq,1762772640.0,Is This Progress?,"A feudal political class, sustained by economic serfs, gives way to free market liberal middle class capitalism. Marxist socialist destroy the free market liberal middle class capitalism for a communist political class, sustained by economic serfs, creating a new scientific serfdom.",0,capitalismvsocialism
1ost30r,1762718349.0,Easy Videos about Your Ideology,"Hello. This is mainly for the socialists but then I'm ok if anyone else answers too. Do you have any videos that will plainly explain your view? Are you a socialist? Do you have anything easy to watch to help us understand what socialism would look like in a modern context? Are you a communist? Do you have anything easy to watch to help us understand what Marx was on about?

Are you an ancap? I've not seen many videos from you so please do you have any that are easy to watch to help us understand a capitalism without a state?

Please share because I am getting tired of reading books and finding out that few others even read it too including some who even sent me it but that's mostly been outside this sub

Edit:
Also, If you're a georgist or geolibertarian I really want to know if there's any videos on your view what is that honestly. All I know is there's a LVT. How do you feel about that compared to VAT? Any videos for that?",9,capitalismvsocialism
1osrbpu,1762714279.0,"Forcing a utopia on people is not a utopia, it's a dystopia.","Taking away people's freedom to make themselves suffer is not pro-society... it's anti-society.

I don't know any capitalists who want to force their worldview/system preferences on others. I haven't seen a socialist who can say the same.

Do yall exists?Voluntarist socialist? Free market socialism?",0,capitalismvsocialism
1osnnxe,1762705737.0,Why Are There Returns To Ownership?,"I and [others](https://academic.oup.com/cpe/article-abstract/38/1/1/5505409) have pointed out that there is no neoclassical theory of the rate of profits. More generally, mainstream economists lack a theory to explain returns to ownership. I think of these returns as including dividends, interest, rent, and capital gains. Marx’s concept of surplus value, which includes all of these returns, is helpful here.

So what does explain these returns? Suppose one looks at how goods and services are being produced at a given point in time. Somehow the man in the moon has taken a snapshot. How long the laborers must work each day to (re)produce the commodities they purchase from their wages can be calculated. It is a matter of the arithmetic for which [Wassily Leontief](https://www.nobelprize.org/prizes/economic-sciences/1973/press-release/) received the 'Nobel prize’. Ownership receives a return only if the working day is longer than that.

The above presupposes that a working class exists. Workers are free from ownership of the means of production and free to hire themselves out to whoever they can.

But I want to bring up another aspect. As a matter of accounting, profits are equal to the sum of investment and capitalist consumption when workers consume their wages. As [Michal Kalecki](https://jacobin.com/2022/01/michal-kalecki-keynes-full-employment-political-economy) put it, workers spend what they get, and capitalists get what they spend.

Capitalists who obtain all or most of their income from stocks and bonds certainly exist. But perhaps the savings rate that enters into of the theory of income distribution gestured to above should be the [ratio](https://www.jstor.org/stable/2974428) of retained earnings to income for corporations. Corporations decide on a markup of prices over costs, and their pricing policy is tied to their investment decision.

This theory can be described as a monetary theory of production. Financial and monetary institutions are such that firms can purchase real resources with credits issued by banks. John Maynard Keynes and Joseph Schumpeter were in accord on the importance of money to price theory. They rejected theories in which money is a veil over transactions that can be adequately characterized as a barter economy.

Owners receive dividends, interest, rent, and capital gains because:

* Laborers work longer than needed to reproduce their wages.
* Firms charge a markup over their costs.
* Financial and monetary institutions enable firms to purchase investment goods with credit, without having yet obtained monetary payments for their produced commodities.

Questions of power enter into this understanding. Mainstream economists are notoriously poor in addressing such questions.",0,capitalismvsocialism
1osneiw,1762705121.0,Why Don't We Talk About Marketing?,"Over 500 million dollars was spent on advertising in 2015. The way a product is marketed matters, arguably, more than how it's made. Is McDonalds the greatest food on earth? No, it's mediocre at best. Is it good enough to be, economically, the size of a country? No, I do not eat a cheeseburger and think: you should have more money than Angola. But what it does have,  isa masssive advertising budget. 

None of the economic theories proposed by the capitalist side of this sub cover this. There's no ""rational"" choice to go to McDonalds. Why would you want to go? To quote respected scholar Steve Alibini: ""For less than the cost of a Big Mac, fries and a Coke, you can buy a loaf of fresh bread and some good cheese or roast beef, which you will enjoy much more""
You have to drive or pull up an app, pay more than a home meal. But McDonalds has been drilled into you since birth. With a drill bit shaped like a French fry. 

Companies spend a lot of money on advertising. That figure didn't give a cost for the necessary staff, labour time for them, the whole infrastructure required for a marketing department. 

It massively impacts the public. Diamonds aren't rare, but we all think they are because of marketing. We think branded painkillers are more effective than chemically identical no-name ones, because of marketing. We all waste money on bad films or games, because of marketing.

I feel like this is a hugely ignored topic. Your ability to make a rational choice is effected. If, for example, you mistakenly believe Neurofen is more effective than regular ibuprofen. The company isn't getting money for making a better product. They're the exact same thing. They're getting money because they make TV adverts. 

You may say: well people should do their own research. People rely on adverts to inform them and nobody is going to go diving through Google comparing ibuprofen are they? Same with all these health products that do nothing. That's an entire manufactured industry based on marketing. How are you supposed to know this detox plan is going to do nothing? Someone you trust is selling it to you.

This isn't a gotcha post. It's a post to ask why this is never discussed. How does marketing and advertising fit into the capitalist framework? ",15,capitalismvsocialism
1oseijf,1762678266.0,"The problem with ""capitalism"" is it's too socialist","The problem with ""capitalism"" is it's too socialist, and here's the fix.

We'll solve corporate greed, DEI and welfare while we're at it.

Our modern corporate paradigm operates far more like state socialism than we ever let on. First off, there's no capital. They argue about risk, but anyone can take risks. Brand, IP and user base are all worker derived value that turns the factory analogy on its head. The hierarchy structure extracts this value from workers and gives the 'capital' to the collective owners (stock market) with a fat cut for self managed execs on the way (see Harvard studies on CEO pay)

State socialism is reflected in the ""market wage"" farce. Pay is very flat compared to output. Work ten times as hard and maybe get 3% of a raise. Learn to cruise producing half as much and keep your job, if the boss likes you.

Here's the fix. Cut all management and advance organizational agility with self-managed teams. (See Gen Stanley McChrystal's Team of Teams).

Transparent revenue flows to workers based on their contributions to creating revenue. 10x output = 10x pay. This is called free market and we don't have it (except with sales commissions).

So far you've tapped into huge business efficiencies without fat management and real incentives for performance.

But there's more. This model allows for fractional work to be made whole meaning you can do the same job for 10 companies. Passion-driven work is rewarded and empowered here. In other words people making money by doing good for society. Morality is embedded into the framework. 

All this is accomplished by providing what socialism is missing: a pay for. Profit is the solution but it's profit for the people, of the people and by the people. 

AMA

",0,capitalismvsocialism
1os78pz,1762654075.0,Debunking Capitalist Arguments,"The prevailing narrative surrounding communism is one of inevitable failure, a simplistic tale of tyranny and economic collapse repeated so often it’s accepted as gospel. To genuinely understand the historical trajectory of 20th-century communism, however, one must move beyond this superficial reading and confront a more uncomfortable truth. The alleged failures we so confidently attribute to the internal logic of communism are not, in fact, inherent. They are, actually, the direct and calculated result of a relentless, multi-decade campaign of sabotage and economic terrorism orchestrated by the United States' Central Intelligence Agency to maintain its global hegemony.

From the moment any state dared to embark on a socialist path, it was met with the violent hostility of capital. The CIA was established as the sharpest weapon in this cold war. Its mission was not, genuinely, to defend ""freedom,"" but to crush any alternative to the capitalist model. Consider the early, defining interventions. In Iran in 1953 and Guatemala in 1954, it was not established communist regimes, but actually democratic governments seeking to control their own resources, that were violently overthrown in CIA-orchestrated coups. The message was clear: any deviation from servitude to Western capital would be treated as an existential threat.

The economic struggles of communist states are consistently cited as proof of the system's unworkability. This, however, is a profound misdiagnosis. How can any economy genuinely develop when it is subjected to a global regime of crippling sanctions, embargoes, and financial blockades? The United States has actually acted as the global economic mafia, threatening any nation that trades with a socialist country. The goal is explicit: to strangle the target nation, create internal scarcity, and then point to the resulting poverty as ""proof"" of communism's failure. It is the economic equivalent of breaking someone's legs and then declaring them inherently defective for their inability to run.

Furthermore, we must genuinely consider the CIA's most potent weapon: a global propaganda war. Through front organizations, funded intellectuals, and influence over major media outlets, the agency crafted the dominant image of communist states as totalitarian nightmares. Every misfortune is amplified; every achievement—the incredible gains in literacy, life expectancy, and industrial capacity—is buried. The CIA's most brilliant achievement is convincing the world that the smoke from the fires they themselves set is actually proof that the building was always structurally unsound.

When soft power failed, the CIA proved willing to support the most vile forces to destabilize communist projects. The rise of the Khmer Rouge in Cambodia, a phenomenon of unimaginable brutality, was genuinely exacerbated by a secret, illegal U.S. bombing campaign that devastated the countryside and fueled the very extremism that would later consume it. The violence attributed to the ""spread of communism"" was, actually, the violence of the anti-communist reaction, a reaction funded, trained, and directed from Langley, Virginia.

In conclusion, the common understanding of communism's failure is a carefully constructed myth. To genuinely assess its merits, one must first account for the relentless opposition it faced. The poverty and authoritarianism that emerged were not inherent flaws, but actually predictable responses to an existential siege. The CIA made it its mission to ensure no successful alternative to capitalism could exist. To blame communism for its own destruction at the hands of history's most powerful military-intelligence apparatus is to fundamentally misunderstand the last century. The dream of an equitable society endures, not in spite of the evidence, but because the evidence, when examined without preconception, so clearly points to a malignancy imposed from the outside.",5,capitalismvsocialism
1orljud,1762595553.0,A little of both and some of neither,"The problems and upsides of both capitalism and socialism seem pretty well hashed out. Neither really works in a satisfactory way.

So why don't we try something else? A blend that makes stupid clear sense to me.

Extortion comes from the heirarcy structure in 'capitalism.' So called because no one owns the factories any more. It could be called 'riskism' because that's a common refrain in defense of a debt-centered enterprise. Anyway, this heirarcy echoes the parental framework and kids looking for their allowance will continue the slough until they get a turn at being the task master. But this heirarcy is far from the free market. You aren't paid your value, you're paid based on what you think you can get which is a function of what anyone else might get. Let's say it's $60K and it really doesn't matter if you're a 10x employee or a 0.5x employee. Management, directors, vps, and the CEO are all paid to merely make sure frontline workers are working in the right ways. CEOs aren't in charge. Shareholders aren't even in charge. The non-sentient shareprice is what everyone is chasing. And for that rating you must squeeze the margins this quarter more than last, and show that week over week.

Here's a better idea. Cut the entire org chart above frontline workers. The group self manages with merit weighted say, based on pre agreed contractual buy-in from the group. We vote everything, but in tech savy and AI consensus finding ways. Everyone is paid based on the pre agreed revenue splits. If you create 10x value you get 10x pay (gosh that flat 60K sure smacks of state socialism in this view). Sure, we need those idea people and lay of the land types. They have a seat at the table and get paid based on the value the group sees in their input. This all drives 1000x increases in worker engagement, production and even ai adoption (you're padding your paycheck with augmentation, rather than training your replacement). This also produces quality goods and services (anyone remember quality) that sells itself -- especially since the value market that's been abandoned by the margin graft game will be totally forgotten when the LOWEST viable quality ai bots take over.

Big money for engaged workers. Fantastic working environment. Good products and services that help and benefit humanity. 

Or, I don't know we keep doing what we're doing until only AI is working and only shareholders can buy the shittiest of commodities while the rest of us return to hunting and gathering? ",0,capitalismvsocialism
1ora91b,1762559258.0,North Korea = socialism. South Korea = capitalism,"Thats what is claimed here, anyway: [Why North and South Korea Are Still at War 🇰🇷 Enemies After 70 Years](https://www.youtube.com/shorts/b-2lOYwi9q8)

Do socialists have some way to determine whether or not they're supporting bootist groups and/or harboring bootists in their midsts?",0,capitalismvsocialism
1ora8me,1762559228.0,Social democracy and the third world,"So one of the more interesting things about the way that people talk about socialism and capitalism is the Schrödinger’s socialism in the discussion. This is not a phenomenon unique to either side and it comes down to a mixture of personal definitions of these terms and opportunism.

Now, as people are painfully aware Millei currently has control over Argentina.  Many people here claim that he overthrew eight decades of socialism.  Which has an unusual overlap with people who also claim that European social democracies are not socialist and people who would say Bolivia and Venezuela are.

It really isn’t a post about a gotcha about the inconsistent way in which two sets of countries with virtually identical policy sets will be declared socialist or not socialist depending on if they are stable and functional (“Denmark is capitalist because the liberal Prime Minister at the time said it wasn’t on PragerU”).  I actually concur that the none of these places are socialist by Marxist definitions.  Rather, it is a good faith question on whether there is actually a difference in your eyes that makes the difference between their level of prosperity?

As a Marxist, I think it has a lot to do with imperialism but this is more of a survey of what the capitalist answer for this is.",3,capitalismvsocialism
1or7xs5,1762553511.0,"Socialism is a terrible idea, social capitalism is much better","Capitalism with social safety nets, like free healthcare, free education, universal basic income, high taxation, worker rights and pension plans is a great system. This is how it works in many western european countries (they have all of the above except UBI). It is what's known as welfare capitalism, or social capitalism. (The post-WW2 UK Labour party introduced this system into Britain: nationalisation of key industries, the NHS, strong unions and high taxes, but also private ownership and a market-driven economy.)

Socialism, on the other hand, is an economic system where the means of production are collectively owned by the proletariat. There are multiple variations of socialism, but the most common known form is Marxism-Leninism, which is what countries like the USSR and China based their economic systems on. The main difference between socialism and Marxism is that Marxism requires a revolution which involves overthrowing the bourgeois in order to establish a classless, moneyless society, known as a communist society. The communist party represent the proletariat.

Marx viewed socialism as a gateway to communism and frequently used the two interchangeably, which is why there is so much confusion today between the two. Marx very much encouraged a violent revolution, with the goal of no one owning private property, and a centralised, State-owned credit system in the form of a national, State-controlled bank. Marx criticised what he dubbed ‘bourgeoisie’ socialism, which is essentially socialism without a revolution.

Now, don’t get me wrong, there are positive elements of socialism. In theory, socialism sounds good because it prioritises the community and the common good. Socialist countries like Cuba have a fantastic healthcare system. There’s a lot more humanity because people are focused on other people rather than on working hard and making money.

However, in my opinion this is pretty much where the good starts and ends. A lot of people claim to be socialists but they're actually, in theory, social capitalists or supporting a market economy with social reforms.

So here are my problems with socialism:

**Modern history has shown us that socialism leads to corruption and bureaucracy**. In theory, the communist party are supposed to represent the proletariat and establish a fair, equal society. But in practice, this has not happened, because power corrupts. Socialism requires us to put our faith in the state rather than in ourselves as individuals. Yet the state and wider institutions tend to screw people over. If you give one party power over everyone else, then they will abuse that power. This is human nature, which brings me to my next point:

**Socialism ignores human nature**. Capitalism works because humans are self-invested. We care about the survival of ourselves and our families first. Yes, we can care about others, but we care about ourselves first. And why shouldn’t we? Socialism assumes that everyone will equally divide the profits among each other, and yet forgets that some people will steal, some people will lie, some will take less, some will hide their money and pretend they got none, etc.

**Socialism doesn’t reward hard work**. A socialist society is one where we have equality of outcome, so all of the profits are equally divided. That means that even if you did more work, you still get the same amount of money as everyone else. In a capitalist society, those who work harder in certain professions make more money and thus have a better quality of life. Anyone can become wealthy by starting their own business or creating products that the market wants to buy.

**Socialism tends to reduce incentive**. When I was in school, I was a pretty hardworking student, and left with good grades. If I knew that my grades would be a collective effort and my marks would be shared with the rest of the class, then that would lessen my desire to want to work harder because what incentive is there? What reward is there? Whether we like it or not, purpose is part of human nature, and purpose must come with reward. If you struggle for something, say you’re climbing a mountain, and you reach the top, you want to feel like you have achieved something. But if you know that your output is not going to have much reward because it’s going to be shared with the other lazier people, then what incentive do you have to work hard?

Don’t get me wrong, capitalism is not perfect, and most people who support capitalism say that. However, people who support socialism or communism tend to view these as utopian systems, which they’re not. They don’t work in our current society. Capitalism has provided people with so many opportunities and careers (such as YouTubers). And when this is coupled with things like state healthcare, public services, state benefits, free education, and other important things which benefit society as a whole, we get the best of both worlds.

I think that a lot of the problems socialism claims to want to fix can be fixed with a capitalist system that has a **universal basic income**. If you implement UBI within a capitalist society, then everyone's basic needs can be met, and people can pursue whatever career paths they want to. This would actually incentivize people to work harder doing things they enjoy, and have more freedom of opportunity because their basic financial needs would be met. (I think we should have UBI instead of state benefits, it would also reduce a lot of bureaucracy and help people with mental illnesses and disabilities. Plus it would stop people from being homeless.)

Overall, a capitalist society with worker protections and UBI would run far more efficiently than a socialist society. We have seen capitalism thrive, but seen socialism fail. If we look at the USSR and China, *millions* of people died under these socialist regimes due to an economy that was not prospering.

If you can give me good reasons as to why socialism is a better, more sustainable alternative to social capitalism with UBI, please do.",0,capitalismvsocialism
1or5yv5,1762548815.0,How would a Communist society prevent this?,"Hi! I am not a communist, nor I think capitalism (in its unregulated form) is a good system. The thing is: I detach myself from the ideas of communism due to its predisposition for turning into a dictatorship. I will explain now.

Communism REQUIRES a stateless society. This is not just an opinion, but a core pillar in the communist ideology, as the state will be used as a tool for oppression.

Now here's the tricky part: in my opinion, trying to establish stateless society WILL ALWAYS lead to dictatorship or to people filling that power vacuum, resulting in an authoritarian system that disregards democracy and equality. How so?

The state will ALWAYS exist. No matter the system. When we think about states we think about parliaments, national institutions, governments, police force etc. But a state can be anything from a police officer, a judge, even a council of people who are supposed to represent a small community. It's just necessary to see who holds the monopoly on the legitimacy of physical violence... and poof! That's the state.

In a society you will ALWAYS have crimes. And yes, I agree to the fact that within a capitalistic society the crime rate is higher (due to both crimes that are financial related and financial considerations that affect one's ability to think rationally), but unfortunately there will always be crimes. Now the question is: how do you enforce the law (that you can't kill someone) if you don't have someone to enforce that specific law.

If you want to catch someone that committed a murder, you need the authority of the community to legitimize you to do that. And in case you want to say ""Yes, but the community will actually do that and catch the person"", you have a problem:  
The entire justice system will be extremely biased, will not be objective and will operate on hearsay and uneducated guesses. Maybe the most hated person in the community (who committed zero crimes) is accussed of being the killer. Who would vote against it? You need a system of centralizing proof and investigating what happens. And guess what: because that ""someone"" (such as a prosecutor) will have so much influence in the justice system, his entire activity will function similar to a STATE (as that person would have authority over others in matters of law)

A stateless society is impossible. And a Communist society requires statelessness. Therefore...

What do you think?",2,capitalismvsocialism
1oqyaa9,1762531348.0,Does capitalism really reward innovation?,"It's commonly stated that capitalism rewards those who are innovative and come up with new products that solve problems. However when you look at the wealthy business owners it's rarely the engineers and scientists who came up with the revolutionary products in the first place. Most often we don't even know their names. Usually it's just business men and skilled sales man who take all the spoils.

The most successful businesses are not necessarily those with the best products but those with the best marketing. In-fact good marketing contributes way more to the success of a business than a good product. A mediocre product with good marketing generally out sells an exceptional product with mediocre marketing. Quite often inferior products win out over superior products just because of good marketing.

It also just so happens that those who are good at making revolutionary products are usually inept at marketing them. Marketing and business are very different skill sets from engineering or science. At the same time those who are good at marketing products generally haven't invented a product of their own but instead profit off of the inventions of others. Worse still, good marketing requires access to a lot of capital. Those who don't have access to capital are highly unlikely to be successful in business, even if their product is something as revolutionary as a device that produces cheap limitless and clean energy.

With success being tied to marketing skills and access to capital it actually discourages innovation for those who are neither skilled in marketing nor have access to capital, because they know that the most likely outcome is that their product will be appropriated by a skilled businessman/salesman who will profit off of it while they wont even get any recognition for their invention.

Does capitalism truly reward innovation or just good marketing?",11,capitalismvsocialism
1oqhw7v,1762480665.0,"Socialism, The Age of the Gen Z Era?","As you all know, Mamdani came out on top as New York's new Socialist Mayor of the financial capital of the world. Let's just take a step back and look into what this means. A guy that is only thirty-four years of age? 

YES! I said that right. 

Just thirty-four years of age. They youngest Mayor in New York history!

He's pushing for free buses, a pause on rent payments with heavy rent control, free daycare services, etc.

This mayoral election is bigger than it seems because it just that. Its the fight against Capitalism and Socialism, which many are trying to equate to communism but it isn't. Just think of it as the evolved version of Marxist ideas.

Do your own research on those economic philosophies.

Mamdani's promises economically, in my opinion, will not work the way people 30 and under along with the ages of 17-18, who voted in astronomical numbers to Mamdani. 

Economics is about scarcity. How do we allocate what people need so that everyone becomes ""better-off"" or believe that they are better off. Most importantly, some will lose.

I don't want to bore you guys with the economic side of it right now. That could be a whole different article. But let's see how he and his advisors strategize to find out where the money will come from!

Which is a big issue, of course.

Mamdani wants to add a 2% tax to the super wealthy in New York, which is anyone making more than a million dollars.

Plenty New York residents threatened to move to Florida before the win., so we'll see how that goes in the coming years from now, but pretty much it speaks for itself. 

People will start to move their businesses, putting New York at the risk of being in a recession. 

Ken Griffin took Citadel and moved operations to Florida. This is top 10 Investors in the game right now. Others could follow suit.

Then where will New York be?

Connecticut, Delaware, Georgia, Illinois, Iowa, Kansas, Maine, Maryland, Massachusetts, Minnesota, Mississippi, Montana, New Hampshire, New Jersey, Oregon, Rhode Island, South Dakota, Virginia, Washington, Washington, D.C., West Virginia, and Wyoming.

These are all of the States within the US that are in a recession. The S&amp;P 500 has been having historical gains with the economy being in shambles. The magnificent 7 is single handedly holding up the US stock market as we know it. 

A bubble is coming!

Ken Griffin took Citadel and moved operations to Florida. This is top 10 Investors in the game right now. Others could follow suit.

Then where will New York be?",0,capitalismvsocialism
1oqgtv2,1762477695.0,Do you know any easy-to-read books about socialism?,"I finished reading The Street Economist written by Axel Kaiser, a book explaining and defending the free market, it has just over 200 pages and is very simple to read. I wanted to know if you know of a book that is also short and easy to read defending and explaining socialism.",5,capitalismvsocialism
1oq92oh,1762458886.0,Corporatocracy,"I see a lot of bullshit opinions that our form of capitalism is corrupted corporatocracy. Capitalism’s change from mercantilism was ushered in from companies like the Dutch and British East India Companies for one. 
But even if I believed it, how come only socialists are the ones campaigning for regulations that would end corporatocracy. Even Rand Paul the libertarian candidate I have not see a single proposal from him that would get corporations out of government ",3,capitalismvsocialism
1oq1k11,1762442099.0,How do you respond to the capitalist argument that someone’s wealth is indicative of the market value they produce?,"How do you respond to the capitalist argument that someone’s wealth is indicative of the market value they produce and therefore deserved?

Is the best response to challenge the claim that they produce value for the market, to state that their means of providing value are wrong and exploitative or to state that it doesn’t matter how much market value they produce because no one needs, deserves or should have wealth of a certain level?",10,capitalismvsocialism
1opz1sf,1762436054.0,Ideal Communist Society v Ideal Capitalist Society,"I’m a leftist; with the election of Zohran I’ve been very excited but also tickled by people calling this the biggest loss for Americans ever. It’s been making me think about perfect communism v perfect capitalism, and I realized idk what a capitalist utopia looks like.

If perfect communism is a classless, stateless, moneyless society predicated upon collective ownership and the tenant “from each according to their ability, to each according to their needs”, then what is the capitalist equivalent of that? 

TL;DR: what does capitalist in its purest, most perfect, idealized form look like? ",4,capitalismvsocialism
1opxlqs,1762432160.0,Can Socialism Be Successful In Canada?,"Canada has the Liberal and the Conservative parties. But other parties are important in Canadian politics. They keep changing, and I have trouble keeping up. I consider the New Democratic Party (NDP) the next most important third party, excluding regional parties, especially in Quebec.

The NDP was founded in 1961 by the Cooperative Commonwealth Foundation (CCF) and the Canadian Labour Congress (CLC). It was a combination of farmers and workers. I should look up the [Regina Manifesto](https://canadiandimension.com/articles/view/the-regina-manifesto-1933-co-operative-commonwealth-federation-programme-fu), which was adopted on the founding of the CCF. A decade ago, the NDP watered down their support for socialism.

Since their founding, the NDP has formed the government in various provinces (e.g., Ontario a while ago). Various cities have had mayors from the NDP

[Yves Engler](https://yvesengler.com), a writer new to me, is currently a candidate for the NDP leadership election next year. I guess he has yet to officially submit his name to the NDP for vetting. The NDP Socialist Caucus asked him to run. Without knowing much, I assume that they represent the left wing of the possible in Canadian politics.

Engler is running on ""a [platform](https://yvesforndpleader.ca/wp-content/uploads/2025/10/Capitalism-Cant-Be-Fixed—Onward-to-Economic-Democracy_Oct2025-1-1.pdf) that supports economic democracy, supports degrowth, and supports decolonization"". I know about this from a podcast, [1 Dime Radio](https://www.youtube.com/watch?v=WqqgsVbPRTE), hosted by Tony Chamas. Chamas has a book coming out, *Freedom to Change Nothing: The Spectrum of Managed Democracy and What Makes the US Different*.

Tony asks what does support for democratic socialism mean in practice. Engler says that the concentration of wealth is ""just obscene. It's immoral. Billionaires shouldn't exist. Hundred-millionaires shouldn't exist."" Capitalism is ""antithetical for sustainability"". We are facing global ecological and environmental challenges. We need an alternative. All quotes below are my transcriptions of Engler from this interview.

&gt;""The alternative is - rather than a system based on one dollar, one vote, it should be a system based on one person, one vote. Or in other words, we should extend the democratic sphere beyond the confines of the political sphere into the economic sphere.""

&gt;""Where the labor process is already collectivized, which is most of our economy. Most of our economy is big corporations is … hundreds, thousands, 50 thousands of employees working in a collective way, but the ownership structure is \[otherwise\].""

&gt;""Where there is substantive collective labor, it needs to be owned by the community or by a cooperative, and there needs to be workplace democracy.""

&gt;""How you achieve workplace democracy is, of course, not a simple exercise and it’s not a theoretical exercise... It's a question of power. It's a question of organizing, mobilizing, and being able to adopt the policies that go in that direction. I’m a supporter of reforms ... by expanding cooperative ownership structures, by strengthening workers' rights through ... legislation, through adopting things like workers councils where workers, like in some European countries, they have some say in decision-making. It's by expanding human entitlement by way of social programs.""

&gt;""I certainly do not want a more-powerful, all-powerful state. I want a diffusion of power towards the people, the public where they have, rather than being alienated and marginalized when it comes to economic decisions, they have a say ...""

&gt;""It's simply wrong for one person or three people to control the labor of 100 people, a thousand people, 10,000 people. That's what exists currently… That is simple immoral. It’s damaging to democracy, but it's immoral and it has other implications with regard to the environment. It has other implications when it comes to the health of the public via advertising, by chemicals that these corporations are all too happy to use even if there are health damages. But the basic point is that it is immoral…""

Engler has a lot to say about Canadian foreign policy, too.

What do others, more well-informed than me, think about Engler’s campaign?",4,capitalismvsocialism
1oplp1y,1762392583.0,Where Am I Wrong?,"Historical fact:
Communist exploitation led to subsistence wages led to late stage communism led to crony state capitalism (e.g. China) vs capital investment leads to higher wages and living standards leading to innovation leading to human progress. Were am I wrong?",1,capitalismvsocialism
1op4by3,1762352902.0,Building wealth,"I understand that capitalism has its drawbacks and there’s a large wealth disparity in the United States right now. I’m curious how hybrid socialism is really appealing to people such as what they have in place in Sweden. I’m a conservative however I think that there are a lot of tax loopholes for the ultra rich in the United States that need to be closed. I’m all for taxing people who have crazy high net worths but if we live in a place like Sweden, I’m paying over 50% in taxes as somebody in the upper middle class. I make about 200k a year right now and from what I’ve read about Sweden, whether you make 60,000 a year or 350,000 a year everyone is paying over 50% in taxes. I just don’t understand how anyone finds the appeal in that because that is less money in your pocket. I think people who make less money should be taxed significantly less than they are right now and people who make millions every year should be taxed at a much higher percentage. But the middle class should not be punished by being taxed 52%. I understand the appeal as well with free healthcare but I’m only paying about $120 a month for my health insurance. ",3,capitalismvsocialism
1op1w7i,1762346829.0,What are Both Socialist and Capitalist views on Deng Xiaoping?,"Deng Xiaoping transitioned the former Maoist China into a less Socialist and more Capitalist economic frameworked into a State Capitalist China of the 1990's and 2000's which lead to the Industrial juggernaut it is today.

What can you say about him?",1,capitalismvsocialism
1op06sm,1762341552.0,Will technological progress necessitate a move away from capitalism?,"To quote an excellent [comment](https://www.reddit.com/r/CapitalismVSocialism/comments/1ooki45/comment/nn583ze/) (not mine) on another thread:

&gt;Capital produces a *condition* on a global scale, the separation of populations from their means of subsistence. This creates a proletariat, a class with nothing to sell but its ability to work

&gt; This dynamic generates surplus populations, people rendered superfluous to the immediate needs of accumulation.

Most people today have little accumulated capital and depend on selling their ability to work in order to survive. Technological disruptions reduce the need for labor by either eliminating jobs outright e.g. digital computers and calculators replaced human [computers](https://en.wikipedia.org/wiki/Computer_(occupation)) or by increasing the productivity of existing laborers and thus decreasing the number of laborers that are required, e.g. sewing machines reduced the number of seamstress jobs drastically, and in modern times AI is greatly reducing the number of software engineers and other white collar workers. This creates a problem as it renders large groups of people redundant i.e. unnecessary for the functioning of society and hence not deserving of a living. This leads to urban poverty, e.g. slums in the third world, tent cities in Toronto and San Francisco, which in turn leads to an increase in crime and civil unrest.

Technological progress, while undeniably beneficial, has the effect of increasing the number of people that are redundant to civilization. This also has the secondary effect of reducing the market for goods and services, since people who have been made redundant can no longer afford them. A world where every job can be automated would actually be catastrophic for capitalist society because nobody will be able to afford any goods or services, which means businesses wont have customers and they'll go bankrupt. This a problem that cannot be solved within the capitalist framework but will necessitate a move away from capitalism, either to a form of light socialism with UBI or something else entirely.",8,capitalismvsocialism
1oolgw0,1762295349.0,"Is crony capitalism, state capitalism, and corporatism “real” capitalism?","My view is that these systems are the result of capital concentrating in different ways. Capitalism necessitates an owner and worker class and the owner class will inevitably gain power and influence over the system. 

Some argue it’s not *real* capitalism because the government is involved and that real capitalism is when business and government are separate. Others argue that a government isn’t required for capitalism which is false as you can’t enforce private property and contracts without a government. 

To me it seems that that the capitalist/government relationship naturally morphs into chrony capitalism, state capitalism, corporatism, etc.

I can understand arguing that those systems aren’t the intention but claiming it’s not “real” capitalism is false.

What’s your thoughts? ",8,capitalismvsocialism
1ooki45,1762293142.0,Is it true that capitalism exports its poverty while socialism distributes poverty within?,"Capitalist countries are generally richer and have far more consumer goods than socialist countries. However, those goods are generally produced with cheap labour and minerals from the third world. If that cheap labour and minerals did not exist, those goods would end up being a lot more expensive and the capitalist first world would be a lot poorer. Thus you can say that capitalism exports its poverty. Socialist countries are a lot poorer, especially in terms of consumer goods, than capitalist countries however their standard of living doesn't depend on other countries being a source of cheap labour and minerals. Thus you could say socialism distributes poverty within the state rather than exporting it to other countries contrary to capitalism.

Do you agree with this statement?

Edit: Export is the wrong word. By export I mean outsource.",0,capitalismvsocialism
1ooj7ks,1762290100.0,Have you taken anything of value from the broad corpus of socialist theory?,"I'm curious to see how many proponents of capitalism on this sub have seriously engaged with the alternative perspective, and whether any of you derived insights from doing so. I often see an outright dismissal of socialism echoed around here, where it is not treated as an alternative perspective on modern society but outright wrong, conspiratorial even. That it's a product of someone who is intellectually stunted and/or indoctrinated. As a self-proclained communist, while I do think that can describe a fair few influenced by the ideology, I think it is far too totalizing. I am acting in good-faith and would appreciate if I could receive responses that are at least somewhat substantive. ",9,capitalismvsocialism
1ooex0n,1762280547.0,"Newspapers, catalogs, magazines, and distribution","I’ve been meaning to start writing things down and making a longer post one day, but of course I never got to it, so here is just one of the examples of how different things were/are in Socialism vs Capitalism. 

You had to pay for newspapers and magazines in the Soviet Union. Very often you were forced to buy subscriptions, or you simply found out that you had been subscribed to Pravda, etc, after getting a short pay. That’s one of the mechanisms of job creation in socialism - someone on top makes a decision, whether it’s to spread propaganda via papers, or purely for job/product/service creation, and the government starts dumping money into it, very often forcing the population to consume the product. 

Ironically, something you had to pay for in socialism is offered to you for free in capitalism. And you’re not being forced to subscribe to the paper that isn’t free. 

That was a REAL socialism. I get it, someone of you disagree, but it was a socialist system. That’s exactly how socialism works in real life. ",1,capitalismvsocialism
1onm852,1762199996.0,About abolishing private property,"After reading what many socialists had to say I opened the Manifesto again and saw this:

&gt; The distinguishing feature of Communism is not the abolition of property generally, but the abolition of bourgeois property.


If this is true then I want to ask this question again, but is there a socialism or communism that has private property but it is minimal? Or is this quote trying to say that the new version of private property is going to be less exploitative? If that is true, would we benefit hearing from mutualists then?


I feel like this part is overlooked by capitalists, socialists, and communists, and it makes me want to revisit any time arguments relied on the platform that we should seek to abolish private property.

This is not my first reading but since it is likely not your first time either, if you have a clarification please give it. For example what is bourgeois property defined as?

Whenever I look into texts like this I feel like the antagonism of markets is missing the point. Capitalism is separate from the market.

Capitalists, do you have any stories to share where you have heard socialism or communism seemed to have an alternative vision, where they wanted to abolish ALL private property?",7,capitalismvsocialism
1onj8z6,1762193487.0,Centrist Ideologies,"Hello I was wondering if anyone had any perspectives to share. Do you know of any centrist viewpoints within the capitalist v socialism discussion? Do you consider geolibertarian to be centrist leaning? One centrist ideology that was interesting to me was distributism. What's your opinion on that? If you're a socialist, what's your opinion on it if it were secular? In general, this post I am trying to find out the centrists in this sub and I want to know your view, what you feel about capitalism and socialism, and maybe tell us why your view is important. I have not looked into centrist ideologies much but even peeking at it was very interesting and I have seen some ideas I've never seen discussed here. Capitalists, I'm wondering if you have any mixed economies that were interesting. Is there any capitalism with some aspects of socialism that seem better than say, a pure socialism? Let us know!


If you're someone who is against particular centrist ideologies please share which ones and tell us why. Even criticism will help teach about them.",3,capitalismvsocialism
1ondytb,1762181936.0,"If Socialism is True, Why Is It Negatively Associated With Intelligence and Knowledge?","You would think that socialists would be quite smart if they’re the ones that solved economics. Yet, the lower your intelligence the more likely you are to be a socialist. There have been a lot of studies published on this and the findings are remarkably consistent: higher intelligence correlates with more economically orthodox (market-friendly) opinions, whereas lower intelligence predicts support for socialist-like intervention. Consider the following empirical findings:

•Education was once thought to be the main driver of economically savvy beliefs, but it turns out to be largely a proxy for intelligence. Using U.S. survey data, Bryan Caplan and Stephen C. Miller found that once general intelligence is accounted for, the effect of education on economic attitudes plummets. In fact, intelligence replaces education as the top predictor of whether someone “thinks like an economist,” meaning holding the kind of pro-market, anti-protectionist views that trained economists do. In other words, smarter people are much more likely to see through popular economic fallacies and reject anti-market biases. https://www.sciencedirect.com/science/article/abs/pii/S0160289610001133

•High IQ individuals show significantly less support for heavy redistribution of wealth. A study in Sweden by Johanna Mollerstrom and David Seim found that a one-standard-deviation increase in cognitive ability reduced a person’s desired level of income redistribution by about 5 percentage points. To put that in perspective, that is the same shift in opinion as moving from a middle-class income to earning an extra $35,000 per year. Intelligence, in effect, had as much impact on anti-redistributive sentiment as a substantial rise in one’s own income. The researchers further noted that this relationship was partly mediated by worldview: higher-ability individuals were more likely to believe success comes from effort rather than luck, which in turn made them less enthusiastic about forced redistribution. In short, smarter people are less inclined to favor socialism’s leveling impulses, even beyond what can be explained by their higher earnings. https://pubmed.ncbi.nlm.nih.gov/25343713/

•Intelligence in childhood predicts economic skepticism of socialism later in life. A longitudinal study in the UK tracked thousands of individuals and found that children with higher IQ scores grew up to be adults with markedly more economically conservative views, even after controlling for their parents’ social class and their own educational attainment. In both of the large birth-cohort datasets examined, those who scored higher on cognitive tests at age 10 were significantly more opposed to government interventions and redistribution by their early 30s. Notably, this relationship held true within social classes, suggesting that bright children from working,class backgrounds were more likely to shed left-wing economic sympathies as adults. These findings underscore that it is raw brainpower, not just elite upbringing, that steers people away from socialist economics. https://ideas.repec.org/a/eee/intell/v70y2018icp36-41.html

•Psychologist Noah Carl’s research reconciles a seeming paradox in U.S. politics. While liberals are often deemed “smarter” on social issues and conservatives “dumber,” Carl finds that high intelligence is actually associated with a blend of socially liberal and economically conservative attitudes – in other words, a classically liberal or libertarian outlook. Educated Americans with higher verbal IQs were less likely to agree with standard left-wing economic statements such as “it is the government’s responsibility to provide a job for everyone” or “the government should reduce income differences between rich and poor”. They also reject the populist notion that corporations must “pay more of their profits to workers and less to shareholders.” In fact, Carl notes that Americans identifying as “center-right” on economic issues had the highest average IQ of any group in one dataset (in Brazil, the self-described center-right scored highest on cognitive tests). The only reason this doesn’t translate into a simple left/right split in voting is that many high-IQ people are socially liberal, pulling some of them toward left-leaning parties on non-economic grounds. But when looking purely at economic ideology, the brains gravitate to free-market positions, not socialist ones. https://www.sciencedirect.com/science/article/pii/S0160289614000373

•Relatedly, when researchers Steven Ludeke and Stig Rasmussen compared political systems, they found that in a multi-party environment the intelligence effect becomes crystal clear. In both the U.S. and Denmark, higher cognitive ability predicts a unique ideological profile: socially liberal and economically conservative. In America’s two-party system this pattern gets blurred (since neither major party is libertarian on both dimensions), but in Denmark’s multi-party system high-IQ voters sorted themselves into the libertarian-leaning party options. Strikingly, the study found nearly a 0.9 standard deviation IQ gap between voters favoring a “socialist-right” authoritarian-egalitarian platform (combining traditionalist social views with left-wing economic policy) and those favoring a libertarian (socially free, economically free-market) platform. In plainer terms, the smartest voters were choosing the pro-market, anti-socialist agenda, whereas the relatively duller minds were drawn to paternalistic welfare-statism coupled with nationalism. This cross-national evidence further vindicates the idea that intelligence aligns with economic freedom. Wherever people have the choice, the cognitively gifted will tend to choose free markets over socialist controls. https://www.sciencedirect.com/science/article/pii/S0160289618300060

•Political scientist Scott Althaus demonstrates this in Collective Preferences in Democratic Politics. He examines survey data on a question asking Americans to choose between government solving economic problems versus the free market handling them. Unsurprisingly, there is an income-based gap in the raw responses: poorer voters are much more hostile to “free market” solutions, while the richest voters are about evenly split. At first glance, this looks like textbook class interest. The rich favor markets, the poor favor government intervention. But Althaus then asks: what if we equalize political knowledge? In a simulation, he “fully informed” the respondents by estimating how they would answer if they all had high levels of political/economic knowledge. The result was dramatic. Correcting for knowledge wiped out much of the apparent class divide. The overall public’s preference for big government dropped from 62% to under 50%, flipping from a pro-intervention majority to a slight pro-market plurality once information levels were equalized. In other words, when people understand economic issues, support for socialist-style solutions erodes significantly. https://www.cambridge.org/core/books/collective-preferences-in-democratic-politics/C12E833FF34C53E5DCC560C65691F1F3",0,capitalismvsocialism
1onatwy,1762174094.0,"CCC; tl, dr","**1.0 Introduction**

The Cambridge Capital Controversy (CCC) was a long debate, mostly in advanced economics journals, during the 1950s, the 1960s, and the 1970s. Some of the principal defenders of marginalism, that is, so-called neoclassical economics, were at the Massachusetts Institute of Technology in Cambridge, Massachusetts. The challengers were mainly at the University of Cambridge, in England. Many think of Joan Robinson and Piero Sraffa, two of the leaders of the seemingly victorious side, as being socialists or Marxists. Some Marxists certainly [disagree](https://newleftreview.org/issues/i86/articles/bob-rowthorn-neo-classicism-neo-ricardianism-and-marxism.pdf).

You can find people on the Internet asking for a [summary](https://economics.stackexchange.com/questions/45770/why-did-the-cambridge-capital-controversy-have-no-impact-on-economic-modelling) of the CCC. An answer is easy.

**2.0 CCC; Too Long, Didn't Read**

Supply and demand is balderdash. If you want to understand markets under capitalism, you might as well throw away most microeconomic textbooks and most ([not all](https://www.reddit.com/r/CapitalismVSocialism/comments/1kr2gbe/have_you_read_any_of_these_textbooks_for/?sort=confidence)) introductory textbooks.

**3.0 Some Explanations**

No consistent, valid model in which more than one commodity is produced supports the following two mistaken stories:

1. Suppose the tastes of those making decisions for households change. They become more future-oriented, more willing to defer consumption. The supply of capital has increased. With an increased supply, the interest rate is driven down. The firms ultimately choose to adopt more capital-intensive techniques. They tend to equip workers with more machinery and to run exisiting machinery longer. Output per worker is increased by thus supporting workers with greater capital.
2. Suppose, again, that the tastes of those making decisions for households change. Workers now prefer consumption over leisure more than they did before. The supply of labor has increased. The real wage is driven down. Firms ultimately choose to adopt more labor-intensive techniques. Equilibrium employment in competitive markets thereby increases.

Numerical [examples](https://www.reddit.com/r/CapitalismVSocialism/comments/1i0hpzp/capitalism_does_not_reward_you_for_your/?sort=confidence) of capital-reversing and other so-called capital-theoretical paradoxes or perversities are enough to demonstrate that the above stories  do not follow from the assumptions of marginalist economics.

**4.0 Extensions to Technical Discussions**

Well-educated [economists](https://www.reddit.com/r/CapitalismVSocialism/comments/1m78yyp/do_you_know_supply_and_demand_does_not_explain/) know that their theory does not support the causal stories in the textbooks. I concentrated above on factor markets. I now go into more technical points. I think that if my powers of exposition and understanding were much greater, this section would still not be clear.

The above refuted stories can be augmented with stories about natural resources and about produced commodities. The assumptions of mainstream economics do not justify explaining equilibrium by the intersection of well-behaved supply and demand curves.

Demonstrations of capital-reversing, for example, are usually presented in open models of competitive, cost-minimizing firms. These models can be closed by assuming households are utility-maximizing. These closures include intertemporal utility-mximizing. Overlapping generations (OLG) models are examples.

Are long-run equilbrium models like this 'neoclassical'? Endowments of capital are not among the givens. The mixture and level of capital goods are found from solving the model. Likewise, the numeraire value of the capital stock is endogeneous, not a parameter.

The claim that, in equilibrium, the rate of interest is equal to the marginal product of capital might be justified as applying to Champernowne's [chain index](https://www.jstor.org/stable/2296004) measure of the quantity of capital. This chain index, basically, excludes price Wicksell effects from the measure of the quantity of capital. Both the interest rate and the value of this chain index are found from the solution of the model. They are not part of what needs to be known to find the solution. Furthermore, the chain index is not what is measured in empirical applications of the Solow-Swan model and in measurements of total factor productivity (TFP).

Another argument turns around how capital-theory paradoxes apply to models of intertemporal equilibria, if at all. Can a continuum of [equilibria](https://onlinelibrary.wiley.com/doi/10.1111/j.1467-999X.2005.00223.x) be [found](https://onlinelibrary.wiley.com/doi/abs/10.1111/1467-999X.00141) in either long-run models or models of intertemporal equilibrium? Do capital-theoretic paradoxes add anything to examination of the stability of intertemporal equilibrium, either for tattonement or for individual paths? Typically, stability cannot be demonstrated, and multiple equilibria exist. No reason exists to expect paths to approach steady states. J. Barkley Rosser Jr. argued that the reswitching of techniques is manifested in intertemporal equilibrium as a [cusp catastrophe](https://www.sciencedirect.com/science/article/abs/pii/0022053183900297). Personnally, I think Michael Mandler is more correct than Pierangelo Garegnani about stability.

I finally bring up that you do not have to close long run models with intertemporal utility-maximization. Richard Kahn, Nicholas Kaldor, Luigi Pasinetti, and Joan Robinson had closures related to the Cambridge equation. Or you can take the wage as a matter of social conventions or norms. Or, perhaps, you can have a monetary [theory of distribution](https://link.springer.com/book/9780333539408), in which the monetary authority sets the interest rate. Stephen Marglin had a overdetermined closure that explained stagflation. Questions exist about how some of these closures relate to a generalization of John Maynard Keynes' principle of effective demand to the long run.

I see I have left out debates over the [history](https://academic.oup.com/book/1668) of [more](https://www.cambridge.org/core/books/wealth-of-ideas/3A3A4456ADAD2212981CA6AECC08483E) than two centuries of political economy.

**5.0 Conclusion**

But the mainstream defenders in these discussion are not defending what is in the textbooks. The simple-minded depiction of well-behaved supply and demand curves determining equilibrium lacks any theoretical or empirical foundation.",2,capitalismvsocialism
1omz394,1762133819.0,Socialism Compared to Capitalism,"Socialists, if we were to compare a week in socialism compared to a week in capitalism, what would it look like? The point of this question is to give an opportunity to give a point of view of socialism so we can either appreciate or critique your vision of socialism. For example, what is it going to be like from the perspective of someone who rents a house and does a 9 to 5 fast food job? Give a perspective where you tell us how you see his life in capitalist life then you tell us how his life is in your socialist life. The reason I ask is because I have been used to reading more abstract descriptions of socialism but this might help make for more relatable examples!",8,capitalismvsocialism
1omefwy,1762081206.0,Is a combination / middle point between capitalism and socialism possible?,"I've been into the subject recently and reading through the subreddit and it seems there's a lot of disdain on both sides. What's evident to me is that both systems have their selling points and shortcomings, so I what I was wondering, and couldn't find reliably, is a system that takes the best of each and sort of meets in the middle? Is that possible? Or more fantasy because of some core incompatibilities?",3,capitalismvsocialism
1ombg1k,1762069501.0,How do we prevent capitalism from turning into crony capitalism/oligarchy?,"Capitalism has one major flaw. Whenever an individual or group get's wealthy enough they use their wealth buy the government and use it to enact laws in their favor and to crush competition. In-effect the state becomes their agent, and this is known as crony capitalism or oligarchy. This is the most common outcome of capitalism, whether it's applied in Africa, Eastern Europe and even Western Europe, e.g. those strict EU regulations are designed to make doing business expensive for startups thus protecting established corporations from competition. The USA is immune to some of the effects of crony capitalism, even though it too has collusion between the private sector and government e.g. the military industrial complex, due to the large size of its population and economy. The smaller the country, the more vulnerable it is to crony capitalism.

How do we stop capitalism from evolving into crony capitalism?",24,capitalismvsocialism
1om5zrd,1762050340.0,"The current system in the nordic countries. Do u think it is socialism, or some hybrid between capitalism and socialism?","I always wondered aboyt the socio-economic state in Norway, Sweden, Finland and let's also incliude Iceland. I remember the debate that Milton Friedman had with Icelandish economists (or uni professors) on whether state should support public education, medicine and etc.

What do you think? Is it true sociealism there?",0,capitalismvsocialism
1om4wbu,1762047028.0,The Unassailable Logic of Liberty: Why Libertarianism is the Only Moral Path,"In the grand political theater of our time, a cacophony of ideologies clamors for attention. Among them, one philosophy stands apart, not for its complexity, but for its radiant, unwavering clarity: libertarianism. While other systems are mired in contradiction and coercion, libertarianism offers a simple, elegant, and morally pure framework for human society. To oppose it is to reveal a fundamental misunderstanding of morality, economics, and human nature itself.

Let us first consider the alternative, which we can broadly term ""collectivism."" The collectivist—be they a socialist, a welfare-state liberal, or even a moderate regulator—operates on a single, sinister premise: that you are too stupid to manage your own life. They believe a cabal of bureaucrats in a distant capital, armed with reams of outdated data, can better plan your life, your healthcare, and your children's education than you can. They want to create a ""nanny state,"" a giant, overbearing babysitter that confiscates your income through punitive taxation and then graciously dribbles a portion of it back to you, all while telling you what lightbulbs you can use and how much soda you can drink. This is not governance; it is a slow-motion nationalization of the human soul.

The libertarian answer is a resounding rejection of this paternalistic tyranny. We hold the radical view that you, the individual, are the rightful owner of your own body and the fruits of your labor. This principle of self-ownership is the bedrock of a free and ethical society. Opponents of this view, by logical extension, must believe that you are a slave, that your life and labor ultimately belong to the collective to be disposed of as the majority, or a powerful minority, sees fit. There is no middle ground.

Economically, the superiority of the free market is so self-evident it scarcely needs defense. The libertarian vision is one of voluntary exchange, where countless individual decisions create a spontaneous order of breathtaking prosperity and innovation. The only alternative offered by the left is a centrally planned economy, a system which has failed catastrophically every single time it has been tried, from the Soviet Union to Venezuela. They want government to set prices and control production, ignoring the fact that this always leads to empty shelves, rampant black markets, and economic collapse. They see the undeniable success of the iPhone, a product of fierce corporate competition and consumer choice, and somehow think the solution is a ""Government-issued Phone"" designed by a committee.

Furthermore, libertarianism is the only political philosophy that offers a consistent and principled approach to peace. The so-called ""progressive"" who champions peace and diplomacy at home simultaneously advocates for a bloated military-industrial complex and endless foreign intervention. They believe it is the role of the United States to police the globe, overthrowing governments they dislike and imposing democracy at the point of a bayonet. The libertarian position is simple and non-hypocritical: mind our own business. We believe in free trade and peaceful dialogue with all nations, and we reject the notion that our soldiers should die to settle tribal disputes on the other side of the world. The warmonger's only rebuttal is that without a constant state of war, we would be overrun by our enemies—a fear-driven argument that ignores the power of diplomacy and mutual economic interest.

Finally, we must address the most emotionally charged criticism: ""But what about the poor?"" The collectivist's solution is to maintain a vast, permanent welfare state that traps generations in a cycle of dependency. They create a problem—the destruction of the family and work ethic through handouts—and then offer more of the same poison as the cure. Libertarians understand that true compassion is not measured by the size of a government check, but by the ability to lift oneself up. We believe that in a truly free society, with low taxes and minimal regulation, the economic tide would rise so high that charity and voluntary community action would effortlessly care for the genuinely needy. Our opponents, in contrast, seem to desire a permanent underclass, dependent and disempowered, to justify their own existence and power.

In conclusion, the choice before us is stark. On one side lies the path of liberty, self-reliance, and peace—a path of moral clarity and proven prosperity. On the other lies the path of control, dependency, and force—a path of economic ruin and ethical bankruptcy. Libertarianism is not merely a political preference; it is the logical endpoint of a belief in human dignity and freedom. To reject it is to embrace stagnation, coercion, and the quiet despair of a life unlived. The free world awaits our choice.",0,capitalismvsocialism
1om13l8,1762036418.0,Is this all just trade-offs?,"I've been thinking about it recently and it seems like on one hand you have capitalism which is very efficient and constantly pushes boundaries but that bleeding edge bleeds and leaves people behind if not dead from time to time.

On the other hand you have socialism and communism which knock the tip off the spear so to speak, you have severe inefficiencies, but with luck and competent management you can bring up the socio-economic bottom (and avg) pretty rapidly and even things out, but then it stagnates.

It seems one system sacrifices innovation and the robustness of a somewhat decentralized ecosystem, whereas the other goes all in with the law of the jungle with it's self-repairing naturalistic brutality.

These just seem like trade-offs, what do you guys think?",6,capitalismvsocialism
1olkdm7,1761992534.0,"Socialism isnt scientific at all, its a glorified bookclub.","I think the main problem with talking with socialist is that their positions are basically unfalsifiable, and you basically end up debating a few books and the ideas they contain, instead of looking at the world and see which economic policies leads to which results.

1. Socialist think a society can be established based on a few books, which never happened in history. Although some thinkers have been influential, no society was decided on paper. Capitalism wasnt adopted because Adam Smith was such a bright guy, but because slowly but surely competitive forces in Europe brought to the emergence of markets. Feudalism isnt from a book on how to organize a state. Even the Republics are an evoluzions of city councils or aristocratich reunions. When one of these sistems outcompetes the others it spreads, but you cant organize a society based on the ideas of a long dead philosopher.
Imagine debating a capitalist that answers everything with ""well actually Adam Smith meant something different"". For economics to scientific you need to work with tangibile results and empirical evidence, not just ideas.

2. It follows that debating a socialist is done by getting over their claims that are made with no evidence. 

Pollution for example. ""Capitalism destroys the environment"". We all love the environment. Are state owned oil companies better than private ones? No. Were the Soviet Union or Maoist China better on the environment?. No.
There is simply no way to prove that what exist in your imagination would be wrong. What can be stated without evidence can be dismissed without evidence. Same applies for worker conditions, economic crisis, prosperity, standard of living...

3. They accuse of every bad thing happening in the world right now. The discussion should be about evidence. Were do people have the best standard of living, which countries are better at technology, what are the limitations altering the results. The economy is always evolving and we should do more of what works abd less of what doesnt, adapting to changing conditions. Thats a debate thats often impossible to have!",0,capitalismvsocialism
1okxysy,1761925252.0,Dialectical Materialism Is Bullshit,"Dialectical materialism claims to be a universal scientific framework for how nature and society evolve. It says everything changes through internal contradictions that eventually create new stages of development. Marx and Engels took this idea from Hegel and recast it as a “materialist” philosophy that supposedly explained all motion and progress in the world. In reality, it’s not science at all. It’s a pile of vague metaphors pretending to be a method of reasoning.

The first problem is that dialectical materialism isn’t a method that predicts or explains anything. It’s a story you tell after the fact. Engels said that nature operates through “laws of dialectics,” like quantity turning into quality. His example was water boiling or freezing after gradual temperature changes. But that’s not a deep truth about the universe. It’s a simple physical process described by thermodynamics. Dialectics doesn’t explain why or when it happens. It just slaps a philosophical label on it and acts like it uncovered a law of nature.

The idea that matter contains “contradictions” is just as meaningless. Contradictions are logical relations between statements, not physical properties of things. A rock can be under opposing forces, but it doesn’t contain a contradiction in the logical sense. To call that “dialectical” is to confuse language with physics. Dialectical materialists survive on that kind of confusion.

Supporters often say dialectics is an “alternative logic” that’s deeper than formal logic. What they really mean is that you’re allowed to say something both is and isn’t true at the same time. Once you do that, you can justify anything. Stalin can be both kind and cruel, socialism can be both a failure and a success, and the theory itself can never be wrong. That’s not insight. It’s a trick to make bad reasoning unfalsifiable.

When applied to history, the same pattern repeats. Marx claimed material conditions shape ideas, but his whole theory depends on human consciousness recognizing those conditions accurately. He said capitalism’s contradictions would inevitably produce socialism, but when that didn’t happen, Marxists simply moved the goalposts. They changed what counted as a contradiction or reinterpreted events to fit the theory. It’s a flexible prophecy that always saves itself.

Real science earns credibility by predicting results and surviving tests. Dialectical materialism can’t be tested at all. It offers no measurable claims, no equations, no falsifiable outcomes. It’s a rhetorical device for dressing ideology in the language of scientific law. Lenin even called it “the science of the most general laws of motion,” which is just a way of saying it explains everything without ever needing evidence.

Worse, dialectical materialism has a history of being used to crush real science. In the Soviet Union, it was treated as the ultimate truth that every discipline had to obey. Biology, physics, and even linguistics were forced to conform to it. The result was disasters like Lysenkoism, where genetics was denounced as “bourgeois” and replaced with pseudo-science about crops adapting through “struggle.” Dialectical materialism didn’t advance knowledge. It strangled it.

In the end, dialectical materialism fails on every level. Logically, it’s incoherent. Scientifically, it’s useless. Politically, it serves as a tool to defend power and silence dissent. It’s not a way of understanding reality. It’s a way of rationalizing ideology.

The real world runs on cause and effect, on measurable relationships, not on mystical “negations of negations.” Science progresses by testing hypotheses and discarding the ones that fail, not by reinterpreting everything as “dialectical motion.”

If Marx had stopped at economics, he might have been remembered as an ambitious but limited thinker. By trying to turn philosophy into a universal science of history and nature, he helped create a dogma that masquerades as reason. Dialectical materialism isn’t deep. It’s not profound. It’s just bullshit.",25,capitalismvsocialism
1okwx95,1761922857.0,Socialism Can't Exist Without Capitalism,"You can't socialize what doesn't exist. Pre-industrial societies don't have factories, supply chains, or organized production systems. There's nothing to redistribute or democratize. We've seen that central planning historically has lead to starvation, poverty, and hardship.

Capitalism builds this infrastructure because profit incentives drive people to invest in and develop industry. Capitalists take on the risk, figure out logistics, and create the industrial base.

Over time, capitalism naturally concentrates wealth and ownership. It necessitates a owner and a worker class and so you end up with workers who operate everything but own nothing, while a small group owns everything without doing the actual work. This creates an inherent instability.

At that point, socialism becomes a logical next step. It seems like a natural economic evolution that the workers take democratic control of what they're already operating. So the pattern is: capitalism builds it, and once wealth becomes concentrated, socialism redistributes ownership.

Pure socialism without any market mechanisms doesn't thrive either. Socialist countries need some level of private enterprise to meet demand. Cuba is a good example - they have an economy with nationalized industries like energy and healthcare, capital investment, private businesses with up to 100 employees, and cooperatives for businesses larger than that. (Optimal socialist system imo)",0,capitalismvsocialism
1okufy0,1761916886.0,Socialists Avant La Lettre,"Socialism expresses a feeling that has existed over millennia. Nevertheless, for socialism to exist, some sort of capitalism must first exist to react against. Babeuf, who led the conspiracy of the equals after the French revolution, was arguably the first socialist. I suppose I might also mention William Godwin and Thomas Paine. I do not think of Jean Jacques Rousseau as a socialist.

Alexander Gray (1946), however, begins with the Greeks and the Old Testament. Christopher Hill tells a story of seventeenth century England.

The bible tells us that the Israelites were commanded to forgive debts in jubilee years. They were enjoined to perform many other practices for the poor. For example, Leviticus 23:22 forbids reaping to ""the very edge of your field or \[to\] gather the gleanings of your harvest. Leave them for the poor and for the foreigner residing among you."" Sharp practices are condemned:

&gt;"",When will the new moon be over,' you ask, 'that we may sell our grain, And the sabbath, that we may open the grain-bins? We will diminish the ephah, add to the shekel, and fix our scales for cheating!'"" – Amos 8:5

See also Proverbs 11:1.

Acts of the Apostles tells us of the early Christian church:

&gt;""And all who shared the faith owned everything in common; they sold their goods and possessions and distributed the proceeds among themselves according to what each one needed. Each day, with one heart, they regularly went to the Temple but met in their houses for the breaking of bread; they shared their food gladly and generously…"" -- Acts 2: 44-46.

Gray writes about Plato's *Republic* as advocating a community of possessions. And he writes of Plato’s guardians. *The Republic* is, in a sense, a utopia. But that term comes from Thomas More, much later. I skip over later utopias, such as Campanella's *City of the Sun,* which I did not find inspiring when I tried to read it.

I skip over medieval theologians and many jacqueries or peasant revolts, such as the French peasants in 1358, John Ball and England in 1381, the 16th century in Germany.

I find the groups in the English revolution confusing. There were Anabaptists, Diggers, Levellers and true Levellers, Muggletonians, the New Model Army, Ranters, and Quakers. Hill (1946) is a history of those agitating from the bottom. Hill focuses on the period from 1640 to 1660 and the many who wrote or published pamphlets then. The Diggers or True Levellers proclaimed that all land should be held in common. Gerrard Winstanley was particularly notable. Hill calls some of the ideas that surfaced in the 1640s ""communist"".

Which of these precursors to socialism, if any do you know about?

**References**

Alexander Gray. 1946. [*The Socialist Tradition: From Moses to Lenin*](https://cdn.mises.org/The%20Socialist%20Tradition%20Moses%20to%20Lenin_3.pdf) (46.4 Mbytes). Longmans, Green and Co.

Christopher Hill. 1972. [*The World Turned Upside Down: Radical Ideas During the English Revolution*](https://files.libcom.org/files/%5BChristopher_Hill%5D_The_World_Turned_Upside_Down_R%28Bookos.org%29.pdf) (25.1 Mbytes). Penguin.",2,capitalismvsocialism
1okr7y9,1761907548.0,Cuba and the wealth gap,"
I just did a deep dive on Cuba. I saw a video about the region of Cuba that was hit by hurricane Melissa and it stated it’s one of the poorest regions in all of Cuba.

So, I always hear people speak about how Cuba has high literacy rates and this and that when trying to prove their point about socialism…but is Cuba really socialist? 

Apparently Havana has areas that are designated more for tourists…and areas for locals. The tourist areas are extremely clean and there are little restaurants and markets. Apparently you still have to wait in long lines to exchange US currency and Euros for Cuban Pesos. 

There are neighborhoods where wealthy Cubans that have ties to the government live and some houses are literal mansions…

There is a tik toker known as Adri Vlogs who blogs her life in Cuba and lives what most Americans would deem a normal life. She has access to food  and money…but in the comments I saw ppl say that her partner earns Euros (maybe works from home for a company in Europe?) and also works for the government.

So I’m confused….if the reason people are starving in Cuba is due to the embargo…..why are some people living so well off in Cuba? 

I’m not 100% pro capitalism…but I find issues with ppl that try to use Cuba as an example to prove their points and ignore Cubans and their experiences 

Edit*

- I feel like most people that push socialism really just want a mixed economy with a more left leaning society and political policies like the country of Uruguay. When they push their idea of socialism it’s really this idea of a socialist utopia free of a capitalist economy…not realizing that the things they enjoy are due to capitalism…..and those things would most likely not exist in their “socialist utopia”….social services do not equate socialism…and I feel that is  where people get confused 

- I still have more research to do and I may not know a lot about this topic but these are my opinions so far. I’m more pro democracy,  responsible capitalism and  social services …so yeah…a liberal",2,capitalismvsocialism
1okfoa8,1761868380.0,"""You can't have capitalism without racism"", by Malcolm X","In Rio de Janeiro, Brazil, the Police made a Police Operation killing more than one hundred of persons in a slum, the majority Afro-Brazilians. I read notices on the Police in United States that also is violent, and also kill more African-Americans. Confirm this what Malcolm X said ""You can't have capitalism without racism""?",4,capitalismvsocialism
1ojywr9,1761828866.0,another shitpost!!,"Yo guys I just had a wild idea. What if you start capitalism and fund an entire socialist revolution. There!! It's over!! socialism would be here and capitalists can pat their own backs or something.


Anyone have any thoughts on this lazy thought? I think it has a real chance to solve all issues....

Come comment below any feelings thoughts or especially analysis. I was wondering anyone's opinions on this uncritical idea!",6,capitalismvsocialism
1oje0x7,1761765979.0,Talking with the opposition,"Hello everyone I wanted to make a post to reflect on something. Have you ever encountered an ideology you consider to be your opposition? What was the most productive conversation you had? What was the best lesson you learned from one that isn't an attack on their character?

I will start. For such a long time I was fond of socialist ideas but as a result of trying to entertain it, I kind of got into this phenomenon that I don't know where it came from, but it became easy to dismiss all of anarcho-capitalism.


The thing is, I learned that even if someone gives a point you may feel is refuted, there is still a lot of value to it. For example, I could say that in hindsight, while socialism was good to study, I kind of noticed that it was best at criticizing capitalism but was strangely vague on what to do as a result. In this sense, why couldn't we say that anarcho-capitalists reperesent those who accurately know capitalism's inherent assumptions and mechanics? What I'm saying is, I started learning when I stopped focusing on purity. Anarcho-capitalists to me at least understand capitalism very well, and I notice they never forced me to have to agree with their vision of how to implement solutions. Shit, sometimes they even let me propose things that sounded socialist to me, they just let me know there are other ways to achieve it. Not bad. However, even though I have been fond of socialism, what's with some Marxist Leninists deciding you are unsaveable if you decide maybe some market aspect could be useful. I know better though and some people are just extreme. Anyways what's your experience been?",10,capitalismvsocialism
1oj7rft,1761752125.0,Is Marxism deterministic?,"Based on this [https://www.reddit.com/r/ChristopherHitchens/comments/1oiw04z/the\_person\_who\_says\_that\_of\_marxism\_that\_it\_is/](https://www.reddit.com/r/ChristopherHitchens/comments/1oiw04z/the_person_who_says_that_of_marxism_that_it_is/)

**Quotes clip of Christopher Hitchens** (he was a Marxist then) debating an Objectivist.

&gt;It is the single most vulgar misrepresentation of Marxism to say that it's determinist. The person who says that of it convicts himself, at once, of never having opened a book by Marx or by Marxists.

&gt;It was, for its time and remains, the most determinedly and avowedly anti-determinist mode of thought in philosophy.

&gt;Most famously, and you'll see why I'm stressing this in a second, Marx began his most famous account of history and revolution, the 18th Brumaire of Louis-Napoleon, by saying, ""Men make history, but they do not make it under circumstances of their own choosing. They make it, but under circumstances directly transmitted and engaged from the past. The traditions of all the dead generations,"" he then famously added, ""weigh like a nightmare on the brain of the living.""

&gt;That's not determinism, self-evidently not determinism.

&gt;Now, let me say why I think this bears on the question of violence.

&gt;Men make history, but they can't choose when and how they're going to make it.

&gt;If it was up to me, and I think I would carry John Judas with me here, the Russian Revolution would have happened in 1905, when there was a large democratic revolution led by socialists that was put down by the Tsar, and which, with tremendous bloodshed and repression, and which paved the way for a ghastly imperialist war in which millions of Russians were killed under the leadership of the system of hereditary God-given monarchy, which was the system with which capitalism in Russia was at that time coexisting.

&gt;Now, it is not, therefore, by the socialist choice that revolution took place in Russia at the close of that gigantic war and bloodletting and gigantic tearing apart of the fabric of Russian society to the point where cannibalism had reemerged in the countryside.

&gt;An emergence, in my submission, that is not unrelated to the later course of events in the Soviet Union. It's quite simply unhistorical to say that, well, 'revolutionists devour their children'.

&gt;You then surrender the need to analyze history, and you can simply look at history as the working out of that proposition. Very good means of economizing on thought, and one that I think should be repudiated by any thoughtful objectivist.

  
Is Marxism deterministic? It does have the idea that society moves via revolutions from feudalism to capitalism to socialism to communism?",3,capitalismvsocialism
1oizazo,1761727741.0,How do we solve the problem with jobs being replaced by technology?,"I see a lot of people, particularly capitalists, defending the practice of eliminating jobs by replacing them with machines. While maximizing efficiency is great, what happens to those people who lost their jobs? What do they do? What happens when most people are made redundant? Mass starvation?

There are a couple of problems:

1. People need productive jobs to make money and survive. We cannot simply print money to deposit in people's bank accounts or make up unproductive busywork jobs just to employ everyone. Neither of those work and lead to inflation.
2. Businesses need paying customers to survive. When people lose their jobs, businesses lose customers and their revenue dwindles. This leads to business closures and even more job loss. You can see a positive feedback loop here where job loss leads to more job loss leading to even more job loss.
3. Those who were made redundant can simply switch to a different sector where the jobs have not been affected. However, the problem is you're now effectively increasing competition in those existing sectors. This drives wages down and makes working conditions worse. In-fact unless a technology creates as many jobs as it eliminates, it will always make the job market worse for everyone. In-effect this makes life harder and more expensive rather than easier and cheaper which is the whole premise of technological progress.

The problems we face today are different from what we faced 200 years ago. In the early stages of industrialization many people lost their farming jobs to machines. However, industrialization also introduced many new industries that created much more jobs than it replaced. Today technologies like AI are decimating existing jobs but are not really creating any new jobs. The market is over saturated with AI specialists because despite how prevalent AI is becoming there actually isn't that much of a need for AI specialists to make it work.

How do you propose we solve this problem? Many people shrug it off because they're not affected by it but what will you do when it affects you? What do we do with the mass of unemployed people? What do we do when they start rioting or turn to crime to survive?",2,capitalismvsocialism
1oiqfg4,1761697799.0,Where does this figure in market capitalist ideology?,"[https://classautonomy.info/european-colonization-of-americas-killed-so-many-it-cooled-earths-climate/](https://classautonomy.info/european-colonization-of-americas-killed-so-many-it-cooled-earths-climate/)

European colonization of the Americas resulted in the killing of so many native people that it transformed the environment and caused the Earth’s climate to cool down, new research has found.

Settlers killed off huge numbers of people in conflicts and also by spreading disease, which reduced the indigenous population by 90% in the century following Christopher Columbus’s initial journey to the Americas and Caribbean in 1492.

This “large-scale depopulation” resulted in vast tracts of agricultural land being left untended, researchers say, allowing the land to become overgrown with trees and other new vegetation.

The regrowth soaked up enough carbon dioxide from the atmosphere to actually cool the planet, with the average temperature dropping by 0.15C in the late 1500s and early 1600s, [the study by scientists at University College London found](https://www.sciencedirect.com/science/article/pii/S0277379118307261).

“The great dying of the indigenous peoples of the Americas resulted in a human-driven global impact on the Earth system in the two centuries prior to the Industrial Revolution,” wrote the UCL team of Alexander Koch, Chris Brierley, Mark Maslin and Simon Lewis.

The drop in temperature during this period is known as the “Little Ice Age”, a time when the River Thames in [London](https://www.theguardian.com/uk/london) would regularly freeze over, snowstorms were common in Portugal and disrupted agriculture caused famines in several European countries.

The UCL researchers found that the European colonization of the Americas indirectly contributed to this colder period by causing the deaths of about 56 million people by 1600. The study attributes the deaths to factors including introduced disease, such as smallpox and measles, as well as warfare and societal collapse.

Researchers then calculated how much land indigenous people required and then subsequently fell into disuse, finding that around 55m hectares, an area roughly equivalent to France, became vacant and was reclaimed by carbon dioxide-absorbing vegetation.

The study sketches out a past where humans were influencing the climate long before the industrial revolution, where the use of fossil fuels for the manufacturing of goods, generation of electricity and transportation has allowed tens of billions of tons of carbon dioxide to be released into the atmosphere.

Widespread deforestation for agriculture and urban development has also spurred the release of greenhouse gases, causing the planet to warm by around 1C over the past century. Scientists have warned that the world has little over a decade to drastically reduce emissions or face increasingly severe storms, drought, heatwaves, coastal flooding and food insecurity.

The revegetation of the Americas after European arrival aided declines of global carbon content in the air, dropping by around seven to 10 parts of carbon dioxide for every million molecules of air in the atmosphere. This compares to the 3ppm of carbon dioxide that humanity is currently adding to the atmosphere every year through the burning of fossil fuels.

“There is a lot of talk around ‘negative emissions’ approaching and using tree-planting to take carbon dioxide out of the atmosphere to mitigate climate change,” study co-author Chris Brierley told the BBC.

“And what we see from this study is the scale of what’s required, because the great dying resulted in an area the size of France being reforested and that gave us only a few parts per million.

“This is useful; it shows us what reforestation can do. But at the same, that kind of reduction is worth perhaps just two years of fossil fuel emissions at the present rate.”",5,capitalismvsocialism
1oienkh,1761670185.0,How to Permanently Erase Jobs: A Capitalism Guide,"**Step 1**: Get massive funding. Doesn’t matter if you’re profitable—just get enough capital to outlast everyone else. Even better to get government (tax payer) subsidies. 

**Step 2**: Undercut every competitor. Price below cost. Lose money for years. Who cares? You’ve got the funding to absorb losses. Your competitors don’t.

**Step 3**: Watch them die. Brick and mortar? Gone. Small businesses? Dead. Competitors? Bankrupted. Millions of jobs? Evaporated. Better yet, get them to sell on your platform and charge them a hefty fee. 

**Step 4**: Congrats, you now own the market. You ARE the job market in your sector.

**Step 5**: Now automate with AI. Cut 30,000 jobs. Why not? Where are they gonna go? You already killed everyone else. There’s only a few alternative employers. We made sure of that in Step 3.

**Step 6**: Profit. Literally all the gains flow to you. No competition. No worker leverage. Pure efficiency. The shareholders will be pleased. 

This is brilliant. This is the free market. This is Amazon.",33,capitalismvsocialism
1oi8pfg,1761656400.0,Howard Fast Leaves The Communist Party Of The USA After Khrushchev's Secret Speech,"I have occasionally told [stories](https://www.reddit.com/r/CapitalismVSocialism/comments/1gvqagd/socialism_popular_in_czechoslovakia_in_spring_and/) [or](https://www.reddit.com/r/CapitalismVSocialism/comments/1do879w/socialists_against_communists_in_port_huron_in/) [recommended](https://www.reddit.com/r/CapitalismVSocialism/comments/1bg4f9j/socialism_worked_in_barcelona_spain_in_december/) [literature](https://www.reddit.com/r/CapitalismVSocialism/comments/19do9mq/milovan_djilas_on_the_soviet_union_as_state/) in which [socialists](https://www.reddit.com/r/CapitalismVSocialism/comments/18hgs1z/economic_democracy_and_the_aims_and_tasks_of/) criticized or opposed the Soviet Union. I have also mentioned a notable [criticism](https://www.reddit.com/r/CapitalismVSocialism/comments/1m9qfka/do_you_know_about_this_1900_split_among_socialists/) of the ideas of Karl Marl.  I think I only recommended this [book](https://www.amazon.com/God-That-Failed-Richard-Crossman/dp/0231123957/), which is historically important, in comments. I have recommended popular music [celebrating](https://www.youtube.com/watch?v=iBFYzbYvJJ0) 1989. This [song](https://www.youtube.com/watch?v=pxbCAmtxOwY), which says ""The things that I thought would last forever/ Are changing every day"", to me has a similar vibe, although a different style. While I am on the topic, here is Patti Smith recently [singing](https://www.youtube.com/watch?v=Jpz0oqqA_iE), ""People have the power"" (I do not think the recording is all that great.)

This is a post in this series, I guess.

Howard Fast was a novelist and an American patriot. His books include:

* [*April Morning*](https://www.amazon.com/April-Morning-Novel-Howard-Fast-ebook/dp/B006GKVYHG), about the start of the American revolution
* [*The Hessian*](https://www.amazon.com/Hessian-North-Castle-Books/dp/1563246015), also about the American revolution
* [*Freedom Road*](https://www.amazon.com/Freedom-Road-primary-documents-introduction-ebook/dp/B00631U686), about reconstruction, which was actually a moment when it seemed America was coming closer to living up to its promise to provide liberty for all
* [*The Last Frontier*](https://www.amazon.com/Last-Frontier-Howard-Fast/dp/B000KFZBRM/), about the  Cheyenne Indians in the 1870s
* [*Spartacus*](https://www.amazon.com/Spartacus-Howard-Fast/dp/1138173428/), about Roman slaves revolting.

I believe I knew he was blacklisted. I only recently learned that he actually was a member of the Communist Party of the United States of America (CPUSA). Nor had I known about [Peekskill](https://www.trussel.com/hf/peekskill.htm) before or his time in prison.

Nikita Khrushchev gave his [secret speech](https://www.marxists.org/archive/khrushchev/1956/02/24.htm) in February 1956. In it, he denounces the cult of personality around Stalin. I believe this is where the phrase comes from. It looked like that the Soviet Union might fulfill its promise. But by the end of that year, the Soviet Union invaded Hungary to put down their revolution.

The secret speech caused Fast all sorts of struggle. When he left the communist party, he wrote a book explaining his reasons.

&gt;""I had a god who walked naked, but nobody among those I loved said so; for even as the innocent wisdom of Hans Christian Andersen held that those who could not see the king's clothes were persons of small intellect and unfit for the positions they held, so in my world, it was the conviction of millions of good and wise folk that only those who had lost all honor, dignity, decency and courage would dare to point out that this god whom we worshiped for his noble raiment was indeed naked and ugly in his nakedness.

&gt;Who would be without honor, dignity, decency and courage?

&gt;In the little town where I live, there is a little store, unimportant and of no consequence, and out of this store an old man ekes a living. This is an old man who mourns a hurt which will not heal, the kind of hurt many who read this will know intimately, for twenty years ago the young son of this man fell in Spain, fighting in the Lincoln Battalion for the Spanish Republic and the freedom of men. His son lies buried in the distant Spanish soil, and for twenty years the hurt in this old man was as if it had happened yesterday.

&gt;He had a little salve to rub on the terrible sore. This was the salve, that his son had died in the best of causes, the fight for the liberation of mankind. But in 1956, a man called Khrushchev delivered a certain 'secret report' - telling a story of Russia and the Communist movement that I and my friends had heard before but had never believed before. Now Khrushchev made proof of twenty-five years of 'slander,' and we believed. And among those who believed because they had to believe was this old man whose son had laid down his life in Spain.

&gt;I came into his store one day in that month of June and he was weeping. He asked me,

&gt;'Why did my son die?'

&gt;For had I not held, all of my thinking life and in all that I wrote, that one son of man was all the sons of man? He then said to me, but not in words - for a broken heart does not make a gentle person cruel or vindictive - not in words but with the look in his eyes -

&gt;'That I, a plain man did not comprehend this is no wonder; but you, Howard Fast, spoke and wrote and pleaded this cause - and why? Can you tell me why?'"" -- Howard Fast, *The Naked God: The Writer and the Communist Party*, 1957.

None of this means Fast did not keep the same values: 

&gt;""I am neither disillusioned nor depressed, and I have lived through grim times, but times when mankind made gigantic strides forward. Though the Communist Party is disciplined and often splendid in military action, I do not think it can claim credit for the events we have seen. Socialism, justice and the brotherhood of man are mighty and irresistible forces; they will grow to fruition in spite of the Communist Party - and Soviet socialism will not forever lie supine under the heel of the commissar."" -- Howard Fast, chapter 15.",2,capitalismvsocialism
1oi5m3n,1761646953.0,Is South Africa an example of the failure of capitalism?,"South Africa is a capitalist country and has been so for most of its postcolonial existence. In-fact in some ways its even more capitalist than the USA e.g. little to no social security, people neither pay any social security taxes nor get any welfare benefits, public schools are not free, i.e. parents have to pay school fees to send their children to school even if its a public school, and are often as expensive as universities in some countries. Can't afford to send your child to school, tough luck. There are a few severely underfunded and understaffed free of charge public schools, but your children wont receive the same quality of education as those who have parents that can afford to pay. Same story with public hospitals which are in disrepair.

In other aspects South Africa is very similar to the USA, if you're middle class or wealthy you can afford private health insurance which grants you access to private hospitals that are world class. You can send your children to a good school and university so they too end up being middle class. You can afford a lavish home with a huge, even by American standards, yard, a fancy car and can shop at luxury shopping malls. On the other hand if you're poor, you can't afford to send your child to a good school, and definitely cannot afford university, hence your child ends up poor too.

In some aspects South Africa is a good example of a capitalist society because it is both very wealthy and very poor with deep class divisions. For example the wealthy live and work in places like these:

[https://www.google.com/maps/@-29.5418742,31.2137432,3a,75y,94.29h,93.81t/data=!3m7!1e1!3m5!1sw0VlvmOjKaDpBfPw81MFsA!2e0!6shttps:%2F%2Fstreetviewpixels-pa.googleapis.com%2Fv1%2Fthumbnail%3Fcb\_client%3Dmaps\_sv.tactile%26w%3D900%26h%3D600%26pitch%3D-3.8057143444693224%26panoid%3Dw0VlvmOjKaDpBfPw81MFsA%26yaw%3D94.2907794195743!7i16384!8i8192?hl=en&amp;entry=ttu&amp;g\_ep=EgoyMDI1MTAyNi4wIKXMDSoASAFQAw%3D%3D](https://www.google.com/maps/@-29.5418742,31.2137432,3a,75y,94.29h,93.81t/data=!3m7!1e1!3m5!1sw0VlvmOjKaDpBfPw81MFsA!2e0!6shttps:%2F%2Fstreetviewpixels-pa.googleapis.com%2Fv1%2Fthumbnail%3Fcb_client%3Dmaps_sv.tactile%26w%3D900%26h%3D600%26pitch%3D-3.8057143444693224%26panoid%3Dw0VlvmOjKaDpBfPw81MFsA%26yaw%3D94.2907794195743!7i16384!8i8192?hl=en&amp;entry=ttu&amp;g_ep=EgoyMDI1MTAyNi4wIKXMDSoASAFQAw%3D%3D)

[https://www.google.com/maps/@-29.7261809,31.0672203,3a,75y,28.12h,96.29t/data=!3m7!1e1!3m5!1sARUfFdPpGW2ZT99D8D2qzg!2e0!6shttps:%2F%2Fstreetviewpixels-pa.googleapis.com%2Fv1%2Fthumbnail%3Fcb\_client%3Dmaps\_sv.tactile%26w%3D900%26h%3D600%26pitch%3D-6.28831574954863%26panoid%3DARUfFdPpGW2ZT99D8D2qzg%26yaw%3D28.12105548941014!7i16384!8i8192?hl=en&amp;entry=ttu&amp;g\_ep=EgoyMDI1MTAyNi4wIKXMDSoASAFQAw%3D%3D](https://www.google.com/maps/@-29.7261809,31.0672203,3a,75y,28.12h,96.29t/data=!3m7!1e1!3m5!1sARUfFdPpGW2ZT99D8D2qzg!2e0!6shttps:%2F%2Fstreetviewpixels-pa.googleapis.com%2Fv1%2Fthumbnail%3Fcb_client%3Dmaps_sv.tactile%26w%3D900%26h%3D600%26pitch%3D-6.28831574954863%26panoid%3DARUfFdPpGW2ZT99D8D2qzg%26yaw%3D28.12105548941014!7i16384!8i8192?hl=en&amp;entry=ttu&amp;g_ep=EgoyMDI1MTAyNi4wIKXMDSoASAFQAw%3D%3D)

The poor live in places like these:

[https://www.google.com/maps/@-29.8540757,30.9411826,3a,75y,80.98h,89.89t/data=!3m7!1e1!3m5!1sEswm9t4UX9WKk0FLElZc0A!2e0!6shttps:%2F%2Fstreetviewpixels-pa.googleapis.com%2Fv1%2Fthumbnail%3Fcb\_client%3Dmaps\_sv.tactile%26w%3D900%26h%3D600%26pitch%3D0.10776525767853684%26panoid%3DEswm9t4UX9WKk0FLElZc0A%26yaw%3D80.98405794232721!7i16384!8i8192?hl=en&amp;entry=ttu&amp;g\_ep=EgoyMDI1MTAyNi4wIKXMDSoASAFQAw%3D%3D](https://www.google.com/maps/@-29.8540757,30.9411826,3a,75y,80.98h,89.89t/data=!3m7!1e1!3m5!1sEswm9t4UX9WKk0FLElZc0A!2e0!6shttps:%2F%2Fstreetviewpixels-pa.googleapis.com%2Fv1%2Fthumbnail%3Fcb_client%3Dmaps_sv.tactile%26w%3D900%26h%3D600%26pitch%3D0.10776525767853684%26panoid%3DEswm9t4UX9WKk0FLElZc0A%26yaw%3D80.98405794232721!7i16384!8i8192?hl=en&amp;entry=ttu&amp;g_ep=EgoyMDI1MTAyNi4wIKXMDSoASAFQAw%3D%3D)

Yes both are in the same country and even the same city.

This wealth gap leads to other problems that affect even the rich such as frequent civil unrest, strikes causing disruption of services, racial tensions and, the problem South Africa is most famous for, a high rate of violent crime.

Yes South Africa has a history of racial discrimination and segregation, though so did the USA at one point, which is largely the cause of its problems today, but is the country's adherence to a cut-throat capitalist economy the reason why it has failed to resolve those problems?

My question is mainly to capitalists, since they rarely acknowledge failures of capitalism.

Edit: Some commentators are saying South Africa is socialist or has no private enterprise and no free market competition. To see that this is false one needs to look no further than the private security industry where a plethora of private security companies (some foreign, some local) compete for clients. The entire industry makes a profit that is larger than the budget of the South African police force.",1,capitalismvsocialism
1oi3xub,1761640277.0,Do conservatives even have their own ideas about politics?,Every time I meet an conservative they just repeat what lobbyists of corporations want. Do they even have their own ideas about what politics should be? What's the difference between conservatism and what lobbyists of corporations (really capitalists) want? ,1,capitalismvsocialism
1ohxx7c,1761618354.0,Is the seizure of the means of production just?,"I had a very extended conversation about the Spartacists with u/[PunchyMcSplodo](https://www.reddit.com/user/PunchyMcSplodo/). The conversation began with a discussion regarding the liberal world order. It morphed into a tangent regarding the justness of seizing the means of production and whether the Spartacist revolt wanted to establish a vanguardist state like the Bolsheviks. I believe it merits discussion separately, so I thought it best to discuss it here.

I believe it is just, they (u/[PunchyMcSplodo](https://www.reddit.com/user/PunchyMcSplodo/)) believe it is unjust. I would love both Capitalist and Socialist/Communist input on this.

Edit: I should add a dimension to this - Is violence justified in seizing the means of production?",0,capitalismvsocialism
1ohxsph,1761617998.0,my first shitpost,"So let me ask. You know how tax is coercive and tax sucks?

Unironically what if there was a tax on tax and it went to the taxpayers........





maybe that will solve all problems with tax and society and economy


do you have any thoughts on this lazily thought concept


At the same time what would actually happen if we did this? What would you call it? Does it support socialism or capitalism more?",0,capitalismvsocialism
1ohony6,1761594885.0,Is innovation for the sake of innovation necessary?,"It is commonly stated that capitalism is superior to socialism because it encourages ""innovation"", while socialism encourages stagnation. While this is true, something I've noticed is that recent innovation doesn't actually bring about solutions to pressing problems, e.g. we still haven't found a cheap, clean, limitless, renewable source of energy, we haven't cured cancer, Alzheimer's, Parkinson's disease or even rheumatoid arthritis, nor have we solved the issue of dependence on critical rare minerals, in-fact we actually made it worse where we now depend on Lithium, a rare mineral found in only a handful of countries, for all of our batteries. Instead we have things like ChatGPT that solves what problem exactly? As far as I can tell the whole AI boom is a technological solution in search of a problem. Companies are innovative in finding, or inventing, problems where AI can be shoehorned as a solution, but ultimately how do technologies like ChatGPT actually improve our quality of life? This isn't just limited to AI, there are plenty of other examples of useless ""innovation"" such as the Blockchain hype, which died down, smart TVs and smart things which have no business being smart and ""home assistants"". None of these actually solve any real problem and are all nothing more than just toys. Then there's the issue of some innovations such as digital currency and digital ID being downright dangerous as they have the potential for being abused by governments to monitor and crush dissent. These not only do squat to improve our quality of life but actually have the potential to make it far worse.

Is innovation for the sake of innovation worth it?

Edit: I lot of replies think I'm attacking innovation and technology in general. I'm fully supportive of innovative solutions to actual problems. However, when innovation becomes the art of finding or creating problems to sell solutions, I no longer support it.",3,capitalismvsocialism
1ohc2sl,1761565208.0,What Is Post Keynesian Economics?,"Post Keynesian economics is a [school](https://www.tandfonline.com/doi/full/10.1080/09538259.2025.2524260) of [thought](https://www.tandfonline.com/journals/mpke20) that [builds](https://www.jstor.org/stable/2722299) on John Maynard Keynes' General Theory to understand economics and to develop policy. Post Keynesians insist that useful insights from Keynes were lost in the neoclassical synthesis, which was how 'Keynesian economics' was taught and theorized for many decades. Joan Robinson called the neoclassical synthesis 'bastard Keynesianism'. It was developed by Alvin Hanson, J. R. Hicks, Franco Modigliani, and Paul Samuelson. They emphasize a special case of sticky wages or prices that prevent a capitalist economy from quickly reaching a market clearing equilibrium. Post Keynesians argue that no such tendency, particularly for the labor market, exists for markets to clear.

Prominent Post Keynesians include A. Asimakopulos, Krishna Bharadwaj, Victoria Chick, Paul Davidson, Alfred Eichner, Pierangelo Garegnani, Richard M. Goodwin, G. C. Harcourt, Donald Harris, Richard Kahn, Nicholas Kaldor, Michal Kalecki, Jan Kregel, Frederick Lee, Hyman Minsky, Luigi Pasinetti, Joan Robinson, G. L. S. Shackle, Piero Sraffa, Paolo Sylos Labini, and Sidney Weintraub. I am probably being unjust to many economists around the world by leaving them off that list.

I think of the following three principles as being central to Post Keynesian macroeconomics:

* Economies are set in historical time, not logical time. You can also distinguish between uncertainty and risk.
* Money is not neutral in all runs.
* Gross substitutability does not always apply to capitalist economies.

Keynes' analytical tools were an attempt to capture a vision based on these principles. Investment determines the level of capacity usage and employment, in the short run, and the growth of capacity and income distribution, in the long run. Investment decisions are made in an open world, where the future is not known, including with known probability distributions. Investment decisions help bring about that future, which has no prior existence.

Post Keynesians tend to emphasize, in microeconomics, theories of administrative, full cost, or markup prices. Theories consistent with this perspective include A. A. Berle and Gardiner Mean's *The Modern Corporation and Private Property*, John Kenneth Galbraith's *The New Industrial State*, Frederick Lee's *Post Keynesian Price Theory*, Robin Marris' *The Economic Theory of Managerial Capitalism*, and Edith Penrose's *Theory of the Growth of the Firm*.

Above I concentrate on ideas applicable to advanced industrial and post-industrial capitalist economies. Post Keynesians are also in important in understanding developing economies. And they also developed ideas about actually existing [socialist](https://www.amazon.com/Socialist-System-Political-Economy-Communism/dp/0691003939/) [economies](https://www.amazon.com/Selected-Essays-Economic-Socialist-Economy/dp/0521084474/), when they still existed.

A division exists between those who build on Sraffa and those who are more fundamentalist Post Keynesians. The latter emphasize uncertainty and short run theory. They  ask what is the point of looking at long run equilibrium. The long run has no independent existence. It is just a succession of short runs. The former argue about how Keynes' principle of effective demand applies to the long run.

",1,capitalismvsocialism
1oh7gsm,1761547434.0,Lange Model,"What does everyone here think of the Lange model (also called the Lange-Lerner theorem)? It proposes that a planned economy could achieve the same efficiency as a market economy if public managers set prices equal to marginal costs and adjusted them based on surpluses or shortages. Do you see this as a viable theoretical alternative to capitalism, or do you think it fails to account for something essential about real markets?",6,capitalismvsocialism
1ogz45i,1761520889.0,Why shouldn't some things be free?,"We're all human, all here to live this one life (as far as we know). So why not try to make it comfortable for everyone? Why make life harder than it is? 
I personally think healthcare nd education should be free. And honestly, so should food . . . Or at least the prices lowered so ppl can afford it. 
Why do capitalists want to make things harder for everyday ppl? There's no humanity in it! ",1,capitalismvsocialism
1ogy1ez,1761518037.0,Has the liberal capitalist world order begun to crumble?,"Across the world we are witnessing the rise of far-right parties. From the AfD in Germany, Reform in the United Kingdom, the Republican Party (under the MAGA Movement) in America, Sanseitō in Japan, &amp; the BJP in India (I am naming a few, there are plenty of other examples). It seems like a tidal wave and the world seems indistinguishable from the optimistic visions of the post-WW2 world. Across the world now we are witnessing a normalization of Genocide (Palestine etc.), a return of jingoistic hyper-nationalism (Russia's war in Ukraine), a degradation of the belief in international liberal institutions (ex. Israel's disregard for the ICC etc.), and a return, though with a rebrand, of concentration camps (such as the South Florida Detention Facility).

Take for instance, in the United States: We have even witnessed the US Capital being occupied by these groups. Steve Banon just stated on the news that President Trump will be running for a third term and that the constitutionality of it should be left up to popular vote (while also making inferences that there will be mass interference in the voting process). The US is not alone ofc. In India the BJP is under increasing scrutiny for using Right-Wing Hindu Nationalist thugs to rig the last-election. These are but two examples, there are plenty of other ones.

This is not to mention the slow deterioration of the international trade system, the situation in Hungary, etc.

With all this in mind: Is the liberal world order beginning to crack? Has capitalism gave way to a new global wave of fascism?

EDIT: Removed redundancies and a few examples to shorten it.",8,capitalismvsocialism
1ogey49,1761465701.0,Is the USA really a capitalist country?,"Proponents of capitalism always use the success of the USA to argue for the superiority of capitalism. However the USA is not truly capitalist when compared to the third world.

The natural resources of the USA are 100% owned by American entities, this in contrast to the capitalist third world (Africa, South America, even Eastern Europe) where 100% of the resources are owned by foreign entities. Imagine an America, where a Chinese corporation owns all the farmland, An Iranian corporation owns all the nuclear power stations, A Russian corporation owns all the mines and oil fields. The USA would never allow this to happen, heck the USA threw a massive fit over a foreign owned social media platform and ultimately forced it, going against its capitalist ideals of free market and competition, to be sold to an American owner. Tariffs also go against the ideals of free market and competition. If America were to stick to those ideals it wouldn't put tariffs on Chinese goods but instead American companies would compete by producing cheaper and superior products. However America is putting a nationalist ideal before a capitalist ideal.

The ""capitalism"" that America preaches to the world is not the same as the ""capitalism"" it practices domestically. Is America truly capitalist, and simply the rest of the capitalist world has got capitalism wrong, or is it simply the case that America isn't capitalist at all?",8,capitalismvsocialism
1ogeggs,1761463744.0,What capitalist school of thought do you adhere to?,"When delving deeper into theories of value and the state I'm faced with conflicting views from capitalism supporters, leading to inconsistent impression of a capitalist theory. 

But obviously, as with Socialism, you can't expect the single unified theory. This is why I always clarify that I am Classical Marxist and from that alone, one can derive my views on economies like China or the role of the state and so on. It is very useful to have a gist of someone's views to avoid strawman or any other man besides the one I'm talking to. Or a woman. Or non-binary person. ",3,capitalismvsocialism
1og420j,1761429984.0,Poverty is on the decline.,"[https://ourworldindata.org/data-insights/was-the-global-decline-of-extreme-poverty-only-due-to-china](https://ourworldindata.org/data-insights/was-the-global-decline-of-extreme-poverty-only-due-to-china)

Socialists say that free markets makes people poor so they have to take power and force everyone into co-ops. Yet poverty is on the decline. You'd think socialists would greet this news with optimism, but they're seething right now. You see, they were banking on the world getting poorer so they could harangue discontents into giving them power and letting them force their harebrained schemes on people. But if the world is getting richer then they can't play that card. 

",0,capitalismvsocialism
1of8ty3,1761338445.0,"The Fiscal Responsibility Fairy Tale, or: How I Learned to Stop Worrying and Love the Money Printer","Look, I need to talk about something that's been grinding my gears lately, and it's this performative hand-wringing about ""fiscal responsibility"" that magically appears and disappears depending on who's asking for money. It's like watching a magic trick where the magician keeps insisting the rabbit was never in the hat in the first place, even though we all just watched him pull it out.

Here's the setup: Every time someone suggests we spend money on things that would actually improve people's lives—healthcare, education, infrastructure that isn't actively trying to kill you—suddenly everyone in Congress transforms into your cheapskate uncle at Thanksgiving who splits the bill down to the penny and questions whether you *really* needed that extra roll. ""How are we going to pay for it?"" they ask, clutching their pearls so hard they're creating diamonds. ""What about the deficit? Think of the children's children's children who will inherit this debt!""

But then—and here's where it gets fucking hilarious—when it's time to approve another $800 billion defense budget, or give tax cuts to corporations that are already sitting on more money than Smaug, or bail out banks that gambled away everyone's pensions playing financial roulette, suddenly these fiscal hawks transform into drunken sailors on shore leave. Money printer goes brrr. No questions asked. The deficit? What deficit? The children? They'll figure it out. They're resourceful.

It's like we're all stuck in a restaurant where the owner keeps insisting we can't afford to fix the leaking roof or pay the kitchen staff a living wage because ""money is tight,"" but then he rolls up in a new Ferrari every week and just installed a solid gold toilet in the executive bathroom. And when you point out the obvious contradiction, he looks at you like YOU'RE the crazy one for not understanding ""basic economics.""

Let me paint you a picture here, because apparently we need visual aids. Imagine you're in a house with your family. The roof is leaking. The foundation is cracking. The electrical wiring was installed sometime during the Coolidge administration and smells like it's actively planning your demise. Your kids are sick because there's mold in the walls. One of them needs glasses but can't get them because the insurance you pay through the nose for has a $5,000 deductible and only covers ""catastrophic eyeball loss.""

Now imagine your spouse comes home and says, ""Great news! I spent $50,000 on a state-of-the-art security system to protect us from the neighbors three streets over who we've decided might be a threat, even though they haven't actually done anything and mostly just want to be left alone. Also, I gave our rich cousin another $10,000 tax refund because he promised it would 'trickle down' to us eventually, probably, maybe, if we're good.""

You'd lose your fucking mind, right? You'd be like, ""Maybe—and I'm just spitballing here—we could use that money to fix the ACTIVELY COLLAPSING HOUSE we're living in?""

But no. Apparently that's ""socialism."" Or ""entitlement mentality."" Or my personal favorite, ""fiscal irresponsibility.""

The reality is that ""fiscal responsibility"" is a fairy tale we tell ourselves to justify saying no to poor people while saying yes to literally everything else. It's a ideological chastity belt that only locks when the poors get horny for healthcare.

And before you hit me with the ""but the national debt"" argument, let me address that head-on because I can already hear the typing. Yes, debt exists. Yes, it's a big number. No, it doesn't work like your credit card. When you control your own currency, when the entire global economy runs on that currency, when you can literally print more of it whenever you want (which we do, constantly), the rules are different.

Japan has a debt-to-GDP ratio of like 250% and they're doing fine. They're not living in Mad Max times bartering with bottle caps. They have bullet trains and universal healthcare and an average life expectancy that makes ours look like we're speedrunning death. Meanwhile, we're over here in the ""richest country on Earth"" with a debt-to-GDP ratio of 120%, acting like we're one social program away from becoming Venezuela, while people are literally rationing insulin and dying from treatable diseases because they can't afford the medicine that costs $5 to produce but sells for $500.

Here's another fun thought experiment for you: We spent $8 trillion—with a T, as in ""holy shit that's a lot of money""—on the wars in Iraq and Afghanistan over 20 years. That's roughly $400 billion per year, every year, for two decades. You know what we got for that? Nothing. Literally nothing. We destabilized an entire region, created new enemies, killed hundreds of thousands of people, traumatized a generation of our own soldiers, and left both countries in worse shape than we found them.

But you know what we could have done with $8 trillion instead? We could have given every person in America $24,000. We could have eliminated student debt, twice. We could have built a high-speed rail network that would make Japan jealous. We could have funded universal pre-K for the next 50 years. We could have retrofitted every building in the country to be energy efficient and still had money left over for a pizza party.

But no, we had to go hunt for those WMDs that definitely existed and definitely weren't a lie told to us by people who had financial interests in defense contractors. (Spoiler alert: They didn't exist. It was a lie. The people who lied about it faced zero consequences and many of them got book deals.)

And here's the kicker—the real chef's kiss of irony—we didn't have to ""find the money"" for any of that. Nobody was wringing their hands about the deficit when we were voting on whether to invade Iraq. Nobody was asking ""but how will we pay for it?"" when we were approving military budgets that could fund a small country. The money just... appeared. Like magic. Because that's how it works when the people in charge want something.

The truth is, we've always had the money. We've always been able to afford healthcare, education, housing, food security, all of it. We're the richest country in the history of human civilization. We have more wealth concentrated in fewer hands than any society has ever managed to achieve, which is actually kind of impressive if you ignore the whole ""moral catastrophe"" aspect of it.

The question was never ""can we afford it?"" The question was always ""do we want to?"" And the answer, consistently, for decades, has been ""no, because that would require the wealthy to pay their fair share, and we can't have that because they might stop creating jobs,"" even though they're already not creating jobs because they're too busy buying their fourth yacht and lobbying to pay even less in taxes.

Let me be absolutely crystal clear about something: Every time someone tells you ""we can't afford"" universal healthcare, free public college, a living wage, or any other social program that would materially improve your life, they are lying to you. Not mistaken. Not working with imperfect information. Lying. They are telling you a deliberate falsehood because the truth—that we absolutely can afford it but choose not to because it would redistribute wealth downward—is too politically uncomfortable to say out loud.

It's like if your doctor looked at your broken arm and said, ""Sorry, medicine hasn't advanced to the point where we can treat fractures yet. It's just not scientifically possible. Best I can do is thoughts and prayers."" Meanwhile, he's got an X-ray machine in the next room and a whole pharmacy of painkillers, but he's saving those for the CEO who stubbed his toe.

And look, I get it. I understand that there are legitimate questions about implementation, about how to structure programs efficiently, about transition costs and administrative challenges. I'm not saying these things are trivial or that they'll be easy. What I'm saying is that the ""we can't afford it"" argument is bullshit. It's a conversation-ender designed to shut down discussion before we even get to the actually interesting questions about how to build a better society.

You know what actually happens in countries with universal healthcare? They spend less per capita than we do and get better health outcomes. That's not theory. That's observable reality. Every developed nation on Earth has figured this out except us, and the reason we haven't isn't because we're too poor or because it's impossible. It's because we've organized our society to maximize profit extraction for the already-wealthy at the expense of everyone else, and we've convinced half the population that this is somehow good for them.

It's the economic equivalent of Stockholm syndrome. We're all sitting in the basement of capitalism's house, and when someone suggests we might want to leave, half of us are like ""But he's been so good to us! Sure, he doesn't let us see sunlight and feeds us scraps, but have you seen his car collection? Any day now, if we're really loyal, he might let us ride in one!""

The fiscal responsibility argument is just another tool in the kit. It sounds reasonable. It appeals to our everyday experience with household budgets. It makes us feel like the adults in the room are being serious and pragmatic. But it's a weapon, not an analysis. It's deployed selectively to justify saying no to the poor while saying yes to the rich, and the sooner we all recognize it for what it is, the sooner we can have an actual conversation about what kind of society we want to build.

Because here's the thing—and I'm going to wrap this up before it turns into a book, though honestly I could go for another 10,000 words on this—we're not actually having a debate about money. We're having a debate about values. We're having a debate about who deserves to live with dignity and security, and who deserves to suffer. We're having a debate about whether we believe human beings have inherent worth, or whether we believe worth is something you have to earn by being useful to capital.

The money is there. It's always been there. The question is whether we have the political will to take it from the people hoarding it like dragons on a pile of gold, and use it to build a society where people don't have to choose between insulin and rent, where kids don't graduate college $100,000 in debt, where you can get sick without also going bankrupt, where ""retirement"" isn't a fantasy for 90% of the population.

That's the conversation we should be having. Not this performative theater about fiscal responsibility from people who approved a $1.7 trillion tax cut for the rich without batting an eye.

But hey, at least we're consistent in our inconsistency. That's something, right?

...anyways, lol, this got way longer than I planned. If you made it this far, congrats, you're either my target demographic or you hate-skimmed it to find something to yell at me about. Either way, thanks for coming to my TED talk.

Now if you'll excuse me, I need to go yell at my router for deciding that 3 AM is the perfect time to forget what the internet is.",7,capitalismvsocialism
1of6l25,1761333066.0,"America is a force of evil, the Soviet Union was a force of good","Look at the proxy wars between the US and Soviet Union look at who the Americans side with and at who the soviets side with 

The Americans side with the far right fascist reactionaries, the monarchies, and religious extremist

The soviets side with social democrats, progressives and revolutionaries 

How dare we pride ourselves in being founded on breaking away from a monarchy only to impose monarchy on other people 

How dare liberals in our country call for better working conditions while we force other countries to de regulate and strip regulations so we can profit off of them

I’ll give you some of my favorite examples (the list does go on and on tho)

My favorite example is Afghanistan, Afghanistan used to have a progressive government it had universal education and equal right for women, this is SOVIET BACKED Afghanistan and what did the US do? Who did the US support, oh that’s right…. THE FUCKING MUJAHIDEEN, FUCKING BIN LADEN (yeah that totally never backfired right?)

My second favorite example is Iran , IRAN USED TO BE A DEMOCRACY with a PRIME MINISTER who nationalized oil bc ya know call him crazy but he believed that the oil in Iran should belong to idk um Iranians?????

US and UK were like yeah NOPE overthrew his ass and gave more power to the monarchy. In 1979 the people had enough of this repressive monarchy and rose up to overthrow it…. But unfortunately it didn’t go back to being the Iran it once was but instead the backwards theocracy it is today 

My third favorite example is US’s support for South Africa and no im not talking about todays South Africa I mean APARTHEID SOUTH AFRICA. Let’s start with soviets role in that situation, the Soviet Union helped Nelson Mandela, they funded and trained ANC fighters in their resistance against apartheid, what does the US do? You guessed it side with the oppressors, they gave South Africa intelligence that helped them lead to the arrest of Mandela and the US designated Mandela as a terrorist.

The list goes on and on. So capitalist supporters, America supporters, how do you answer for your government constantly backing the wrong people backing fascist, religious extremist, nazis and monarchs. ",0,capitalismvsocialism
1of02xl,1761318064.0,Does democracy actually exist in the real world?,"A common criticism of socialism is that most socialist countries are considered ""authoritarian dictatorships"", whereas most capitalist countries are considered ""democracies"". However, is any country in the world today actually a democracy, in the sense of ""rule by the people for the people""?

In most ""democracies"" today, the people don't actually have much power to influence policy. The only power the people do have is to elect ""representatives"", once every four years. Politicians lie to get elected, and after they are elected they do whatever they want often the opposite of what they were elected to do. Once a representative is elected they are no longer accountable to their electorate. Representatives don't even have any contractual or legal obligations to uphold their promises. Citizens cannot dismiss representatives, or government, prior to the next elections and have no power to oppose laws proposed or decisions taken by their representatives. In effect, citizens don't actually have any real say in policy, which makes today's ""democracies"" more akin to ""elected dictatorships"" than democracies.

Does democracy actually exist in any country today?",8,capitalismvsocialism
1oedeq7,1761249444.0,"If the capitalist rhetoric of beaurocracy getting in the way limits the efficiency of a market place, wouldn't municipality owned businesses reach the same conclusion with the only difference being what middleman gets cutoff?","Thatcher and Reagan Neolib economics is all about ""unleashing the private sector"" and getting rid of the middleman. If the middleman is what is the problem, wouldn't getting rid of the private industry achieve the same goal? With the added benefit of no tax burden and no shareholders to increase margins for. 

The example I have in mind is municipality run grocery stores. A supplier of a product that is an absolute necessity and has little room for the benefits of capitalist innovation. 

• No property or income tax means less overhead, lower costs

• large municipal budgets allow for bulk purchases, which could lower costs

• any potential profit goes back into municipal tax budget meaning could serve as a way to ease other tax avenues on residents. Minimal return in this avenue likely since grocery stores operate with smaller profit margins anyway. 

• able to cater to resident needs since they are runbby the municipality. 

• no/less advertising expenses. 

None of this means ALL grocery stores have to be govt run. Due to the limits of the budgets for municipalities, they would be restricted to only stocking likely sellers, whereas commercial grocers can afford to take losses on niche items in order to attract customers to buy the staples. Thinking Costco rotisserie chickens and $1.50 hotdogs. The lack of ability to provide those niches therefore leads to room for commercial entities to capitalize on the demand. Kosher, vegan or Halal retailers could fill in the gaps therefore giving everyone the best or both worlds. 

I bring this topic up for conversation because I am unfamiliar with the valid points against this idea and also because I'm not sure people are all that familiar with this concept outside of red scare bread line anecdotes. 

TLDR; municipal run grocery stores could cut out the middleman that is private business in delivering necessities to citizens which would follow the capitalist economic theory of being profitable strategy, but because it's publicly run and lacks shareholders, any profit could be turned into savings for consumers. ",7,capitalismvsocialism
1oe17zg,1761220422.0,Arguments And Debates Among Early Socialists,"**1. Introduction**

Early socialists did not always agree. I provide an account of an idiosyncratic selection of a couple of Ricardian socialists, including a later dispute about priority and a debate with philosophical radicals, that is, liberals. I have been reading John Cassidy's new book. He has a chapter on William Thompson.

This post is more a series of stories than argument for a thesis.

**2. William Thompson, Karl Marx, Friedrich Engels, and Anton Menger**

I start with William Thompson, the author in 1824 of *An Inquiry into the Principles of the Distribution of Wealth Most Conducive to Human Happiness*. Thompson built upon the ideas of [Jeremy Bentham](https://www.ucl.ac.uk/laws/research/research-projects/bentham-project/about-jeremy-bentham/auto-icon), William Godwin, and David Ricardo. Apparently, Thompson was to first to argue for equality of distribution on the basis of utilitarianism. An extra $100 has a lot more utility to a poor man than a rich one. He coined the term ""surplus value"", and his political economy had a structure much like Karl Marx's later system, with some differences. Thompson advocated, along with Robert Owen, for mutual co-operation, as in intentional communities.

&gt;""it was Ricardo's crude generalisations which gave modern socialism its fancied scientific basis, and provoked, if they did not justify, its revolutionary form… Ricardo … did more than any intentionally socialist writer to sap the foundations of that form of society which he was trying to explain, and which he believed to be the typical and natural, if not, indeed, the ideal social state… 

&gt;Thompson was only one of a series of socialist writers, culminating in Marx and Lassalle, who take the Ricardian position as the very basis of their argument. His first section has the familiar Ricardian ring. 'Wealth is produced by labor: no other ingredient but labor makes any object of desire an object of wealth. Labor is the sole universal measure, as well as the characteristic distinction of wealth.' Give the word 'labour' its popular meaning, and it is merely an affair of logic to deduce a large part of modern socialism from this position. Whatever qualifications Ricardo may have made upon it in his own mind, ninety-nine readers out of a hundred took him literally, and the main impression left by his book was that while wealth was almost exclusively due to labour, it was mainly absorbed by rent and other payments to the unproductive classes. This was the text which Thompson and the English socialists proceeded to elaborate."" -- H. S. Foxwell

Anton Menger says that Marx basically copied Thompson and other Ricardian socialists:

&gt;""Marx is completely under the influence of the earlier English socialists, and more particularly of William Thompson. Leaving out of account the mathematical formulae by which Marx rather obscures than elucidates his argument, the whole theory of surplus value, its conception, its name, and the estimates of its amount are borrowed in all essentials from Thompson's writings. Only Marx, in accordance with the aim of his work, pays special attention to the one form of unearned income (interest on capital), and fails to give either that juridical criticism of private property in instruments of production and useful commodities which is the necessary supplement of the theory of surplus value, or a rigorous exposition of the right to the whole produce of labour. In all these respects Marx is far inferior to Thompson."" -- Anton Menger

Engels would have none of it:

&gt;""In order, to drag Marx down, his achievements are attributed to other socialists in whom no one is interested, who have vanished from the scene and who have no political or scientific importance any longer. In this way they hope to dispose of the founder of the proletarian world view, and indeed the world view itself. Mr. Menger undertook the task. People are not professors for nothing. They want to make their mark, too…

&gt;The present social order gives landowners and capitalists a 'right' to part - the bulk - of the product produced by the worker… So whoever first said that the present right of those who own the soil and the other means of production to part of the proceeds of labour is a wrong is the great man, the founder of 'scientific' socialism. And these men were Godwin, Hall and Thompson. Leaving out all the interminable economic fripperies and getting to the legal residue, Menger finds nothing but the same assertion in Marx. Consequently Marx simply copied these old Englishmen, particularly Thompson, and took care to keep quiet about his source. The proof has been adduced.

&gt;We give up any attempt to make this hidebound lawyer understand that nowhere does Marx demand the 'right to the full proceeds of labour’', that he makes no legal demands of any kind at all in his theoretical works. Even our lawyer seems to have a faint inkling of this when he reproaches Marx for nowhere giving'‘a thorough presentation of the right to the full proceeds of labour'.

&gt;In Marx’s theoretical studies legal right, which always merely reflects the economic conditions prevalent in a specific society, is only considered as a matter of purely secondary importance; his main concern is the historical justification for certain conditions, modes of appropriation and social classes in specific ages, the investigation of which is of prime importance to anyone who sees in history a coherent, though often disrupted, course of development rather than, as the eighteenth century did, a mere muddle of folly and brutality. Marx views the historical inevitability of, and hence the justification for, the slave-owners of classical times, the feudal lords of the Middle Ages, etc., as the lever of human development for a limited historical period. He thereby also recognises the temporary historical justification for exploitation, for the appropriation of the product of labour by others. Yet at the same time he demonstrates that not only has this historical justification disappeared, but that the continued existence of exploitation in any form, far from furthering social development, is daily impeding it more and more and involving it in increasingly violent collisions. Menger's attempt to force these epoch-making historical investigations into his narrow, legalistic Procrustean bed only goes to show his total inability to understand things that go beyond the narrowest legal horizon."" – Friedrich Engels and Karl Kautsky (1887).

Both Menger and Engels and Kautsky have a lot more to say.

**3. William Thompson and J. S. Mill**

William Thompson and others had a public debate with John Stuart Mill in 1825. Mill was then a teenager, a liberal, a philosophical radical, and an utilitarian.

&gt;""There was for some time in existence a society of Owenites. called the Cooperative Society, which met for weekly public discussions in Chancery Lane. In the early part of 1825, accident brought Roebuck in contact with several of its members, and led to his attending one or two of the meetings and taking part in the debate in opposition to Owenism.

&gt;Some one of us started the notion of going there in a body and having a general battle: and Charles Austin and some of his friends who did not usually take part in our joint exercises, entered into the project. It was carried out by concert with the principal members of the Society, themselves nothing loth, as they naturally preferred a controversy with opponents to a tame discussion among their own body.

&gt;The question of population was proposed as the subject of debate: Charles Austin led the case on our side with a brilliant speech. and the fight was kept up by adjournment through five or six weekly meetings before crowded auditories, including along with the members of the Society and their friends, many hearers and some speakers from the Inns of Court.

&gt;When this debate was ended, another was commenced on the general merits of Owen’s system: and the contest altogether lasted about three months. It was a *lutte corps-à-corps* between Owenites and political economists, whom the Owenites regarded as their most inveterate opponents: but it was a perfectly friendly dispute. We who represented political economy had the same objects in view as they had, and took pains to shew it; and the principal champion on their side was a very estimable man, with whom I was well acquainted, Mr. William Thompson. Of Cork, author of a book on the *Distribution of Wealth*, and of an *Appeal* in behalf of women against the passage relating to them in my father's *Essay on Government*.

&gt;Ellis, Roebuck, and I, took an active part in the debate, and among those from the Inns of Court who joined in it I remember Charles Villers. The other side obtained also, on the population question, very efficient support from without. The well known Gale Jones, then an elderly man. made one of his florid speeches; but the speaker with whom I was most struck, though I dissented from nearly every word he said, was Thirlwall, the historian, since Bishop of St. David's, then a Chancery barrister, unknown except by a high reputation for eloquence acquired at the Cambridge Union before the era of Austin and Macaulay. His speech was in answer to one of mine. Before he had uttered ten sentences. I set him down as the best speaker I had ever heard, and I have never since heard any one whom I placed above him."" – J. S. Mill, *Autobiography*

In his autobiography, Mill makes clear that those on his side are his friends from university.

**3. William Thompson and Thomas Hodgskin**

Thompson had a disagreement with Thomas Hodgskin who published in 1825, *Labour Defended Against the Claims of Capital*. Hodgskin's explanation for profits is a matter of selling commodities over their value, with force and monopoly power. 

&gt;""But if \[Hodgskin\] is in favour of competition as the principle by which to determine the division of labour's share between the various ranks of labourers, he is for combination against capital in order to make labour's share as large as possible. By combining, the journeymen 'may reduce or destroy altogether the profit of the idle capitalist . . . but they will augment the wages and rewards of industry, and will give to genius and skill their due share of the national produce.'"" – H. S. Foxwell

This is the sort of explanation and remedy that Thompson rejected. His 1827 book *Labour Rewarded* is an answer.

&gt;""Thompson urges that 'individual competition is incompatible with equal remuneration, as it is also with securing to labor the entire products of its exertions'. 'The author of *Labour Defended* stands alone, as far as. I know, amongst the advocates of Individual competition, in even wishing that labor should possess the whole of the products of its exertions. All other advocates of individual competition look on the notion as visionary, under the Competitive System'.. We know Thompson’s solution of the difficulty. Labourers must become capitalists, and unite in communities to regulate their own labour. To ascertain for each the exact product of his own labour is impracticable. If this could be done, then justice would give each individual a property in that product. But moral considerations would force him to share that product with others. The human race could not otherwise be preserved. This voluntary distribution is best carried out under the equitable arrangements of co-operative communities, with their regulated exchanges. 'It is on the regulation of exchanges', he concludes, 'that the industrious classes must depend for realising the general proposition that ""the whole produce of labour should belong to the labourer.""'"" – H. S. Foxwell

We see here the distinction between each individual worker obtaining his product and the working class as a whole obtaining and deciding on the use of their product. Thompson advocates the latter.

**4. William Thompson and Robert Owen**

Thompson had a later disagreement with Robert Owen. This disagreement, at the 1832 Co-operative Congress in London, arose after Owen’s experiences in the USA, at New Harmony, Indiana. Owen thought co-operatives needed much larger initial investments than Thompson.

**Selected References**

* John Cassidy. 2025. *Capitalism and Its Critics: A History from the Industrial Revolution to AI*. Farrar, Straus, and Giroux.
* Friedrich Engels and Karl Kautsky. 1887. [Lawyer's Socialism](https://wikirouge.net/texts/en/Lawyers’_Socialism). *Die Neue Zeit*.
* Anton Menger. 1899. *The Right to the Whole Produce of Labour*. With an introduction by H. S. Foxwell.

",0,capitalismvsocialism
1odisd0,1761163159.0,Ownership is Distinct from Production,"I've been having this discussion a decent amount recently, so I made a post to check if I'm understanding the disconnect correctly.

**Premise:**

Suppose a version of capitalism uninfringed by the state. I'd like to argue my claim from a capitalist perspective.

Suppose capitalism requires a right to private property. Apologies an-caps, assume there is some state or state-like entity enforcing contracts and preventing/prosecuting outright theft.

Suppose capitalism thrives on specialization. I can be good at leatherwork, someone else is good at woodwork. Via the market, we both get master-quality products without having to be masters of both skills.

Suppose capital owners want to do productive things with their capital. A big stretch, I know.

As a capital owner, I am not *necessarily* an expert in managing that capital. If I want to do something productive with that capital, I can hire experts to invest in existing businesses, buy properties, seed new companies, etc. who will be more effective at those tasks that me doing all of that by myself. I can hire experts to identify the best CEO from a field of candidates, to optimize the day-to-day operations, and to ensure my investment is being spent responsibly. I could, for a cost, have completely passive income via other people managing my capital.

**Claim:**

Because all of the tasks that make my capital productive can be outsourced, ownership is distinct from production.

The man behind the curtain supplying this investment could be me, it could be 3 hobbits in a trench coat, it could be publicly traded fund, it could be a worker co-op, or it could be a sovereign wealth fund. So long as the experts that are hired are told the same thing - make this investment as profitable as possible - the outcome would be the same regardless of who owns the capital.

**Anticipatory Objections:**

&gt; But an investor like a worker co-op would have different priorities than maximum profitability. Different investors have different timelines and risk tolerances.

Sure, and private investors could also have different priorities than maximum profitability - publicly traded ESG funds exist, are they anti-capitalist?

Timeline, risk tolerance, etc. are part of that directive you give to your wealth managers.

The point is, directives being the same, who owns the capital does not matter. If I, a billionaire, gave the same directive to my wealth managers as a worker co-op, the outcome would be the same in both scenarios. Ownership is distinct from production.

&gt; Okay, I concede this is a valid distinction *theoretically*, but in reality most owners do at least some of the management themselves.

Sure, but my argument is that there is a structural distinction not that you can't both be a capital owner and do labor.

&gt; Even if ownership is distinct from productivity, that doesn't entitle you or the state to take their property or tax their profit.

That's not my claim, though I'd be happy to discuss this elsewhere.

**The Fundamental Disagreement:**

&gt; The act of defining or even simply consenting to a given directive is inherent to ownership. Without my permission, the person I hire has nothing to manage. Even if I have a proxy who can grant that permission, I still had to grant that proxy the permission to act on my behalf.

This is, as far as I can tell, the fundamental kernel that capitalists struggle to communicate when they make the argument that ownership *is* productive - **authorization**. Which means ownership is not distinct from production because without the consent of the owner there can be no production, even if every other person involved in the hypothetical production process wants to produce things.

So it all seems to reduce back to private vs personal vs common property in the end. Is that a fair assessment?

Edit: Of course, in reality you have to hire a mob, or have a state-like entity hire a mob, to prevent those people from using your property productively. And you only have capital to begin with because someone enclosed common property. Then perhaps the premise is simply insufficiently defined.",6,capitalismvsocialism
1od1mga,1761117671.0,A strange scenario,"Let's pretend for a moment that capitalism produces a scenario where the whole world is being managed by a monopoly company. 

Now for a moment, let's pretend the monopoly company is for some reason acting in the interest of the public, even if it is satisfying its own, and somehow its 'self interest' is just defined as 'whatever is good for the economy/society'.

You could conceive it as a private company or maybe even a publicly owned company, etc.


---

Now let's say it captures the government or makes the government its puppet (regulatory capture). 

Now imagine this. 

If the government is then said to have then been owned by this monopoly company, but the agenda of the monopoly company is basically whatever agenda a perfect or good government would have had, or maybe their agenda is to find what that good set of ideas is, and the state then is ran like a company, what will happen? 

Imagine that since the objective is to 'be a perfect government', that sure, maybe the company structure is open to changing. Will the company and the way it runs the economy then be some form of socialism or will it be a form of capitalism?


Edit:

This version might be easier to understand for anyone who might be confused:

Imagine a future where one giant company ends up running everything. Every business, every service, even the government. But unlike most corporations, this one actually wants to do what’s best for everyone. It uses its money, data, and power to make the economy and society achieve whatever it needs to be described as 'fair, efficient, and sustainable' across all perspectives. Maybe it is even 'fun'. 

But the question is, if this hypothetical company controls everything but tries to act like a perfect government and it found a way where it is caring for the economy and successfully factored how life can be 'fair, efficient, sustainable, maybe even fun' within it, would that system still be capitalism, or would it actually be socialism",5,capitalismvsocialism
1ocrq0m,1761087203.0,Question about markets,"Socialists, what do you think of this? I've always felt markets have potential and they have the ability to create good things. The problem is that leaving it unregulated causes issues, regulating it too much causes issues, and regulating it the wrong way causes issues too. The thing is, when thinking on what it means to 'regulate it in a good way that isn't too much or too little', what does that really entail? Or if you are aiming for something self regulating, how would you get there? I ask because I think many socialist thought seems to start from here and I feel your answers to this will help anyone understand where you are coming from if you oppose or take some issue with capitalism for example.",7,capitalismvsocialism
1ocrikn,1761086676.0,Is capitalism in its true form?,"When talking about communism, people often say it hasn’t been shown in its true form. Can this be said for capitalism as well? Has capitalism just been corrupted? What I’m referring is like Stalin, Mao, those dictators who used communism behind his authoritarianism regime. I often see people defending communism because that wasn’t the true definition of what communism is. Could that argument be used for capitalism as well? Private owners own things, but that doesn’t mean they have to be corrupt? I’m just a beginner learning about this type of thing, so I’d like true and genuine opinions / facts. I honestly hateeee economics, so I’m looking to learn something! I know it can get heated, but pls be respectful!",8,capitalismvsocialism
1ocp0ra,1761080667.0,Is consumerism necessary?,"Modern western society, and even non-western society, is centered around consumerism, i.e. the constant accumulation of stuff, e.g. cars, phones, clothes, shoes, watches. Life is about making money and buying as much stuff as you can. A successful person is one who has a lot of stuff. Stuff is often thought to bring happiness and lack of stuff brings misery.

There's no debate that capitalism is the superior system when prioritizing consumerism and comfort. Global capitalism makes more stuff and allows people to have more stuff. However more stuff also comes at a cost and making stuff requires exploitation. Our great grandparent's generation had homes but didn't have an iPhone or a car. The youth today have easy access to iPhones and cars but homes are out of reach. Stuff continues to get cheaper but homes continue to get more expensive. That's not a good thing IMO. A home is a necessity whilst an iPhone is just a luxury you can easily do without. If you own a home you'll be happy even without an iPhone, whereas without a home you'll be miserable even with an iPhone, 100 gold watches and 10 luxury cars.

The other issue is maximizing comfort and reducing physical labour. Today we don't have to work out in the fields, like our ancestors had to. For some that is a good thing. However, what about those people who enjoy that kind of work and find that kind of lifestyle fulfilling and have no interest in maximizing comfort or accumulating stuff?

Is consumerism and maximizing comfort necessary?",5,capitalismvsocialism
1ocbpmb,1761050052.0,The Intellectual Bankruptcy Of Economics Illustrated By Mankiw's Introductory Textbook,"I try to be more focused than [before](https://www.reddit.com/r/CapitalismVSocialism/comments/1muy72s/can_you_laugh_at_mankiws_intro_textbook/) in this post.

Mankiw defines 'capital' to mean what I call a capital good. He provides an example of ladders owned by an orchard. In equilibrium, the price of the services of a capital good is equal to the marginal value product of those services. The price of a capital good, given the interest rate, and the price of those services (that is, the rental price) are related by usual present value calculations.

Mankiw teaches the student:

&gt;""In our analysis, we have been implicitly assuming that households own the economy's stock of capital - ladders, drill presses, warehouses, and so on ... In fact, firms usually own the capital they use, and therefore, they receive the earnings from this capital... \[I\]nstitutional details are interesting and important, but they do not alter our conclusion about the income earned by the owners of capital. Capital is paid according to the value of its marginal product, regardless of whether this income is transmitted to households in the form of interest or dividends or whether it is kept within firms as retained earnings."" -- Greg Mankiw, 2018. Principles of Economics, 8th edition, p. 376.

Notice the gap here. Some households own stocks and bonds. They have used their savings to purchase some asset or another. The firms that own capital goods obtain a payment for the use of those capital goods. But Mankiw has no explanation for the determination of the level of interest, dividends, capital gains, and so on. He is [correctly](https://academic.oup.com/cje/article-abstract/20/1/53/1716967) reflecting dominant theory in this lacuna.

But it is worse than that. The firms make investment decisions, including with retained earnings. These decisions are not transparent to households. Households make decisions on the level of savings and its distribution among assets. But it is the firms' decisions that determine the level of employment and its direction. Amazon's decisions on where to locate warehouses and server farms have large impacts on specific communities and even what infrastructure they will build. In short, Mankiw's lack of clarity here disguises an important exercise of power.

Other economists have [explanations](https://www.hup.harvard.edu/books/9780674364165) of the [returns](https://academic.oup.com/cje/article-abstract/14/4/375/1677414) to [ownership](https://www.hup.harvard.edu/books/9780674971028).",1,capitalismvsocialism
1ocaxqw,1761047841.0,AI and capitalism,"Given AI is largely funded and controlled by capital, and a common prediction is the widespread obsolescence of human labor, what is your envisioned endpoint for society?

Do you think mass job loss is an acceptable and inevitable cost of progress? If so, how do you anticipate a stable consumer economy and society, when people lack the means to participate in it?

",1,capitalismvsocialism
1oc8cxe,1761039005.0,Why do capitalist countries have higher taxation than socialist countries?,"For my whole life I believed that socialism = high taxation. In-fact a common criticism of socialism is that nobody will want to work because they will be taxed to death. However, why do capitalist countries have higher taxation than socialist countries, when it should be the other way round? For example home owners in the USA pay a hefty property tax, whereas home owners in China do not pay any property tax. This was also the same in the Eastern Bloc where property taxes were only introduced after the transition to capitalism. VAT and sales tax are other capitalist inventions that don't exist in China and did not exist in eastern Europe prior to the transition to capitalism. Most capitalist countries also have social security and national healthcare contributions in addition to the already high income taxes, something which was absent in the socialist Bloc. The more I look into it, the more I see it's the capitalist countries that tax their citizens to death, especially their poorest citizens which take the highest tax burden, since a lot of these taxes such as VAT, sales tax and even social security contributions are regressive.",13,capitalismvsocialism
1oc6s0w,1761032724.0,How do Capitalists feel about their man Milei?,"Simple question, has your opinion on Capitalism changed given Milei's handling of Argentina's economy? Poverty rates have increased, child poverty is even worse , hunger has increased etc.

Do you think Trump's proposed bailout is to stop people realising that Capitalism has failed, in particular, a capitalism that has looked to reduce and remove Government control and private it's services and assets?

Given how unpopular he and his ideology has become, when the people realised how unstable and one-sided an-cap is, how do you think an-cap can convince people that it's good for them?

This record doesn't include his corruption, nepotism and bitcoin scams of course, that's a separate matter which has little to do with Capitalism 😉 ",0,capitalismvsocialism
1oc2ncd,1761018045.0,Capitalism Is The Problem. Always Has Been.,"Capitalism is about the endless pursuit of profit, no matter the cost to people or the planet. It’s a system built on greed, where the rich get richer while the poor get poorer. The billionaires hoard wealth while workers struggle to survive paycheck to paycheck.

Trickle-down economics has never worked. The only thing that trickles down is exploitation. Wages stay stagnant while CEO bonuses skyrocket. Rent goes up, healthcare gets more expensive, and education becomes a luxury.

Meanwhile, we’re told to “work harder” in a rigged system that rewards the already powerful. They privatize the gains and socialize the losses. They call it “the free market,” but it’s only free for those at the top.

They say socialism doesn’t work, but look around. Capitalism is literally killing us through endless wars, climate destruction, and the commodification of everything from medicine to water. How many more crises do we need before we admit that the system is broken by design?

People over profits. Healthcare is a human right. Housing is a human right. Education is a human right. The future belongs to the many, not the few.
",133,capitalismvsocialism
1obyu1q,1761007126.0,“Talents are the ornaments of the rich and the wealth of the poor.”,"Under capitalism, talent operates as private capital a personal asset to be monetized. For the wealthy, talent is ornamental, enhancing status without economic risk. For the poor, talent is survival, the primary currency for upward mobility. Access to capital dictates whether talent is for self-expression or for escape.

Under socialism, talent is treated as collective wealth, not private property. It is developed and applied for the common good, not for individual profit or status. The system aims to remove the pressure to commodify one’s abilities for survival, enabling all to contribute their skills toward shared social progress such as an engineer designing renewable energy systems for the community, rather than for market gain.

Taking the quote and subsequent analysis at face value I have a few questions. 

1. If capitalism rewards talent through market success and socialism rewards it through social recognition, which system produces deeper motivation for innovation  and which produces more equitable outcomes?

2. Which system gives greater dignity to human ability, one that rewards talent with wealth, or one that removes the need to sell it?

3. How would a socialist system prevent the stagnation of talent that capitalism avoids through competition, while still avoiding the exploitation capitalism often produces?

",8,capitalismvsocialism
1obmu07,1760977224.0,I finally figured out the Right's ideology (I think),"### EDIT: 
&gt; I'm somehow surprised that seemingly nobody detected this post as satire. So, I'll explain it. 
&gt;  
&gt; This post was meant to poke fun at the many arguments I've seen depicting the ""left"" and socialism as a bundle of inconsistent ideas claimed by the same person(s), rather than a multiplicity of people holding conflicting ideas within the same spectrum. Considering I even linked to the Goomba fallacy, I'm bemused at how this went over everybody's head. Enjoy, I guess? 

So apparently the Right wants a strong state to protect tradition, punish degeneracy, and defend freedom (by which they mean freedom from the government..) which they also want to be strong enough to control everyone else.

And when you ask for clarification, they tell you that *you* just don't understand. They say the government should never interfere in the economy, but also we need tariffs, border walls, and state control of culture. But then ""actually, the free market will handle it."" Totally not confusing at all. Just one, very consistent, unified movement.

**[But don't worry, it's not like these are different people with different beliefs. Nope.](https://en.wiktionary.org/wiki/Goomba_fallacy)**

It's the same guy, shapeshifting mid-sentence like a Pokemon. First it's ""the government should stay out of our lives,"" then it's ""the government must protect our values,"" then it's ""the government doesn't exist, it's just local communities,"" then it's ""actually, we need a strong leader.""

And don't get me started with the countries they cite to speak of Right-leaning countries. Japan, the United states, 1940s Germany. I'm looking at it and I'm like... Yeah, I agree, they're all the same to me!

At this point, I'm starting to think even they don't know what they want. Or maybe the contradictions are the point. Either way, I'm done trying to decode it. From now on, I'll just think of any argument from the Right like doublethink. Every position is true, false, and contradictory all at once, depending on who's losing the debate. ",14,capitalismvsocialism
1oaww81,1760898006.0,"Socialists, how would a democratic system manage semiconductor fabrication and design?","Let’s imagine you actually get your wish: a socialist economy run by direct democracy, where people vote on production and distribution instead of using markets or corporate management.

Now take one specific case: semiconductors.
A single advanced chip depends on thousands of specialized suppliers across multiple countries. There are rare gases from Ukraine, photoresists from Japan, extreme-ultraviolet lithography machines from ASML in the Netherlands, and precision optics made in Germany. One delay anywhere can halt production.

Even in capitalism, coordinating that web of suppliers takes private contracts, prices, logistics software, and constant feedback among engineers and managers who make decentralized decisions every minute.

So here’s my question for socialists who believe in democratic control of production:
How would your system decide these things?

- Who designs each layer of the chip?
- Which foundries get priority access to limited equipment?
- How are process changes coordinated across hundreds of firms?
- Who takes responsibility when a delay at one step threatens to stall the rest of the chain?

In a world where each decision requires debate and consensus, how does a democratic system keep up with the speed, precision, and interdependence that semiconductor fabrication demands?

If your answer is “we’d just plan it,” please explain what that actually means, step by step.
",7,capitalismvsocialism
1oalkgd,1760867067.0,[Specifically for the anarcho-capitalist aligned] How do you think through the idea of Corporations gaining too much power/influence/control? How do you think monopolies or oligarchies would be prevented?,"Obviously anyone can add to this, and I encourage it, I want a greater perspective.
But how do anarcho-capitalists and Libertarians think about preventing monopolies and oligarchies in their theoretical world?

I see so many things about authoritarianism and hierarchical ideologies flourishing within capitalist economies (thinking of pinochet and the pioneers of neo-liberalism like Reagan, Thatcher and Howard). I tend to adopt a train of thought that sees Corporations taking advantage of their de-regulation and lack of law to enforce ideas like anti-unionism, to artifice job scarcity, to open up greater possibilities for the formation of monopolies and oligarchies.
Regardless of if ‘everything is voluntary, everything is consensual, everyone has a choice’ I tend to see that hierarchies and authoritative bodies/institutions are inevitable under such systems, I don’t see a system like anarcho-capitalism working the way it’s intended.

I do appreciate the ideas of such a system, I don’t disagree with the *ideas*, but I can’t see how they would work. I’m probably biased because I’m a leftist, so I really want to see what you all think of this, and to see if there really is a way for these ideologies to work in the interest of both the economy and the people.",4,capitalismvsocialism
1o9zraa,1760803630.0,How will non-establishment ideologies even come to fruition? How will it treat those who resist?,"The majority of nations nowadays use some form of social market economy with a parliamentary system or variety thereof.

How will Ancaps, socialists, Libertarians and others realistically implement their system of choice?
For example, things like “seizing the means of production” sounds vague. That could mean peaceful subversion or a violent revolution.

What will happen to those that resist change?",9,capitalismvsocialism
1o9y0ei,1760799465.0,Marx did not advance a cost-of-production theory of prices.,"On this sub and elsewhere, there seems to be a misunderstanding that Marx was advancing a cost-of-production theory of prices, where on average, the price of goods will tend towards their cost-of-production. I believe this misunderstanding largely comes from his talk of prices of production. Prices of production are a derivative of values, and they consist of the same elements: constant capital (c), variable capital (v), and surplus value (s). Surplus value is not a cost to the capitalist, it is the portion of labour time which is unpaid during the production process. The idea of a cost of production theory of prices is often ridiculed by neoclassical critics of Marx, and the irony is that they are the ones who actually do hold to a cost of production theory. To examine this further it would be wise to start with a more detailed account of what prices of production actually are.

According to Marx, commodities will not on average trade at their values (c+v+s), instead they will trade at their price of production (P), which consist of their cost-price (k) plus an average rate of profit (p'). (k) is made up of (c+v) and (p') is determined by (s/c+v) economy wide. The reason for this is that capital tends to flow out of less profitable sectors into one's that are more profitable, and competition among capitalists lowers the rate of profit in the sectors that are more profitable to the point that they become the sectors which capital now moves away from. This is what is meant by equalization of the rate of profit. This account of prices is strikingly similar to the neoclassical story in its outcome, but where they differ is in the framing.

The neoclassical framing of equilibrium prices suggests that in the long run, capital will achieve a normal profit, and this is akin to the average rate of profit in Marx. Another way that this is said, is that economic profit tends towards zero, but it is important to recognise the distinction between economic profit and accounting profit. Accounting profit is revenue minus explicit cost, while economic profit is revenue minus explicit and implicit cost, where implicit cost is taken to be the opportunity cost of the capitalist. This means that when economic profit tends towards zero, there may still be a positive accounting profit which is made up entirely of the capitalists opportunity cost. But of course, this is the irony that was mentioned in the beginning. Neoclassical proponents are quick to criticise Marx for having a cost-of-production theory of prices and insist that it is supply and demand which determine prices in the long run, however, not only is that not true of Marx, but prices actually do tend towards the cost of production on their proposed theory.

I apologise to those who have some degree of familiarity with both classical and neoclassical theory, as this may seem trivial, but this post was intended to address a common misconception I see in this sub and elsewhere about Marx having a cost-of-production theory of prices.",5,capitalismvsocialism
1o9uyol,1760791873.0,Marx's Theory Of Exploitation Independent Of Labor Theory Of Value?,"Ben Burgis explains on his podcast [here](https://www.youtube.com/watch?v=_O_tvjJLiWI). I suggest you look at from 1:07:03 to 1:23:19 to get an explanation of Marx's theory of exploitation. After repeating himself, which maybe is useful for beginners, he notes nothing about his last explanation includes the word 'value'.

Marx explains that laborers work for wages under the domination of the capitalists. Part of the day, they produce the consumer goods and services that they consume out of their wages. They need this consumption to show up for work tomorrow. This reproduction of the workers is a system-wide property. it includes the reproduction of the machinery they use up, the intermediate goods, they work up, the fuel for operating their machines, and so on.

The remainder of the day they produce the goods and services that are paid for out of interest, dividends, rent, and capital gains. This includes producer goods needed for accumulation. And it includes the reproduction of the machinery used up in this part of the day, the intermediate goods, the laborers work up, the fuel for operating their machines, and so on.

This division of the working day is valid in models where prices are not proportional to labor values.

If you are interested in learning what Marx has to say, Burgis provides an introduction to a key part of Marx's *Capital*.  
",9,capitalismvsocialism
1o9m05g,1760760185.0,are nordic counties are really socialist ....,"when we talk about true socialims, nordic countries are given as prime exampels of true socialist ones, like those ideal examples where the system works : equality....

Take for example Norway, their soverigh wealth fund is distributed among the entire popularion in a smart way...there is no huge difference between rich and poor.

But at the same time, it is a form of capitalism, liek they make money out of selling oil, they still need capitalistic system to extact profits. right?



And what about housing prices? It is expensive! Socialism u say?",3,capitalismvsocialism
1o9ex9r,1760739396.0,Neither,"I'm confused about this debate because capitalism didn't exist until 1980 America and actually was technically imagined up by Marxists critics.

But on paper we know both socialism and capitalism *factually* are bad for society, there needs to be a middle place something like Social market democracy.

This debate about capitalism is a big fat lie.. it only ever existed once and we are all seeing how shit that goes.",0,capitalismvsocialism
1o9b1ff,1760730002.0,"Stress, anxiety, burnout &amp; capitalism","This is a long video (I had to watch in 3 parts.) I thought the subject “burnout” was interesting as well as some of the historical thinking on it. 

TLDR: burn-out is a common modern phenomenon in capitalist societies. The video covers several ways people have historically understood work-stress. The video argues that burnout may be the result of a combination of lack of autonomy while also too much “flexibility” in work, society, and relationships.

https://youtu.be/_fV5JF5Hf68?si=B5AiRCG41mx7T7jo

Politically it’s from a progressive academic sort of perspective rather than a socialist one (so, socialists, no need to point that out to me.) Rather than a “flexible” vs “linear” society framework, I’d look at these questions with more of an economic alienation framework when looking at the connected social, cultural  alienation aspects of our lives. And yes the idea that “too much freedom” contributes to burnout sort of irks me on a knee-jerk gut level, at least when that argument is first brought up. (I think the lack of autonomy in work is a much more intuitive explanation.)

This would apply to work in the USSR as well in slightly different ways. Eastern Europeans and Russians were also “quiet quitting.” Again, for me it seems intuitive that when people are put in a position where they lack agency but also need to do that thing… they check out, it’s a paycheck, and that dependence on things you don’t have input into causes resentment and “burnout.”

Since the video claims capitalism is inherently tied up in burnout regardless of if capitalism is “good or bad” in other general ways, j doubt the pro-capitalists will agree with the video either. But you might find it interesting regardless. I’m curious what pro-capitalists think about burnout. I assume more basic conservatives just see it as a personal failing, but I wonder if there are more nuanced views from pro-capitalists.",3,capitalismvsocialism
1o9704k,1760720756.0,"Historians Are Wrong: Socialism Was Born in a Roman Orgy, Not by Robert Owen!","Esteemed comrades and capitalists of r/socialismvcapitalism, prepare to have your minds blown by a revelation that shatters the historical record! 
Forget Robert Owen and his 19th-century utopian dreams. Newly unearthed scrolls from the Roman Forum discovered beneath a suspiciously stained bathhouse mosaic prove socialism was invented in 50 BC by one Marcus Tullius Socialus, a senator with a penchant for communal debauchery.

In a fragment titled De Orgiis Communalis, Socialus boldly proclaimed: “Socialismus est nova via ad aequitatem civium—et calidis balneis!”

Translation: “Socialism is the new path to equality of citizens and steamy bathhouses!”

According to the scrolls, Socialus hosted legendary orgies at the Baths of Agrippa, where he preached “equitable distribution of pleasure” among patricians, plebeians, and the occasional bewildered gladiator. His radical manifesto? All togas must be shared, all wine must flow freely, and all… ahem… resources must be collectively enjoyed. This was no mere bacchanal.  It was a proto-socialist utopia, complete with communal olive oil and a strict “no hoarding the best grapes” policy.

But the Roman elite weren’t ready for such egalitarianism. The Senate, outraged by Socialus’ “excessive communal sharing” (and his insistence on inviting castrated goats - because why not?), accused him of crimen orgiarum socialistarum (crime of socialist orgies). 

The trial was a spectacle: Cicero himself denounced Socialus, shouting, “This man’s bathhouse collectivism threatens the res publica!” 

Meanwhile, a flustered Vestal Virgin testified that Socialus tried to “redistribute her sacred chastity.”  A crime of the death penalty, but luckily for Socialus she was known whore.

The Sentence? A crippling fine of one denarius and permanent banishment from patrician banquets. As Socialus was dragged from the Forum, he reportedly yelled, ****“You can’t privatize my orgy vibes!”**** 

His ideas, however, lived on, whispered in bathhouses and scrawled on latrine walls, seeding the roots of socialism.

So, next time someone claims this person or that person didn’t invent something in economics, remind them: Socialism itself was born in a Roman bathhouse orgy, and Marcus Tullius Socialus did it first.

Sources: Codex Balneum Socialus (probably fake, but who cares?), graffiti in Pompeii, and my uncle’s toga party.",0,capitalismvsocialism
1o8zn4m,1760703233.0,"Do You Know That Enrico Barone, Not Ludwig Von Mises, First Stated The Socialist Calculation Problem?","Some say central planning under socialism is necessarily ineffective. The central planners will find that they need to re-introduce capitalist phenomena, such as market prices for capitalist goods. And that they must let those managing production have a certain autonomy.

This is the argument of Enrico Barone, in his article [The Ministry of Production in the Collectivist State](https://www.jstor.org/stable/43828055). Barone originally published this article in Italian in 1908.

&gt;

&gt;""**25**. But it is frankly inconceivable that the economic determination of the technical coefficients can be made a priori, in such a way as to satisfy the condition of the minimum cost of production which is an essential condition for obtaining that maximum to which we have referred. The economic variability of the technical coefficients is certainly neglected by the collectivists; but that it is one of the most important sides of the question Pareto has already very clearly shown in one of his many ingenious contributions to the science.

&gt;The determination of the coefficients economically most advantageous can only be done in an experimental way: and not on a small scale, as could be done in a laboratory, but with experiments on a very large scale, because often the advantage of the variation has its origin precisely in a new and greater dimension of the undertaking. Experiments may be successful in the sense that they may lead to a lower cost combination of factors; or they may be unsuccessful, in which case that particular organization may not be copied and repeated and others will be preferred, which experimentally have given a better result.

&gt;The Ministry of Production could not do without these experiments for the determination of the economically most advantageous technical if it would realize the condition of the minimum cost of production which is essential for the attainment of the maximum collective welfare.

&gt;It is on this account that the equations of the equilibrium with the maximum collective welfare are not soluble a priori, on paper.

&gt;**26**. Some collectivist writers, bewailing the continual destruction of firms (those with higher costs) by free competition, think that the creation of enterprises to be destroyed later can be avoided and hope that with organized production it is possible to avoid the dissipation and destruction of wealth which such experiments involve, and which they believe to be the peculiar property of 'anarchist' production. Thereby these writers simply show that they have no clear idea of what production really is, and that they are not even disposed to probe a little deeper into the problem which will concern the Ministry which will be established for the purpose in the Collectivist State.

&gt;We repeat, that if the Ministry will not remain bound by the traditional technical coefficients, which would produce a destruction of wealth in another sense - in the sense that the greater wealth which could have been realized will not be realized - it has no other means of determining a priori the technical coefficients most advantageous economically, and must of necessity resort to experiments on a large scale in order to decide afterwards which are the most appropriate organizations, which it is advantageous to maintain in existence and to enlarge to obtain the collective maximum more easily, and which, on the other hand, it is best to discard as failures.

&gt;**27**. Conclusions. From what we have seen and demonstrated hitherto, it is obvious how fantastic those doctrines are which imagine that the production in the collectivist regime would be ordered in a manner substantially different from that of 'anarchist' production.

&gt;If the Ministry of Production proposes to obtain the collective maximum - which it obviously must, whatever law of distribution may be adopted - all the economic categories of the old regime must reappear, though maybe with other names: prices, salaries, interest, rent, profit, saving, etc..."" -- Enrico Barone

As far as I am concerned, Barone's statement of the problem is clearer than Von Mises' 1920 article.

An odd thing is that well-read economists of the Austrian school know about Barone. A translation into English is in Hayek's 1935 collection, *Collectivist Economic Planning*. Hayek's introduction and a chapter he wrote are reprinted in Hayek's 1938 book *Individualism and Economic Order*. I think many look to that book for Hayek's contributions to the economic calculation problem.

Barone was the first to state the economic calculation problem.",4,capitalismvsocialism
1o8qim4,1760671018.0,The Market Never Leaves: Why Capitalism’s Logic Survives Every “-ism”,"

*What if the real divide between capitalism, socialism, and communism isn’t about whether markets exist—but about where the market boundary is drawn, who’s allowed inside, and what counts as capital?*

We often talk about capitalism as if it’s a switch you can flip off. Abolish private ownership here, nationalize an industry there, and—presto—capitalism is gone. But history, anthropology, and even our daily digital lives point to a stubborn fact: whenever human beings coordinate at scale under scarcity, market-like dynamics reappear. The names on the doors change. The assets that confer power get renamed. The gatekeepers swap uniforms. Yet the underlying logic of exchange, accumulation, competition, and arbitrage endures.

This article lays out that claim in plain terms: capitalism, understood as a set of *rules of behavior under scarcity*, never disappears. What changes across capitalism, socialism, and communism is **the arena**, **the access rules**, and **the scoreboard**.



# First, Clear the Fog: What We’re Talking About

Before we can argue anything useful, a quick translation table:

* **Market logic**: People pursue goals under scarcity. They trade, bargain, and compare alternatives; they respond to signals about costs and benefits; they compete and cooperate. When those signals are priced in money, we notice. When they’re priced in time, favors, prestige, queue position, or permits, we call it “culture,” “politics,” or “administration”—but it’s still a ledger.
* **Capital**: Any durable asset that increases your future options. Sure, that includes money and machines. It also includes permits, insider information, reputation, elite credentials, API keys, compute quotas, attention, and even social obligation.
* **Design levers** (what societies really choose):
   1. **What counts as property** (land, data, emissions, spectrum, code, credentials).
   2. **Who gets to play** (free entry vs. licensing, exams, party cards, lineage, lotteries).
   3. **How prices are set** (markets, rationing, administrative targets, reputational scores).
   4. **Who captures rents** (shareholders, civil servants, guilds, platforms, public trusts).
   5. **How fast the feedback runs** (real-time markets vs. slower plans and norms).

Keep those levers in mind. They explain why capitalism’s *behavioral* rules keep humming even when institutions change costume.



# The Core Claim: The Game Endures, the Field Moves

# 1) Scarcity + Specialization ⇒ Exchange

No one can do everything. That’s not ideology; it’s physics and time. The moment we specialize, we must exchange. Even if you strip away money, exchange resurfaces through barter, rotating favors, ration coupons, or queue tokens. **A price is any signal that trades off “this” for “that.”** Money is just one dialect.

# 2) Competition Finds a New Scoreboard

Outlaw private firms? Competition migrates. Ministries compete for inputs and plan targets. Party cadres compete for promotion. If profits are banned, people chase **soft budgets, discretion, and perks**. Change the game’s venue and the players will still keep score.

# 3) Capital Rebrands, Doesn’t Vanish

Ban capitalists, and “capital” becomes what the system now makes scarce and enduring:

* In a state-socialist context, **allocation rights, housing permits, and political rank** behave as capital.
* In communes and monasteries, **trust, labor slots, and tool access** are capital.
* In open-source, **maintainer status, CI access, and attention** are capital. Accumulate the scarce, durable thing; your opportunity set expands. That’s capital, operationally.

# 4) Prices Hide in Plain Sight

Where money-prices are suppressed, **shadow prices** appear. People pay in hours waited, forms filed, favors owed, or risk absorbed. Black markets, gray markets, and administrative bargaining convert those shadow prices back into tradable terms.

# 5) Arbitrage Is Inevitable

Where official rules diverge from actual scarcity, intermediaries arise. Sometimes they’re called brokers or entrepreneurs; sometimes they’re labeled “fixers,” “cadre secretaries,” “platform moderators,” or “quota allocators.” Ban this broker and you elevate another with a new title.



# Walk Through the “-isms”: What Actually Changes

# Capitalism (as commonly practiced)

* **Arena**: Broad—most goods and services, plus labor and capital markets.
* **Access rules**: Entry typically open but constrained by capital, credit scores, licenses, and network effects.
* **Scoreboard**: Money profits and losses, plus reputational capital.
* **Rent capture**: Shareholders, founders, landlords, platforms.
* **Failure mode**: Concentrated power, externalities, and gatekeeping masquerading as “free entry.”

# Social Democracy (capitalism with high-friction guardrails)

* **Arena**: Still broad, but some domains partially de-commodified (healthcare, education, minimum housing standards).
* **Access rules**: Universal services and safety nets widen real access to markets.
* **Scoreboard**: Profits matter, but so do compliance regimes, public standards, and collective bargaining.
* **Rent capture**: More contested—antitrust, labor power, public options.
* **Failure mode**: Bureaucratic drag and regulatory capture; still a market, just with thicker refereeing.

# State Socialism (formal markets curtailed, planning elevated)

* **Arena**: Many sectors de-commodified on paper; planning allocates key inputs.
* **Access rules**: Party membership, rank, and administrative rights become primary gatekeepers.
* **Scoreboard**: Plan fulfillment metrics, political rank, perks, and soft budgets.
* **Rent capture**: Officials, middle managers, and insiders with allocation discretion.
* **Failure mode**: Information bottlenecks, shadow markets, and “informal privatization” of access.

# Communes / Monasteries / Co-ops (small-scale alternatives)

* **Arena**: Money minimized internally; norms and councils allocate.
* **Access rules**: Membership criteria; reputational ledgers; rotating duties.
* **Scoreboard**: Status, trust, skill scarcity, tool access, and time.
* **Rent capture**: Often bounded by norms—yet informal hierarchies and “glue work” power persist.
* **Failure mode**: Scale limits; as diversity and complexity grow, implicit prices creep back in.

# Digital Commons (open-source, platforms, creator economies)

* **Arena**: Code and content are “free,” but **attention, maintainer keys, and infrastructure** are scarce.
* **Access rules**: Meritocratic rhetoric, but in practice: time wealth, social ties, and gatekeeping by maintainers and platforms.
* **Scoreboard**: Stars, forks, merge authority, subscriber counts, ad revenue, API quotas.
* **Failure mode**: Volunteer burnout, platform capture, and attention monopolies.

Across all these forms, **the game continues**. What’s changing is the **boundary of the market**, the **terms of access**, and **which assets function as capital**.



# “But Wait”—Common Objections

# “Communism abolishes private property; markets are gone.”

It abolishes *some* private property (e.g., factories) and **elevates other property forms** (administrative rights, rank, permits, distribution control). Property is redefined, not erased. Scarcity doesn’t vanish; it relocates.

# “Gift economies prove non-market logic.”

Gifts reduce the salience of money, not of valuation. They create **obligation ledgers** and reputational accounting. These are slower, social prices—no less real in guiding who gets what, when, and how.

# “Planning replaces prices with science.”

Plans still need **information about tradeoffs**. When plans miss, **informal bargaining and black markets** fill the gaps. The signals surface—less visibly, more expensively, often more unfairly.

# “Small intentional communities escape capitalism entirely.”

Small scale and tight norms can suppress visible market signals. As **scale and heterogeneity** increase, coordination demands grow; prices (in some form) reappear to handle complexity.



# The Invisible Ownership of Gateways

In 20th-century capitalism, factories and land were the iconic capital. In the 21st, **gateways** are the new factories:

* **APIs and app stores** (who can publish, at what fees, subject to what rules).
* **Data and identity** (who can access, port, and recombine data).
* **Zoning and licensing** (who may build, drive, heal, teach, broadcast).
* **Cloud quotas and compute** (who gets GPU hours; who sets rate limits).
* **Standards and protocols** (who defines “open,” who enforces compliance).

Control the gateway and you control the market, even if you own no traditional “capital.” This is why arguments about “ending capitalism” rarely touch the real levers of power: **access design, not asset labeling**.



# If the Game Persists, Design It Well

If we accept that capitalism’s behavioral logic persists, fatalism doesn’t follow. **Design follows from diagnosis.** The right question isn’t “market or no market,” but **which market, with what boundaries and referees?**

# 1) Decide the Boundary, Not Just the Budget

Which domains should be de-commodified (e.g., basic healthcare, clean water, minimal shelter, primary education)? Where markets serve us (consumer goods, luxury services), let them run—with **strong externality pricing**.

# 2) Regulate Gateways Like Public Utilities

If APIs, app stores, identity providers, and core data sets are the new roads and ports, then **fair access, portability, and transparent rules** matter as much as rail rights-of-way once did.

# 3) Expand Access to Capital—Broadly Defined

Capital isn’t just money; it’s **skills, data, compute, credit, and credentials**. That means:

* Portable identities and data rights,
* Open standards and interoperability,
* Educational access and credible alternative credentials,
* Fair credit markets and public options for core infrastructure (broadband, cloud credits, research compute).

# 4) Keep Power Bounded and Contestable

Market power and administrative power both calcify. Countervailing forces—**antitrust, labor power, consumer protection, transparency, and time-limited privileges**—help keep the game contestable.

# 5) Pick the Right Speed for Feedback

Markets deliver fast signals; plans and norms are slower but can pursue non-monetary goals. Use **hybrid architectures**: markets inside guardrails, with **public benchmarks and audit trails** to keep both sides honest.



# Concrete Snapshots: Same Game, New Jersey

* **Wartime rationing** replaces price with coupons; black markets instantly translate coupons and scarcity back into shadow prices.
* **Enterprise planning** sets quotas; managers bargain off-books for inputs, creating a gray market in influence and favors.
* **Housing in hot cities**: restrict supply through zoning, and the “price” shows up as crushing commute times, bidding wars, or insider lotteries for units—different currencies, same scarcity.
* **Open-source projects**: money is absent at the point of use, but maintainers control merge rights (capital), and contributors compete for reputation (scoreboard). Sponsorships and support contracts monetize the edge.



# The Practical Payoff

Once you see that the market never leaves, three things happen:

1. **You stop mistaking labels for outcomes.** Painting “public” on a sign doesn’t guarantee fairness; declaring something a “market” doesn’t guarantee efficiency. Ask about **access, incentives, and feedback**.
2. **You aim policy at real power.** Don’t only tax profits—**open gateways**. Don’t only subsidize demand—**increase supply** where bottlenecks live (housing, energy, compute, visas).
3. **You measure what matters.** Track not just GDP or plan fulfillment but **switching costs, interoperability, queue lengths, blacklist rates, and error appeals**—the hidden prices people actually pay.



# One-Line Summary (Expanded)

You can rename the players, repaint the field, and rewrite the scoreboard—but as long as scarcity and specialization persist, the **capitalist mechanics** of exchange, accumulation, and arbitrage will keep playing. Wise societies don’t pretend the game ends; they **choose the field, the refs, the rules of entry, and how to share the trophy money**.

That’s not cynicism—it’s design space. If the market never leaves, **make it fair, legible, and open enough that everyone can walk onto the field**.",0,capitalismvsocialism
1o8ojy5,1760665346.0,"The Real Problem Is Just Bad Power, Obviously","Everything in history, when you really think about it, comes down to power. In feudalism, power came from land. In capitalism, power comes from money. In socialism, it comes from committees and slogans about not having power at all, which somehow makes it even more powerful.

But here’s the trick: power itself isn’t bad. It’s *bad power* that’s bad. If we could just have *good power*, nice, friendly, well-behaved power, everything would finally work as intended. The systems aren’t broken, it’s just that the people using them keep refusing to stop being human.

Imagine it: benevolent billionaires sharing their wealth, incorruptible party officials distributing resources perfectly, kings taking annual turns being peasants for fairness. The problem was never hierarchy or incentives or information, it was that everyone kept abusing power instead of using it responsibly, the way we all would if we were in charge.

Once we fix human nature and convince seven billion people to act without greed, envy, or self-interest, every system will function flawlessly. Until then, we’ll keep reminding everyone that the problem isn’t any structure or rule, it’s simply that people keep being people.",5,capitalismvsocialism
1o8izx9,1760650472.0,Improve on socialist/communist failures but completely abandon capitalism on its flaws,"A topic that I noticed is that when the problematic areas of capitalism are discussed (e.g. shrinking middle class or asset bubble), socialists and communists tend to immediately want to abolish capitalism and exchange it with socialist systems.

However when asked about the many failures in socialism and communism that had almost no positives and a lot of extreme negatives its about a young system that needs to grow and where one just has to learn and make it better.

Capitalism in its own should be heavily improved but it is by far the superior system if we go by practical experience.",21,capitalismvsocialism
1o8fcwb,1760642032.0,"""if you support government democracy, why won't u support workplace democracy"" is a naive claim","By this werid logic that when the leftists say ""let's abolish the state"" or ""let the state be obsolete and vanish after there's no class conflict"" they mean/want to abolish workplace.... Which is a childish argument 





So it goes like this:




Democracize the government=Democracize 
work place




Abolish the state=Abolish Workplace 





Also the whole premise is wrong, since property when it is on its private form of existence it is naturally belong to the private aka the person as property is legally (under capitalism) voulintary not to the communal, unlike the government which is naturally the complete opposite of the private.",6,capitalismvsocialism
1o8cl8x,1760635907.0,"Another 20 billions to the country - pinnacle of Capitalism, libertarian dream, the long anticipated right way to do market economy.","Libertarians, with Argentina's economy continuing to
fall apart, how will you cope?

A) Deny it's happening  

B) Say it's happening, but say it's because of the previous government somehow  

C) Say it's happening, but because Argentina isn't libertarian enough  

D) Admit you were wrong  ",35,capitalismvsocialism
1o87i18,1760624567.0,The Humble Egg (Or How Monopoly is Not a Real Thing and Leftists Are Constantly Lying),"For the last three years, I had to listen to leftists SCREECH about how cOrPoratE grEeD and eViL moNopOlIeS are the cause of rising prices. Nowhere was this more salient than in the case of eggs. Eggs went from about $1/dozen to more than $8/dozen. 

Despite our (people who have studied economics) insistence that this is a simple issue of supply and demand, and that supply had been cut by avian flu, the leftists concocted an entire manufactured narrative about monopoly power and excess greed. Leftist NGOs and parasitic Antitrust lawyers drafted endless analyses “proving” that market consolidation was the reason for high egg prices. As an example, [from the non-profit Farm Action:](https://farmaction.us/farm-action-investigation-into-rising-egg-prices-results-in-federal-antitrust-probe/)

&gt;”We applaud the Department of Justice’s action to address the skyrocketing price of eggs. Every American has felt the financial pain caused by the power of the **monopolistic egg industry.** While avian flu is real, it is no excuse for the price being charged at the grocery store for one of the country’s staples. **While Farm Action’s analysis demonstrates likely antitrust abuses by the dominant egg-producing corporations**, the DOJ has the legal authority to take the deep dive into the industry that is required to get to the bottom of this abuse, and they have the power to bring justice on behalf of the American people.”

Wow, so much monopoly! They must be telling the truth! 

Meanwhile, with no legislation or antitrust action having been taken, [egg prices are in absolute freefall.](https://tradingeconomics.com/commodity/eggs-us) Egg prices are now almost back at the pre-pandemic $1/dozen. 

So wha happened here? Did the monopolies voluntarily break themselves up? Did they decide it was time to be less greedy? Or is the most likely story that leftists are confused, monopoly is not real, markets are competitive, and supply and demand determine prices? 

I’ll let the reader decide for their self. 

TLDR: [monopoly is not a real thing and leftists have been unable to come up with a single example to demonstrate the ills of monopoly power under free markets.](https://old.reddit.com/r/CapitalismVSocialism/comments/1iekddi/all_the_myth_of_monopoly/)",0,capitalismvsocialism
1o86vuz,1760623113.0,How are socialists like Trump supporters?,"A lot of people are drawing parallels to what happened wkth the Socialist party in Germany and the rise of Hitler (Trump is socialist, but something unprecedented is happening where the followers believe they're capitalists, and that they're somehow against socialism).

But reading this made me realize the parallels of socialist Russia and how socialists will defend a system (or a socialist leader) no matter how bad it gets, they'll just chalk it up to ""capitalist propagnada"" and ""traitors"". This dedication to socialism/socialist leaders is exactly what we are seeing with Trump supporters, just read this harrowing article from a socialist about soviet Russia: [History Says Most Trump Supporters Will Never Turn On Him. No Matter What.](https://open.substack.com/pub/cmarmitage/p/history-says-most-trump-supporters?utm_source=share).

Obviously, there are 2 different types of socialists. The good ones who won't support a leader/system when it gets bad - and those who will (same for the two types of Trumpers).

I think these are the two things that scare me the most about socialists/Trumpers:

1. Most socialists/Trumpers DO seem to have blind support/belief no matter what (just as it's shown in the article). 

2. And most socialists/Trumpers don't believe what they support is ""the bad kind"" of socialism... or in the case of Trumpers, that it's even socialism at all - which is what every socialist I've ever encountered also believes - except Trumpers say ""what's happening now isn't socialism"" and modern socialists say ""what happened back then wasn't socialism"").

Hoping to hear back from both sides what you genuinely think about the comparison to how Socialists supported Stalin and how Trumpers support Trump.",0,capitalismvsocialism
1o82yii,1760611953.0,"Are hedge funds the new house flippers, but for entire companies?","We all know the story of people flipping houses for profit. Buying cheap, doing some cosmetic “improvements”, and selling high. But what happens when this same logic applies to entire companies? That’s essentially what many hedge funds do. Except instead of paint and drywall, they’re cutting jobs, reshaping industries, and squeezing every drop of value they can, all in the name of “efficiency” and shareholder return.

Hedge funds were originally meant to manage risk and find market inefficiencies. In practice, many have evolved into massive profit-machines that treat businesses not as communities of people but as numbers on a spreadsheet. They enter, strip, optimize, and exit fast. It’s capitalism on steroids.

Here’s why that’s a problem worth talking about:

**-** Corporate flipping destroys real value.  
Healthy companies get bought, restructured, and sold like used cars. Workers are laid off, research budgets cut, and long-term investments scrapped. All so quarterly profits look great before the next sale. The business might survive on paper, but its soul (and people) often don’t.

\- Profit has no finish line anymore.  
Even companies making billions are told it’s not enough. The pressure to constantly “beat expectations” pushes executives to automate, outsource, or downsize. Anything to keep stock prices rising. It’s a treadmill where workers always run faster, yet never get ahead.

\- Speculation replaces contribution.  
Most hedge funds don’t create products, build infrastructure, or solve real problems. They speculate on movements of currencies, interest rates, and stock prices without producing anything tangible for society. It’s like betting on the weather and calling it an achievement.

\- They amplify systemic risk.  
We’ve seen how their speculative strategies can ripple through entire economies. When highly leveraged funds collapse, the damage spreads. Banks, pensions, and ordinary savers get caught in the crossfire. The 2008 crisis wasn’t caused by hedge funds alone, but many played a starring role.

\- There’s an ethical vacuum.  
Inside these firms, success means profit. Whether jobs vanish, towns decay, or industries hollow out doesn’t matter as long as the line goes up. The people inside are smart and hardworking, no doubt, but are they actually contributing to anything meaningful?

To be fair, not every hedge fund is a villain. Some provide liquidity, hedge legitimate risks, or fund innovation. But when their main purpose becomes squeezing existing value rather than creating new one, we should ask: what’s the societal return on that investment?

So maybe the question isn’t “are hedge funds evil,” but “do they still serve any purpose that benefits anyone outside their own walls?”

What do you think?

* Do hedge funds actually create anything of value, or just rearrange wealth?
* Should there be moral limits to profit-seeking in finance?
* Would society be better off if hedge funds were regulated like utilities or banned altogether?

LATER EDIT: I confused hedge funds with private equity firms. But my point still stands. ",2,capitalismvsocialism
1o81vp2,1760608056.0,How would property rights work under Anarcho-Capitalism,"How do you propose we work out private property under Anarchism? Once the states are dissolved all over the world, what happens next?

Who determines who gets any piece of land under this model? Who determines who gets to own natural resources like deposits of iron, oil, copper, cobalt, etc? Who determines who gets to own seashores and vast forests of the former national parks?",2,capitalismvsocialism
1o7xr5p,1760591952.0,What is your approach to modern parenting?,"This OP is addressed to the minority of socialists that are parents. 

The few friends I have that remained ideologically socialist after college are not parents. 

And, unsurprisingly, no adults among my professional, social, or familial relations advocate for socialism. 

So, I’m hoping the socialist parents here  (scarce as they are) might offer some insight into the values, skills, and societal concepts they impart to the children in their lives. 

I suspect there is substantial overlap between socialists and r/antinatalism based on the doomeristic sentiment I see from socialists here. 
***
Some more specific questions I have for the socialist parents follow. 

Do you:

* Teach your children they are likely to be wage slaves? 

* Teach your children to defer to and participate in democratic consensus?  Do you hold household votes? About what? 

* Teach your children how to manage personal finances? Or how to budget, save, and invest capital? 

* Teach your children about the means of production? And ownership? 

* Teach your children that capitalism is exploitative? 

* Teach your children that the wealthy members of society are evil or bad?  Or about social classes? 
***
In general, what socialist ideals, concepts, and strategies do you think it’s important to teach children for them to thrive in or to effectually change a capitalist world?  ",4,capitalismvsocialism
1o7x4xp,1760589806.0,Economics Presupposes Ethics,"What ethical framework do you subscribe to and why? I'm a pro-capitalist utilitarian. It seems to me that in most if not all cases, economists operate under consequentalism. I am curious why this isn't always the case and why we should bake in normative prescriptions into descriptive economics.",3,capitalismvsocialism
1o7vp0l,1760585100.0,I have a criticism of Socialism that I want input on,"How exactly can we envision socialism as being protective of the environment?

First off, I am a socialist, and I feel like a major point of a lot of leftist movements is an emphasis on climate change, environmental and energy sustainability, and other ecological goals. However, socialism as an idea is related more to economic democracy and socialised ownership of productive property (just to keep it shorter, I have only mentioned those), and I am not sure that this would necessarily guarantee ecological sustainability or environmental wellbeing.

For example, with an extension of democracy into the economy and the workplace, it would be up to the workers and participants to decide how productive property and the economy works, meaning it would be absolutely open to such people whether the environment and eco-system is a priority or not? And if we the people democratically decided on increasing productivity and productive output at sacrifice to the environment, what would stop us? To attempt to ‘stop’ it would be anti-democratic and thus anti-socialist if this case were realised?
I guess I am trying to face the fact that not everyone cares about the environment, and I don’t know the extent to which people do care, and I want to know what other socialists think about it.

Do other socialists recognise this as a cornerstone of their ideology? Is ecological wellbeing a core idea of socialist thought? Do you think a person can be Socialist if they don’t believe in ecological wellbeing?

P.S I would have posted this in a socialist subreddit, however I find the 2 major socialist subreddits recognise Marxist-Leninist ideas as being inherently superior to all else, such ideas that I disagree with and would also pose an inherent bias in all answers to my questions. So this question is open to any capitalists who have an opinion or perspective they would like to share, but these questions are aimed at socialists.",10,capitalismvsocialism
1o7rkn2,1760573211.0,Is Market Socialism considered Capitalism?,"A few things I'd like to discuss 

1) is Market Socialism considered Capitalism / semantics of each mode of production

2) Is Market Socialism empirically failing? I wrote a paper on substack with a lot of the studies I stumbled upon, wondering if anyone has a response to these, especially global scaling issues, studies on capping CEO pay and high time preferences. [https://substack.com/@hampsters/note/p-175887154?utm\_source=notes-share-action&amp;r=5a4v6d](https://substack.com/@hampsters/note/p-175887154?utm_source=notes-share-action&amp;r=5a4v6d)

3) Successful examples of a worker cooperative? Success is a bit vague so perhaps the best example of worker cooperatives. 

  
Would appreciate feedback on my paper as well as papers counter to my contra-worker co op beliefs.",4,capitalismvsocialism
1o7n1bv,1760561943.0,Climate tipping point and overcoming international obstacles,"A new report by 160 scientists at 87 different institutions in 23 countries have said that warm-water coral reef like the Australian Great Barrier Reef, have past the point of no return, with the majority now set to decline.

This is considered one of the climate tipping points and an indication that the rate of climate change is progressing into dangerous and unprecedented territory.

I mainly want to hear from the Capitalists who believe in climate change, but all are welcome. In an an-cap world, how would we resolve this international, societal and ecological crisis? Would it be possible to trade our way somehow out of this issue? Would there be owners of the reeds and if so who can they sue for the damages?",3,capitalismvsocialism
1o7ipwn,1760552227.0,Realisation problem of capitalism,"Take all wages of employees and add them together. Take all prices of commodities and add them together. The worth of the wages is lower than the worth of the commodities. The missing buying power of the employees is the profit that goes to the capitalists. That means all employees together can't buy everything they produce. How do capitalists account for that? There's always demand that is not met under capitalism, which leads sooner or later to an economic crisis. Businesses are not able to sell everything they produce, it's build in into the system. It gets even worse because employers always want to pay low wages.
",0,capitalismvsocialism
1o7fjac,1760545179.0,What is your opinion of Feudalism?,"Often in debates here on this sub I encounter a sentiment from pro-capitalist side that Feudalism was actually okay. Sure it was not as efficient as Capitalism at producing wealth, but private property is sacred and all that, so the feudal lords deserve to own the land, after all, they received it from the legitimate authority to give people land - the king, either as a reward for loyalty or in exchange for money. Or the barons and counts bough land from previous barons and counts, so it is too, a legitimate type of ownership.   
And because feudal lords own the lands as their legitimate property (they either bought it from the government or from previous owners), they must be allowed to extract whatever rent they want from their tenants, the peasants and the craftspeople. 

If you, as a capitalist, disagree with this view o feudalism, that's okay. I don't say that you do.  
But I am wondering what is the difference between capitalist property and feudal land ownership, in this case. Why do you think private ownership over productive assets (lands, mineral mines, oil deposits, factories, etc.) is legitimate under capitalism but isn't legitimate under feudalism?",8,capitalismvsocialism
1p7euqa,1764180442.0,How do you reject Capitalism in your own life?,"There's a great deal of talk about the harms of Capitalism, but I want to know who is walking the walk and not just talking the talk.  How do you reject Capitalism in your own life?  I imagine this would also include surveillance Capitalism.  

Here's what I (34 M) do (and I am open to advice):

1. I have NO social media accounts (besides Reddit begrudgingly)

2. I reject digital services that are ""free"", that rely heavily on data collection for profit and I implement privacy tools when using the internet.  I have a paid email provider (Proton), and don't use Google at all.  

3. I use a flip phone instead of a smartphone 

4. I eat a whole food vegan diet to combat the wastefulness of the animal agriculture industry and to stay as healthy as possible to avoid needing the use to pharmaceuticals

5. I do not use streaming services; ownership is better

6. The library is my go-to place

7. I work for a nonprofit 

8. I use credit unions instead of regular banks

9. I buy used clothing, furniture (antiques!), and anything else that does not have to be new

10.  I am a minimalist and spend money on only what I need, preferring to save as much of my income as possible and spend it on experiences rather than things
things

11. I make gifts instead of buying them

12. I fix broken things or repurpose them

13. I shop local when I can

14. I have a roommate to help pay rent instead of falling in the rental trap of Capitalism (though co-ops would be better)",22,socialism
1p73677,1764148212.0,ACP (not rage bait),"Okay,

So I’ve had some past affiliation with DSA and PSL in 2016-2018. Since then, I have not been affiliated with any socialist orgs because of personal reasons. I recently started diving more into recent socialist talk and orgs, their pros and cons.

Why does everyone hate ACP (I literally don’t know much), and what socialist orgs do you think are actually “communist” or sincerely for an anticapitalist/anti-state society? ",0,socialism
1p6ei25,1764082536.0,Silly restrictions on speech in this sub,"Can we please drop some of the 2019 ""peak woke"" era language policing on this sub? There are some words that will get a post removed for ""abelist language"" that would only offend the most precious of Breadtube-loving anarcho liberals.

I've been very irritated at the PMC progressive culture on the left lately. I think we exclude the majority of the working class when we go whole hog on language policing. Granted, we shouldn't be slinging N bombs, but putting the words ""in"" and ""sane"" together should not get a post removed. 

We need to pull our heads out of our butts and get serious about forging socialism by and for the working class, not browbeating people about ""immune compromised comrades"" and ""inclusive language."" As far as I'm concerned that is all culture war nonsense pushed by the major parties to divide working people on racial and cultural lines so we can't challenge their friends and benefactors in the capitalist class. You might feel good about yourself when you wear a surgical mask to the grocery store 5 years after the pandemic, you might feel very enlightened when you tell your boomer dad that all his favorite words are fascist, but to the rest of the world you look, for lack of a better (permitted) term, ""nanners"".",0,socialism
1p60ccz,1764036535.0,Michael Parenti on Dengist China (source below),"Source: [https://espressostalinist.com/2011/04/20/michael-parenti-on-chinese-capitalism/https://espressostalinist.com/2011/04/20/michael-parenti-on-chinese-capitalism/](https://espressostalinist.com/2011/04/20/michael-parenti-on-chinese-capitalism/https://espressostalinist.com/2011/04/20/michael-parenti-on-chinese-capitalism/)

He exposes Chinese capitalism much further in the excerpt",23,socialism
1p5zy0h,1764035414.0,"The Geopolitics of Green Colonialism: Global Justice and Ecosocial Transitions - Solidarity, Sustainability, Survival.","“The Geopolitics of Green Colonialism” dives into a critical, thought-provoking issue: how today’s global push for environmental sustainability, instead of reversing colonial and capitalist injustices, often intensifies them. Edited by [Miriam Lang](https://www.plutobooks.com/author/miriam-lang/), [Mary Ann Manahan](https://www.plutobooks.com/author/mary-ann-manahan/), and [Breno Bringel,](https://www.plutobooks.com/author/breno-bringel/) the book asserts that the current “green transition” is too often built upon exploitation, shifting the weight of climate solutions onto the shoulders of poorer, resource-rich nations. Through the contributions of activists, scholars, and researchers, the book sheds light on how the transition to “green” energy and sustainability initiatives can sustain or even deepen the power imbalances between wealthy and poorer nations—especially those in the Global South.",1,socialism
1p5rhq6,1764014579.0,Keep the flame alive! Don't allow Zohrans actions to drown!,"I am not American, so I here mainly speak to the American socialists out there.

Great social media presence and the reporting about Mamdani spread the word so far, that even here in Germany, I have heard many people speak about the election that are not that interested in politics in general. Never before have I seen a US mayoral election grab and hold the attention of so many people for so long.

Now I am asking you to keep the flame alive. Don't let the people forget Zohran, now that the election is won! Spread every positive change he achieves and make New York the stage in America (and possibly even beyond) for what a city under a socialist can achieve for their people. Now his first reforms won't be revolutionary, for sure. For that, the black heart of capitalism is still pumping too strong in New York. But nonetheless, they will pave the first stepping stones for a reform in the US and the country's politics.

Make the people of your country see, what can be achieved in New York at every step and make them realise the propaganda they have been fed about socialism!",0,socialism
1p5pmzr,1764010476.0,"Hi, Social Democrat Here! Looking for some Socialist opinions.","**For Context**

I am a leftist social democrat. I am anti-capitalist but I am not totally convinced by socialism. I do think it is superior to capitalism though. I was born in a royal muslim family in India, my grandparents were Gandhian socialists freedom fighters for India. Today all of our family is full of social democrats.

I believe in a leftist Social Democracy, A real social democracy. Not this fake labour stuff. With Universal Healthcare, Education and 60-80% of the population living in some sort of public housing. 40%-50% of the populace working in the public sector or cooperatives. 100% of the energy grid being powered by renewables. Less protectionism in trade. 30-40 hour work week. Progressive and marginal wealth tax starting at 1% and going upto 10% or even 20% per annum.

Global cooperation to slow down military spending with a global average spending of less than 1% of a country’s gdp. Global cooperation on space research, reducing the number of nukes, disease control. Ban on all guns and Hunting.

Government completely separate from religion. Places of worship under state control like in early turkey. I even support partial bans on public display of religion.

Rights for LGBTQ, Women, Animals and other marginalised groups.
Iron clad protections for tenants and strict labor laws.


**My Questions:**

1) I’m comfortable with profit, but I want workers to get a fair slice. I prefer prefer mandatory profit-sharing laws like minimum 20% profit sharing. I am not convinced profit is stolen money. What do you think? The profit generated = exploitation? or not?

2) I don’t like idea of absolute equality. I want people to be able to buy mansions and sick cars if they earn them. Do you see a version of socialism that allows reasonably large income differences while preventing exploitation?

3) I believe in the saying “Billionaires and Starving Children should not exist in the same world.”
I think billionaires are fine as long as poverty is virtually eliminated. I don’t believe in capping someone’s success. But we should absolutely restrict billionaires from influencing politics and I have been talking to a ton of socdems about how to restrict their influence. But yeah, What do you think about this?

P.S. I am pretty new to theory. Please don’t shower me with jargon and “go read theory,” I am just looking for human opinions.",44,socialism
1p5mnng,1764003987.0,Turkey is one of the countries where capitalism has killed the most innocent people,"I am a Turk, comrades. You’ve probably seen the recent protests on the news. Our people are extremely uneasy. On top of that, during the earthquakes we experienced on February 6, 2023, we were utterly disgraced both nationally and internationally. In our country, the State Planning Organization was founded in the 1960s, but the central government used it as a tool to reconcile with the wealthy local elites in Marxist terms, the petty bourgeoisie rather than confronting them. As a result, buildings were constructed in places where no buildings should ever have been built. Where strong buildings were needed, extremely poor-quality ones were built. Even hospitals were erected not according to the seismic reality of the region, but according to rent-seeking interests. Thousands of workers came to these areas. Hundreds of petty bourgeois shopkeepers prospered. But because the central government didn’t care about anything, we lost 50,000 of our people in the earthquake according to official numbers, and enormous material destruction occurred. The number of infant, child, and women’s bodies pulled from the rubble is unknown. History should record Turkey for having one of the most immoral forms of capitalism. This is the true face of capitalism. Those at the center became rich and lived in their palaces, while those at the bottom died.",163,socialism
1p5lquk,1764002049.0,Marx's Capital Simulator,"https://preview.redd.it/9gxhag98f83g1.png?width=2521&amp;format=png&amp;auto=webp&amp;s=607beae126b8dbbbb673a963b5f243b86e5e1cc1

I'm glad to present you my capitalism simulator which is available here : [ https://simcapital.alwaysdata.net/ ](https://simcapital.alwaysdata.net/) (it's free)

(works on windows, linux, macOs ... but not on iOS, sorry)

I made it as a side project to understand Capital (the 3 books) and to do some videos on tiktok to try to explain things my way.

Be aware : the app does not take you by the hand (yet ... : i'm working on a more progressive version which unfolds the theory chapter per chapter or so), but it gives you a microcosm which you can modify, and which stands entirely on Marx's LTV and Capital.

As you know, capitalism is a tangled mess , so when you modify something there, it can have an impact elsewhere. So you better know about the relative surplus value mecanism, the absolute one, the means of subsistence basket ... but also about simple stuffs as the fact your employees can only buy their subsistance with the wages they receive from their capitalist ! (the rest will appear as over production and will be thrown to the bin)

In the diagram every numbers and titles are clickable and give a description, so it can help some, as a map, to situate the concepts from the book (this helped me a lot to understand the theory while I was reading).

You can currently create as many factories you want in 3 sectors : raw material (business to business, that's an energy drink for employees), bananas (the employees's subsistance) and diamonds (the capitalists' subsistance) and see how competition works between factories in the same sector (of course, the ones with the lowest prices will sell the highest quantity of commodities)

To test book 3's infamous ""transformation problem"" (on which i'm still studying if it's a real problem or not) you can create a system with different organic capital sectors by making the banana and diamond factories buy raw materials and have different amounts of employees.

My setup to track down the ""transformation problem"" is this one :

* Raw material sector : 1 factory with 400 employees
* Banana sector : 1 factory with 300 employees
* Diamond sector : 1 factory with 100 employees

And then I make both the banana and the diamond sectors buy raw materials so that each sectors has the same value for their production : around 24K. By default, the prices are equal to the values but you can change it afterward of course (that's ... the transformation).

Not sure about the wording i chose, but I named ""Theoretical rate of profit"" Marx's rate of profit = survalue / ( value of labor force + value of constant capital) and ""Realized rate of profit"" = net profit / (price of wages and price of constant capital)

Afterward, it's your deed to lower the price there and raise the price there, to equalize the profit rate ... and check if the equalizations equalize.

Important notice : Be careful about the fact that buying raw materials raises the productivity in the factories. So when you add them in the banana sector, the employees will create more bananas for a lower unit value and lower unit price. If their wage is left untouched, they will be able to buy more than usual. this has an impact on the means of subsistence basket and the value of labor force !

So when you change the productivity by adding raw materials (the energy drink) or by changing the division of work, in a sector producing subsistance commodities, you'll need to pass at least 5 turns so that the employees'means of subsistence basket is updated on a higher number of bananas per person and so that the value of their labor force and Marx's theoretical Rate of profit adapt themselves to this change.

If you chose to lower the wages, then the banana sector will over-produce, and you don't want that to test the transformation problem (you need to reach a simple reproduction where there is absolutly NO overproduction of any sort)

That's one of the most tricky things to understand(and it's completely part of Marx's theory) If you get this one, the rest should be self explanatory (or I guess!)

You also need to watch out that employees are not paid too much (if there's not enough bananas to buy). There's a metric for that, in their consumption, so that you can lower their wages if it happens.

I still need to add a sector for fixed constant capital (tools, machines) and add some other islands to test import/export and factories offshoring (things I understood Marx could not explore very deeply)

I have actually a long list of improvements on the way \^\^'

You are welcome to give me your feedbacks, comments, bug spots, and all !

(i already posted this on marxism subreddit, i'll try to cross post this one one both socialist and communistvsocialist subs.)

By the way, there's no real reset system currently so you need to refresh the screen if you want to restart!",46,socialism
1p5lq3c,1764002002.0,Sweden is not socialist or progressive. I live there.,"It's a capitalist economy. It has had a right wing majority in Parliament since 2006. Ex-nazi Sweden Democrats are the supporting base of the current govt. We've had massive privatization, budget cuts and tax breaks for the wealthy since 90s. Even during Social Democrats. It's been ranked as one of the most unequal societies in the world. Private for profit companies are paid tax money to run schools, local health care and elderly care - for profit!

Society has become cold and un-solidaristic, especially against immigrants but also against disabled and unemployed. Sweden joined Nato recently and spends heavily on the military, and what's worse is that it pretty much has no serious opposition ever since the major Left Party (Vansterpartiet) abandoned the anti-militarist cause, along with many other ideological causes. Left Party has decided to focus on job creation and cost of living, largely abandoning environmental and anti-imperialist causes. Many pro palestinian activists have been expelled from the Left Party, including the Sumud Flotilla participant Lorena Delgado Varas. This has caused several new left organizations to form and they all hope they'll be able to form a joint electoral list in the election next year autumn 2026.

Perhaps still better than the USA but it's going very fast in the wrong direction. Next govt will be a coalition between Social Democrats and the pretty much neo-liberal Center Party or a right wing govt even heavier dependent on Sweden Democrats, worst case even run by them. ",666,socialism
1p57z25,1763959468.0,"Convo I had with Chinese comrade about ""Dengism"" vs ""Maoism""","Since the initial TikTok ban I got Red Note and took an interest in Chinese culture. I've made a bunch of Chinese online ""friends"", most of them just want to practice their English with me. I've been interested in their political system for a few years now as you can tell by my name and love talking politics with Chinese people. Here's a convo I had with my friend Mingzhe a few months ago, it inspired my post in r/TrueAnon about Maoism [here](https://www.reddit.com/r/TrueAnon/comments/1oz66qu/on_the_fanatical_factionalist_failures_of_maoism/). i've decided to post the convo here to give some insights into why a lot of Chinese people support Deng and his reforms. note that of course not all Chinese people feel this way, just thought I'd share this perspective. You can see an opposing perspective here [https://www.reddit.com/r/Marxism/comments/1jh8tk9/is\_china\_still\_a\_socialist\_country\_today\_from\_the/](https://www.reddit.com/r/Marxism/comments/1jh8tk9/is_china_still_a_socialist_country_today_from_the/) I've made significant edits to to what Mingzhe is saying to make it easier to read because his English isn't that good but I haven't changed the actual political point he is making.

Me: (referencing previous conversation) wow that's awesome. I had a question for you - in the West many communists I meet no longer consider China to be lead by Marxists after Mao died and Deng became paramount leader. There's a big debate here about whether Deng was a capitalist roader or not. What do you think about this?

Mingzhe: Well that ""debate"" started in China because Mao and the gang of 4 also called Deng a capitalist roader. Hardline Maoists that take this position are a minority here. There is a growing faction of ""New Left"" here, but their position is that Deng was overall a good figure but he made many mistakes and went too far in certain instances.

Me: Why are hardline Maoists not very popular in China?

Mingzhe: It all goes back to the cultural revolution and the red guard. The Maoists support the cultural revolution, many think it didn't go far enough actually. The problem is that this is ignorant and insensitive to the feelings of most Chinese people. Most Chinese love Mao myself included. He freed our country from warlords and the Anglos, without Mao we would still be struggling in the dark. So many of his theories are incorporated into the CPC to this day and are taught in school. But the problem with ""Maoism"" is that they refuse to separate Mao's mistakes from his successes and treat the entire thing as a success. Most Chinese people have bad memories of the cultural revolution because it was a chaotic and tumultuous time. Many communists who had proven themselves in battle and struggle were unfairly painted as capitalists and a lot of people were harmed during this time.

Me: Is it true that there were a bunch of different factions of the red guard that were all accusing each other of not being communist enough?

Mingzhe: Something like that. This is kind of the central problem with ""Maoism"" and why it has failed every time. You know, there are a bunch of other insurgencies and wars where a party is carrying the banner of Maoism. They have all failed, and I think Maoists refuse to recognize this. There is no real reckoning of why they fail. They just say the protracted people's war is a long fight and we must preservere. But they always failed. And it failed here too. When Mao died the cultural revolution ended and Deng imprisoned the Gang of 4. When we think of Deng, we think of growth and prosperity. It is unequal growth and prosperity to be sure, there was still extreme poverty in the village my family was from until only a few years ago. But most Chinese people have prospered since Deng took power, so that is what we think of when we think of Deng. When we think of Mao and the cultural revolution we think of chaos and stagnation. And that is what the Maoists always do. When you look at every Maoist movement there is always a ""split."" The Maoists in the Philippines have fractured like seven or eight times. And it's always a minor theoretical disagreement where they accuse each other of not being the correct kind of communist.

Me: Why does this happen, like why do Maoists always end up splitting and accusing each other being capitalist roaders?

Mingzhe: Because Maoism is a childish ideology. Its ethos (my edit here &lt;--) is basically capitalism is so insidious and all around us you have to constantly be on the look out for it. By itself this isn't a bad thing, and Deng himself purged liberals in the CPC early on in revolutionary China. But they emphasize it so much that ""revisionism"" becomes the main threat. And when you take this position, it creates an environment where people are afraid to offer constructive feedback and adopt policies to suit the material conditions. If you say we need to create a base of support among the progressive bourgeoisie you are labeled  revisionist and are purged.

Me: Well, it is true that Deng de-emphasized class struggle. isn't that a pretty big deviation from Marxism?

Mingzhe: Deng never said class struggle was not the primary driver of history. Rather he said that the contradiction that was most problematic for China wasn't wealth inequality or the existence of the bourgeoisie but rather how poor we were. So Deng changed the focus from eliminating the bourgeoisie to creating as much economic growth as possible. The long term plan is to return to a more conventional style of state-planned socialism, but this is a very long road and will only happen when Chinese development is on par with the West.

Me: The Maoists would say Deng never intended for China to return to ""conventional"" socialism.

Mingzhe: Who cares what these childish kids think? Deng himself never said that. This is the Maoist paranoia that I am talking about. Deng was in the Long March with Mao, he risked his life to fight for communism. He was purged multiple times, he could've defected to the US but he did not, he always fought for the CPC. And even if Deng intended that, so what? The CPC is a big party and Deng's been dead for awhile. There are factions in the party just like any other party and increasingly the idea of going to more conventional socialism is gaining more popularity. You are already seeing this with Xi's reforms and him extended party control into the private sector. This is just the beginning. Maoists are like Trotskyists. Their criticism sounds nice but they cannot deliver results. How long have the Trotskyists existed, and yet there is still no ""Trotskyist"" revolution. Quite frankly, I want results. I do not care if Chinese socialism does not proceed exactly how some Marxists want it to, I care that it improves our lives. So you can do what Deng did and industrialize your country and bring it world class infrastructure and public transportation or you can be a Maoist and bleed out in the jungle after your comrade shot you for being a revisionist. When Maoists are able to actually win a revolution and create a sustained period of rule I will take them more seriously. Until then, the only thing they can point to as a victory is the cultural revolution but even this wasn't a victory as it was reversed and most Chinese don't view it as a good thing. don't listen to what these people say.",62,socialism
1p57hjz,1763957936.0,Why Democratic Socialism Makes Sense Through a Darwinian Lens,"I have acquainted myself with the prevailing arguments concerning Socialism and Capitalism, and find my sympathies drawn more readily toward the former. In particular, the tenets of Democratic Socialism commend themselves to me; for although the American press often portrays it as a mere disguise for communism, its actual intention is to negotiate a thoughtful equilibrium between the more salutary features of both systems. Yet I cannot endorse the total abolition of Capitalism, for its constructive elements—innovation spurred by individual enterprise, the incentives that foster technical progress, and the decentralized initiatives that have so often advanced human welfare—are not to be lightly dismissed.

At the same time, I find persuasive the analogy drawn from Darwin’s own observations: that survival in nature depends not solely upon competition, but also upon forms of cooperation and symbiosis that permit species to flourish together. In this respect, Democratic Socialism appears less an artificial imposition than a political reflection of patterns long evident in the natural world. If unrestrained competition can diminish the collective vitality of an ecosystem, so too can an unregulated market concentrate wealth, erode public welfare, and subordinate the common good to private advantage. Conversely, an entirely collectivized order may blunt the individual ingenuity that drives genuine progress.

Democratic Socialism, as I understand it, endeavors to reconcile these forces. It seeks to temper the excesses of the market without extinguishing its creative energies, and to ensure that the gains produced by human enterprise are distributed in a manner that sustains the whole social organism. In this moderated form, it aspires to reflect the same balance of competition and cooperation upon which enduring systems—biological and civic alike—ultimately depend.",0,socialism
1p56zpm,1763956417.0,Why do some socialists view North Korea's military first policy as a bad thing?,"One of the biggest criticisms leftists in the West make against North Korea is their ""military first"" policy as outlined in Juche. Basically the position of the WPK is that strengthening the military is the top priority, outweighing things like improving quality of life for its citizens.

North Korea isn't a great place to be and this priority isn't conducive to a good quality of life. But I find in many socialist discussions in the anglosphere a tendency towards naive idealism. North Korea is the most sanctioned country on Earth. North Koreans aren't allowed to travel to other countries not because North Korea stops anyone from leaving but because of sanctions backed by the US that punish countries for normalizing relations with North Korea. The US threatens sanctions on any country that trades or work with DPRK. As a result they're cut off from the vast majority of the global economy. 

Japan, the US, and South Korea have also committed themselves to overthrowing the Kim regime. In 2019 American Navy Seals killed North Korean fishermen in a botched raid to plant a surveillance device. 

Given all this, what exactly is North Korea's alternative? Regardless of whether you think the leaders of North Korea are committed to building socialism, a country that is not able to protect itself from invasions, external sabotage and capitalist-backed regime change isn't going to be able to do anything that benefits the people. America is not willing to let the Korean war go. Even if Kim Jong Un was possessed by the ghost of Deng Xiaoping and offered to open up the country to foreign investment and implemented their version of Socialism with Chinese Characteristics, America would not change its position. This is why China and Russia account for the overwhelming majority of their trade.

There are other criticisms to be made of DPRK including whether or not they can be considered a Marxist-Leninist state. But in terms of their military first policy, I think they were backed into a corner. North Korea could have redirected resources away from the military towards feeding people once the USSR, their biggest provider of aid, collapsed. But there are no ""free lunches"" and doing so would weaken them militarily. ",0,socialism
1p52i1q,1763943533.0,Best leftist fiction?,"Clearly a big part of the mass brainwashing of the west is the messaging in most fictional media. Whether it’s superhero movies, cop shows, political thrillers—many of most people’s favorite stories have a distinct America First, work-your-way-to-freedom, capitalist propaganda vibe. 

With that in mind, what are your favorite pieces of fictional media that contain *actual* revolutionary themes? Could be a novel, TV show, movie, whatever. I’m particularly interested in stuff that might make your more open-minded libs sit and think for a bit. But also, I just want something good to watch or read that doesn’t subtly piss me off in its messaging. A lot of my old favorite books and movies don’t hold water when I examine them critically these days, and that’s a shame because fiction is one of my favorite things in the world, and I feel like I’m losing a lot of the stories I loved. Any suggestions for new favorites? ",108,socialism
1p45yfx,1763850090.0,ECONOMIC COERCION; THE TROJAN HORSE OF IMPERIALISM.,"It seems like the two most deceptive and diabolical variants of economic coercion are extraction and fiscal obligations.

I can't help but imagine this scenario that even mildly defines the nature of the referenced economic coercion; a country with millions struggling to buy groceries suddenly decided that the taxpayers' money be utilized for rebuilding the presidential residence or a million-dollar statue of a long-gone political figure. It’s where taxes act like fines, and these fines assume the shape of actual bribery citizens are forced to pay for keeping their fundamental rights as promised—enveloped in the colored papers of nationalism. Even worse, they decide to spend a billion dollars for the recovery of another falling capitalist regime while keeping their own citizens with an empty stomach. It’s called fiscal obligations, with the concentrated flavor of identity politics. Some of the citizens revolted against this grotesque reprimand by not paying property taxes. Their lands will be confiscated. Some did spend their working hours protesting against actions that pushed millions into destitute or even precarious states staring right in the eyes of induced famine. They will be fired, and altogether the HR teams radically reduce hiring, forcing the existing labor force to work more without an adequate raise (but the introduction of an inadequate raise may temporarily give a schadenfreude effect on remaining workers, who might misinterpret it as good, while slowly introducing increasing targets over a period of months or years.), while actively increasing the number of jobless individuals, which further forces people to work for menial wages. This is called extraction.

I have faced both these forms of coercion in real life. I was once hired at a factory where workers were mass-fired as punishment for protesting (I was young, poor, and too naive to comprehend the complexity of the situation, and I didn’t realize this during the hiring process.) Some had entire families depending on that single income. During the pandemic, millions were spent on renovating religious monuments with taxpayers’ money while we were jobless and struggling to survive. Each penny paid as commodity tax, specifically written over each product as ‘inclusive of all taxes,’ slapped us hard like a whip.

If you’ve experienced this in any form, share your story. Let’s not suffer in silence.",10,socialism
1p3ugtf,1763821435.0,"The misunderstanding of (not only socialism or capitalism) ""building a better society""","This may not seem like much info in a single post, but it is a ton more info than most give in long rants. No building or structure in the world was built from the top down (unless it is underground). Re-evaluate how you think socialism should be built in the US. Why is everyone so concerned with rebuilding society from the top down?",0,socialism
1p3smgl,1763816319.0,Does your party meet these criteria?,"&gt;In particular, we seek joint action and cooperation with communist parties and communist forces that meet the following criteria:

&gt;a) They defend Marxism-Leninism and proletarian internationalism, as well as the need to form an international communist pole.

&gt;b) They fight opportunism, reformism, reject center-left management, any type of bourgeois management, participation in or support for bourgeois governments and any variation of the stage strategy.

&gt;c) They defend the legality of the socialist revolution. Based on this, they evaluate the course of socialist construction, seek to investigate and extract lessons from its problems and errors, reject positions on “market socialism” or the denial of the legality of socialist construction due to national peculiarities.

&gt;d) They condemn the imperialist war, highlight the responsibilities of the bourgeois classes on both sides. They have an ideological front against erroneous perceptions of imperialism, especially those that dissociate its military aggression from its economic content, and against any imperialist alliance. They do not take sides in the imperialist conflict.

&gt;e) They develop ties with the working class, seek to act in the trade union movement, in the movements of the popular sectors of the middle classes, seek to integrate the daily struggle for the rights of workers and the people into a modern revolutionary strategy for workers' power.

&gt;f) They do not separate the fight against war and fascism from the fight against capitalism, which gives rise to war and fascism. They reject the false “anti-fascism” and the various “anti-fascist fronts” that take advantage of bourgeois and opportunist forces to entangle them in their plans.",6,socialism
1p3b7bx,1763761183.0,Is being a social worker a good job?,"I am about to start college and wanted to become a social worker (because police are evil) but recently, I have started to question if I would still be part of the capitalist cycle. Any suggestions on jobs in the US where I could make real change and help the disadvantaged?",6,socialism
1p39ybs,1763758215.0,Holidays in a red state.,"Me and my rad left siblings hearing the defense of capitalism because of “innovation” and we don’t want to be “Venezuela “ during thanks giving dinner.  

",39,socialism
1p2jkrb,1763683537.0,"""AI"" is just a fancy phrase for fully automated CAPITALISM","""AI"" is just the deification of capitalism, which is the ORIGINAL ""AI"", ie, a cybernetic synonym for economic Brownian motion, an algorithmically driven mechanism for divorcing production and distribution from democratic input, and substituting dollars for votes. The capitalists now believe they can use ""artificial intelligence"" to finally free themselves from ANY threat of interference by the meddlesome organic form of intelligence residing in the brains of the 99% of humanity who have no ownership of the means of the production. And they can also blame any adverse effects from their Frankenstein experiments on the alleged insubordination of ""the machines"" supposedly acting out of line.",0,socialism
1p2aqbb,1763663085.0,TRANSITION OF INDUCED FAMINES INTO INDUCED PRECARIOUSNESS; A CONTEMPLATION INTO NECROPOLITICS,"STRUCTURAL VIOLENCE:

Existing tools like religion and ethnicity radicalize to construct a system (can be political, social, or economic) that will unleash gruesome violence towards minorities. This escalation of violence, sustained for decades with capitalist funding, eventually pierces through the extreme limits of human tolerance. When a similar response arose from the minorities, this will become the ultimate justification of the annihilation, plunder, and evisceration of minorities. This is an ecstatic release of frustration for the ethnic or ideological majority belonging to the middle and lower spectrum of the economy. They were once treated like worthless and feeble beings for decades by their own capitalist masters, now biting the bone of perceived worth and power of the imperial dagger which is ideological or ethnic cleansing. Thus this tool can be termed the 'emotional release tool.' The capitalist objective is directing those suffocated and disgruntled under capitalism to a scapegoat, perceived worth, and power over the weak. And the narration reverberates like the toll of a death knell: 'the ultimate war of good and evil.' This is what ICE agents do in the USA. IDF did successfully in Palestine.

This is my original pencil drawing, my interpretation of a portrait of Achille Mbembe. Feel free to use this artwork in content that discusses social justice, anti-colonial thought, or critiques of inequality.

",1,socialism
1p28rae,1763658611.0,Discussion about workers rights in China,"There is a lot of political pressure in India to increase the working hours. Currently many states have already implemented the 12 hrs per day, and make the 40 hr work week to 72hr work week. Already most Indians are extremely under paid and over worked. The state of worker rights is abysmal in India. 

India has majority of its work force working in Service based companies. There are very few manufacturing jobs, and there very few people working in Product based companies. Most companies and most people work in providing IT services and IT solutions. These service based companies charge hourly rates, if they make you work for 12hrs instead of 8, they hire 2 people instead of 3, pay the salary of 2 people and get the rest as profit. There are a lot of CEOs pushing for this. There are no worker unions, apart from one state. And only one state, through its IT workers union was able to resist the increase in working hours, every other state has already passed laws to increase work hrs. 

Recently a CEO made a statement, talking about the 996, 9am-9pm, 6 days a week, working culture in China, and how India should do the same. 

So my question regarding the actual condition of workers in China, legimate sources, the benefits they get and rights they have. Also most Indians think there is extreme worker rights violations in China. It seems laughable to me, as how was worker party led china have more worker rights violations than Capitalist parties led India. ",8,socialism
1p1oz56,1763598866.0,Anyone Ever Feel Lost Trying to Explain Your Ideology?,"Like, as I become more open within my friends about my ideas, I only find more and more of them genuinely start hating me before I can explain anything. Like I literally heard the argument ""Under Communism one person can take control!""

1. This happens a lot under Capitalism

2. Even when it doesn't, it's always one class made up of relatively few elite compared to the general populace

3. Brother, Communism is literally stateless

I couldn't even debate him more than that because he just walked away from me and told me to get out of the country (I'm American, if you couldn't tell.)

And even whenever people do listen, I still feel lost trying to explain, as Marxism relies on concepts that, to the average Capitalism boot-licker, are completely alien. And I can't just recommend theory because everyone is so anti-intellectual or just doesn't have the time.

I always feel politically isolated because almost none of my friends are Leftist, so there's never anyone else on my side. I got one friend who's a Democratic Socialist but he still believes in the classic anti-communism arguments. Is there anyone who has any good tips for productive debate beyond just debunking ""Communism no food""?

Also I'm not entirely sure if this is the right sub for this so if there's a better one please lmk in the comments",28,socialism
1p11dnq,1763538044.0,Trump is not America’s Hitler…,"The real American Hitler is lurking in the shadows of the next Great Depression awaiting for the Weimar-esque liberal failures to address it. He will come as a republican cloaked in Medicare for all and righteous anger on behalf of the working class. This demon will have a way with speaking false common sense and will have influence even with Liberals who hate that they agree with him. He may even call himself a socialist but not a communist. But worst of all and most vile, when he calls himself a socialist the people will believe him for they were only taught socialism is when they get nice things. A nationalist socialist and a nation of hopeless hopefuls.

Plausible scenario:
I suspect that a democrat controlled op will win in 2028 and because there is no current threat of a socialist revolution like under the first Great Depression that capitalists will be less willing to grant concessions. The 2028-2032 election may be interpreted as a failure if the president is not aggressive enough… im looking at you AOC. That’s the fertile ground for American Hitler.

Final thoughts:
All these fucking years wasted on a dead end party just to waste the upcoming revolutionary moment on a possible socdem reset that will at most buy capitalism another 20 years. All because of the false democratic hope that the bourgeoisie would somehow find it in their pumps to peacefully surrender you their capital without a counter revolutionary war. When I say we need a vanguard party I’m talking the fate of humanity we need a fucking vanguard party.",290,socialism
1p0xkfd,1763525079.0,2025 New York Marxist School: Training Bolsheviks in the Capital of Capitalism - Revolutionary Communists of America,"""The New York Marxist School, held November 8–9, built on the success of preceding events in Los Angeles on October 11–12 and Chicago on October 25–26. In total, nearly 700 communists attended an RCA Marxist School this fall.
Present in NYC were contingents from New York; Philadelphia; Boston; Atlanta; Washington, DC; Baltimore; Pittsburgh; Dallas-Fort Worth; Chicago; Los Angeles; Cleveland; the Bay Area; Seattle; New Orleans; Albany; Denver; Portland, ME; Providence, RI; Richmond, VA; Blacksburg, VA; New Jersey; North Carolina; South Carolina; West Virginia; and Connecticut. They were joined by international delegations from Britain, Greece, Canada, and Puerto Rico... 

There’s never been a better time to be a communist in America. Zohran Mamdani won a number of districts that voted for Trump a year ago, confirming the Marxist perspective that the working class hasn’t shifted to the right in any fundamental sense. Rather, workers are turning against all establishment parties and politicians.""

",21,socialism
1p0rk3b,1763508492.0,US Empire is a smol bean just a little guy,"""America bad"" socialists indoctrinated me to think US ""Empire"" is the big baddie. But, if you see here, he's just a smol bean, a little guy. /s

  
[link](https://www.visualcapitalist.com/the-worlds-biggest-empires-of-history-on-one-epic-visual-timeline/)",131,socialism
1p0eu57,1763479620.0,Are veterans important to the movement?,"Hello everyone, let me start off by saying this isn't meant to start heated debate, but a real discussion. I am in no way here to justify the actions of veterans, especially war vets. However, I do feel like we could show more charity to vets who are remorseful. I know a lot of them who were 18 and thought they were doing a good thing due to propaganda and now regret what they've done. I also know some who were radicalized in the opposite direction and literally think brown people are their enemy. I think the former type should be accepted but we should always tread carefully. I feel like on the left we alienate veterans who truly feel remorse and could be assets to our cause. I have a personal relationship with this because I used to be a cop. (I didn't even last a year) But I thought I was doing a good thing. Looking back, I pretty much harassed mentally ill people and protected businesses, and I truly regret what I did and spend my days now trying to do what I can to alleviate the pain of the less fortunate. 

Also, on a more practical note, if armed struggle does break out which it probably will (capitalists never give up power quietly) won't we need veterans and former law enforcement? I don't think a bunch of Marxists who argued online and read theory all day will be much use in an armed conflict.

I kind of ranted, but my point is, what do you guys think of showing more charity to former vets or cops who are truly remorseful? And would they play an important role in the late stages of our movement?",25,socialism
1p0cjpi,1763474097.0,What?????,"When will they understand that rich people do not become rich due to ""hard work""? 

Not only that, this also shows that capitalism is an inhumane ideology too, as they think that poor people are just lazy and they chose to be poor. ",1674,socialism
1ozr2m2,1763410653.0,THE ONE WHO DUG HIS OWN GRAVE,"About presidential pardons, Trump once said: “It is good for the president but not good for the people around him.”

I feel the same way about ICE agents and that part of the MAGA base that belongs to the lower economic strata.

They believe it is a matter of race, that whatever the government takes from minorities will somehow be spared for the majority. But they forget they have not even regained what capitalism already took from them.

They forget the Third Estate of the French Revolution was not Black people or minorities. They forget György Dózsa was not a Black man. He was a Christian missionary. They forget the Irish were not Black or coloured. None of these people were non-believers either. Most of them were white Christians.

They think the Tsarist regime oppressed the Russian working class because they were Black or Brown. But once capitalism finishes with minorities, it comes for the poor, and that means you.

They will spend millions on luxury cars while your children suffocate without medical care. They will sniff narcotics in their rituals of debauchery while you struggle to feed your family. They will spend billions on human trafficking while your kid wears the same clothes to school every day.

It is easy to forget that during the 2008 financial crisis, thousands of so-called hard-working white Christians lost their jobs. No one cried for them. No one knows their names. The Wall Street oligarchs got away with billion-dollar bailouts.

And I cannot help imagining one of those billionaires on his private island, cracking a joke to his friends:
“Ya know, pal,our office motto was, ‘No one becomes a billionaire by working 9 to 5.’
Most workers thought I was talking about overtime.”

That is when you will realize, like the soldiers in that movie, you were digging your own hole. You will not be rewarded for working hard. You will be pushed into the grave you dug. Once you finish digging for your masters, they will cover the hole with you inside it.",3,socialism
1ozo3dd,1763404103.0,an anti capitalist Poster i made in bangla,"In Bangla it says ""My soil, my Mother(land), will not belong to capitalist""",124,socialism
1ozda5p,1763376919.0,What do you think about Assad Regime?,"In my opinion, tho they called themselves as ""arab socialists"" They were not, they were far from socialism, first, they didn't believe in class struggle and then, look at how Syria worked under them, Top positions were held by Assad family, and the elite consisted of Alawites, and under bashar, the economy became crony capitalist in which the entire economy was controlled by Rami Makhlouf. 

But still, in my opinion, Syria would have looked way better if Assads stayed in power, as right now, literal al Qaeda member is in power in Syria. ",0,socialism
1oy6jtv,1763250246.0,"Do you think that ""AI revolution"" would abolish capitalism?","Curious about opinions of people on this sub.  
  
Btw by AI revolution I mean AI working for us, not AI taking over this world lmao.",0,socialism
1oxvnug,1763223348.0,Me when someone brings up a problem so painfully obviously caused by capitalism but if I say anything about it I'll seem like Im a schizophrenic conspiracy theorist,So then I have to tiptoe about it if I want to give honest commentary... ,212,socialism
1oxnke6,1763199342.0,"Thomas Sankara was the embodiment of Revolution,you literally can't hate him","In Burkina Faso then upper Volta women were quite frankly treated as property,Many families treated marriage as an economic transaction(dowry). Women were sometimes viewed as a form of family asset rather than autonomous persons with their own aspirations in life.
Girls were frequently married off in arranged or forced marriages, often at very young ages, and had little to say over partners or timing.Women had very limited rights. Customary law ruled daily life, and women were often treated as dependents of men—fathers, husbands, or male relatives.Female literacy rates were extremely low. Most girls did not attend school because:most families prioritized male childrens and patriarchal family values were deeply embedded in Burkina Faso's pre revolution society(so heartbreaking)


Thomas Sankara was the perfect example of what an African leader is supposed to be,selfless, courageous, inspiring and autonomous something that might never be seen again in most African states

But when the revolution occured in Burkina Faso,
He rejected luxury and excess, even as president.
he promoted women to high gorvement positions,he fought arranged marriages and rejected foreign aid that came with strings attached (mostly from France as Sankara disliked the French's control over the CFA franc and the French influence in west Africa,it is widely believed by historians that France did not directly assassinate Sankara but they facilitated his murder and it's also believed that France monitored Sankara with intelligence tracking ,Paris had closer ties to Compaoré than to Sankara and something that also makes me angry is how  Côte d’Ivoire (under Félix Houphouët-Boigny) also facilitated the murder by Hosting anti-Sankara networks,Strongly opposing his radical socialist policies, and
Supporting Compaoré.

It's so sad because this man genuinely wanted to better his people's lives and develop his nation but greedy and imperialist western nations like France viewed it as a ""threat"" to it's influence in the west African region,like wtf? all for wanting to uplift his people from the firm grip of poverty? because Burkina Faso before Thomas Sankara was in the top 5 poorest Nations on earth and the imperialists saw it as a ""threat"" to it's ""influence"" neo colonialism,neo liberalism, capitalism has poisoned the third world.",794,socialism
1ox9tgf,1763157366.0,A LIE REPEATED A THOUSAND TIMES BECOMES THE TRUTH. JOSEPH GOEBBELS (commonly attributed to him although never confirmed in his writings),"

The greatest weapon of capitalism is gaslighting, and the majority of academics who have the leisure for contemplation and higher education are bourgeois, inclined to whitewash the filthy walls of the oligarchs. And now, with AI and their near-total dominance over media, they are constructing diabolic hives inside human consciousness. They have developed massive AI language systems to reinforce religion and capitalism.",36,socialism
1owtfop,1763117810.0,How would owning a business under socialism work?,"I was having a discussion with my younger cousin, which is a pro capitalist, since her mother is right leaning centrists and her father is a far right supporter.

While we were talking, and I was able to explain how the goal of capitalist is profit by any means, which leads to exploitation, monopolies, etc, she asked me something that I couldn't answer: ""If I wanted to open my own clothing store, I wouldn't be able to do it under communism""

So, since I haven't read theory for that long, I want to ask you, how would a business work under socialism and communism, like a coffee shop, a clothing store, or a bookstore?",78,socialism
1owp99s,1763102067.0,Was the USSR a state capitalism??,"I'm a bit confused here because socialism is when the workers control the means of production, and this hasn't been the mean form of production in the USSR.

Now state capitalism is when the state intervenes to allocate the economic surplus into different parts of it's economy and this is what they exactly had in the USSR, however the USSR didn't have a capitalist class nor was the economy market based.

So what does make it??? Is it a hybrid between state capitalism and socialism or what,??",12,socialism
1owkq7s,1763087870.0,Unpaid Domestic Care Labour: Free Market Capitalism Loves a Handout,"Free-market capitalism can’t function without colossal subsidies from unpaid domestic care work.



cf. The Value of Care and Nurture Provided by Unpaid Household Work



We hear a lot about the superior virtues of the market economy; capitalists pull themselves up by their bootstraps, so the rest of us should too. “Money makes the world go round,” they say. And here’s me thinking it was workers who made everything.



Like most things about the market economy and its social and class hierarchies, its claims to rugged individualism are self-serving fairy tales. This is as obvious as in the domestic sphere as anywhere.



While market-driven wisdom holds the domestic sphere and the world of work to be separate and distinct, nothing could be further from the truth.



A great fact about the world we live in, one that hides in plain sight, is that capitalist class hierarchies could not survive without colossal amounts of unpaid domestic care labour (i.e. parenting).



Unpaid domestic care labour is value-creating work that puts dividends in the pockets of shareholders. This is what happens when value-added human capital (our children) leave home and enter the world of wage slavery labour.



In other words, the market economy can work because parents (predominantly women) perform unpaid domestic care work in the home raising children to adulthood and (nominal) independence.



As the Australian government’s own statistics reveal, unpaid domestic care labour is critical to the capitalist economy. According to ‘The Value of Care and Nurture Provided by Unpaid Household Work,’ the economic value of unpaid domestic care labour outranks any industry we currently consider value-producing work:



It is clear from these data on labour inputs that the three largest industries in the economy are not in the market sector but are in the everyday household activities of (1) preparing meals, (2) cleaning and laundry and (3) shopping. Each of these activities absorbs about 70 mhw of labour time; the three largest market industries require rather less labour: wholesale and retail trade 55 mhw, community services (health and education) 47 mhw and manufacturing 42 [mhw.Family](http://mhw.Family) Matters No. 37, 1994, via 



[https://aifs.gov.au/research/family-matters/no-37/value-care-and-nurture-provided-unpaid-household-work](https://aifs.gov.au/research/family-matters/no-37/value-care-and-nurture-provided-unpaid-household-work)



The upshot of this fact is clear: if exploiters of wage labour had to pay the market equivalent (e.g. a nanny) for the work unpaid domestic care workers now perform for free, they would not be able to hoard profits or sit on mountains of gold like gold dragons from a J.R. Tolkien novel.



Countries like Australia with some remaining vestage of welfare state liberal capitalism do offer a parenting payment. This is not, however, even halfway consistent with the value that domestic care labour injects into the economy, ie as the single greatest contributor to GDP last time anyone checked. It could even be argued that parenting payments are a further subsidy to the free market (freedom for owners of capital).



As the Panama Papers helped to reveal some time ago, the international corporate aristocracy hoards an estimated USD$21-32 trillion dollars in offshore bank accounts.



This is all surplus extracted from wage labour paid less in wages than the value it produces. It is all surplus extracted from domestic care labour that isn’t paid at all—despite being the most productive sector of the economy last time anyone checked!



As Silvia Federici points out in Revolution at Point Zero, if the market economy had to pay for the unpaid domestic care work it gets for free, it would cease to be viable. The fact that laissez-faire capitalists can hoard trillions in being allowed to get away with not paying for domestic care labour just goes to show how critical its devaluing and invisibilisation actually is.



In writing about gendered hierarchies of power, Val Plumwood noted that relationships of domination and control are chararacterised by hidden relationships of dependency.



The predatory abuser, Plumwood points out, must disguise their dependence on their victim. The victim must never understand their importance to their exploiter, lest they become aware of their own power.



In the context of unpaid domestic care labour, the predatory class abuser needs to hide their dependence by devaluing and invisibilising domestic care work as work.



Domestic care workers must feel that their value-producing work isn’t work, but a social obligation, or a way of keeping up with the Joneses (definitely a priority in a society where we invest our identity in consumption habits).



As a hierarchical society rooted in predation and social control, domestic care workers should be shamed for not having children and be made to feel like there’s something wrong with them if they don’t reproduce.



Domestic care workers should not, however, be supported when they do have children—much less to say remunerated for their value-creating work, even from the USD$21-32 trillion in offshore bank accounts.



Domestic care workers must be invisibilised and devalued, so they be controlled, so they won’t ask questions about performing intensely valuable work for a dependent capitalist class completely for free.



Domestic care workers must be kept on short control leash so they they won’t notice how a predatory class takes colossal subsidies through their unpaid work, as it preaches rugged individualism and pulling oneself up by one’s bootstraps for the vassals it exploits at the same time.



The extractivist corporate aristocracy need to exert coercive control as a class to disguise its dependence unpaid domestic care labour.  It is dependent on unpaid slaves in the domestic sphere as it has been historically on enslaving the Global South through colonialism and military conquest.



Coercive control is as much a feature of unpaid domestic care labour as it is of domestic abuse. One might argue that the class hierarchies lay the foundation for the misogyny that feeds domestic violence as an outcome of their core culture of predation and control.



The devaluing and invisibilising of the domestic care work performed mainly by women is a direct outcome of misogyny, of the notion of rigid gender roles and of the devaluing of women’s work and of women under capitalism in general.



It is a reflection of the coercive control culture inherent to the social and class hierarchies apparently considered positively sacred under capitalism, personal boundaries not so much.



We need to organize cooperatively and non-hierarchically to challenge capitalist predation on domestic care labour. We need to recognize domestic care labour as work and its value not only to society in general, but to the nominally laissez-faire market economy in particular.



Just as in the case of domestic violence and abusive relationships, the beginning of the end of abuse is the moment the party being preyed on and having their boundaries stomped all over understands our true value to our abusers and moral inquisitors.



Just as in this instance, domestic care labourers need to understand their true value to themselves and one another as a class of exploited subalterns. No greater threat can possibly exist for their abusers and exploiters than when they grasp and act on their collective class power as workers in the domestic sphere.",8,socialism
1owe0ug,1763070347.0,Will Maga ever realize they are just white Mexicans?,"Racism is a trip, as a Mexican American myself. I find it humorous in a tragic way that the wealthy has convinced the white red necks to hate the brown rednecks. A bunch of truck loving hardworking fun/wild people whose favorite pastime is BBQing, swinging a few back with football (fútball) in the background and blasting folk music. I wonder who that sounds like. Capitalism has deprived rednecks of English Corridos and Carne asada.

Class solidarity, it’s Hammer and Sickle.",147,socialism
1owa6x3,1763061522.0,New Anti-Communism Week?,"So Trumo is prepping to make practice and belief in Communism illegal, right? Are we good admiting this yet? Are we all on the same page? 

Putting aside the horribly written article and blatent propaganda (which there's plenty of both), why the sudden rise in Anti-Communist propaganda? Communism nor Socialism haven't had any major ground in US politics over the past few decades and the ""Red Wave"" isn't rising over the population...right? Why, with all the other issues at hand, is this administration taking time to create a new week solely based on defrauding and making nonsensical claims about an Ideology that has nearly no standing in the American Publics interest? 

No question that the populace has lost nearly all trust in both the electoral bodies over these past few years and we have seen further and further left leaning individuals gain major support in recent years. Are the American people searching for a new alternative to the slow slog of Capitalist lackeys?

-Is the Trump Regime in fear of a new ""Red Wave""?
-Has the election of a Dem Soc. sparked a new fear, or interest, in the ideology? 
-What can we expect in the coming months to be said by this administration on ""one of history’s most destructive ideologies.""?

Im personally excited to find out.",6,socialism
1ow6apl,1763052907.0,Veterans Day?,"As an American who grew up being taught that our service members were heros and should be held above normal standards, it hits hard once you find out all the atrocities they've been responsible for over the past.

As a Socialist, is it amoral to celebrate Veterans Day in the States? Honoring the sacrifices of those who fought the ""good fight"" is one thing, but looking at all the conflicts the US has started and set its service men in to finish feels disingenuous.

These are men and women that were brainwashed and tricked into fighting for nothing except the exploits of Capitalism. Should you celebrate or let the day pass?",3,socialism
1ow02nt,1763037821.0,Today's Russia is the anti thesis of everything USSR once was.," The Soviet Union was socially progressive, with a welfare state that guaranteed free education, healthcare, and housing for all its citizens. It was a country that recognized LGBTQ people and ensured equal rights for women. It was the nation that defeated fascism and built the Eastern Bloc to counter the capitalist West. The USSR’s influence was so immense that it ushered in a golden age for labor unions, labor laws, and welfare states around the world.

Now, in its place, stands Russia—a capitalist oligarchy riddled with corruption at every level. It is ruled by an expansionist autocrat who oversaw the slow death of communism in the country. Modern Russia has legalized domestic violence against women, banned LGBTQ expression, and allowed the Church to wield unprecedented influence over society. The state has committed genocide in Chechnya, invaded Georgia once and Ukraine twice, and is unleashing unimaginable horrors upon Ukraine—kidnapping children, separating them from their families, and “Russifying” them. To add insult to injury, the government now even arrests communists for laying flowers to honor the October Revolution.  

Today's Russia is everything what Lenin said about highest form of capitalism. ",2413,socialism
1ovbflq,1762968386.0,Best podcasts to deprogram from 30 years of capitalist propaganda?,"The more I listen to leftists and read leftist literature, the more I realize I have a lot left to unlearn even as someone that's read plenty of theory and been steeped in leftist thought. 

I really, really like Behind the Bastards. What are your guys' favorites?",75,socialism
1oumgpw,1762897314.0,HOW CAPITALISM SPONSORS AND SHIELDS GENOCIDES,"The United States has moved hard to protect its ally Israel from international justice for alleged war crimes by targeting the International Criminal Court (ICC) and the judges looking into its leader Benjamin Netanyahu. In February 2025 President Donald Trump signed Executive Order 14203, allowing asset freezes and travel bans on ICC officials who were investigating American or Israeli actions. In June and again in August the U.S. sanctioned ICC judges and prosecutors who were working on warrants linked to the Gaza conflict. While all this was happening, Israel’s bombing campaign in Gaza continued without pause. This is how capitalist state power shields genocide.

Note:
This is an original drawing made by me. It is completely copyright free, and you can use it anywhere you like, for placards, political protests, or anything else that helps raise awareness.",32,socialism
1oufwf4,1762882750.0,Feeling lost,"It feels like I have no one to talk to about politics. All of my friends are capitalists and either centrist or right-wing. I used to be a centrist too, until October 7th happened. When I saw how the West did nothing, and how we can all just go on social media and literally watch a genocide, it made me so angry. Now I identify as a socialist, and I’ve realized how much influence capitalist propaganda had on me. Politics used to be a big part of our conversations, but not anymore. I actually had a serious fight with one of my friends, and since then, we agreed not to talk about politics at all. I just can't get past their view on immigrants as primitive, and how our western values are superior. They don't actually follow politics closely, but they see headlines how muslim immigrants are raping our women etc. But when I say that in our country domestic violence is really common and police doesn't do anything about it, that doesn't matter to them. And when I try to explain to them that the reason we have so many immigrant is because of western exploitation of the muslim countries. Then they say I’m “too political” and follow politics too closely. But what’s the alternative? To just ignore the corruption of our politicians? To ignore all the war crimes they support? How can people just look away and go on with their daily lives? 

I don't know what to do, I've known them for 10 years and we've been very close, but now it feels like there is some sort of distance. ",15,socialism
1otjn09,1762794882.0,What is the difference between Israel and Nazi Germany?,"The founding cadres of Nazi Germany repeatedly declared that the East especially Soviet lands had to be colonized. The “Lebensraum,” or living space doctrine, justified the enslavement and extermination of millions under the pretext of securing new territory for the German people. The capitalist class reaped enormous benefits from this ideology. Giants like IG Farben, Krupp, Siemens, and Volkswagen were fully integrated into the Nazi state’s military-colonial apparatus. Near Auschwitz stood IG Farben’s factory, where prisoners were worked to death.  
This was fascism in its purest form organized entirely in the interests of capital. They built such a destructive force that even today, many small villages in Eastern Europe remain erased from history, their inhabitants gone forever.

And what do we see today?  
Israel is applying the same logic in a modern form. With the backing of the United States and the weapons giants entrenched in the Pentagon, it encircles and besieges Palestinian lands under the pretext of “security.” In Gaza, bombs fall not only on militants but on unborn children still in their mothers’ wombs. This is not “defense”; it is systematic colonial violence carried out in the service of capitalist interests.  
The same relationship persists: human life is sacrificed for capital accumulation. Yesterday there was IG Farben; today there are Lockheed Martin, Raytheon, and ExxonMobil. The nature of capital has not changed only its geography has. Capitalism endures as a machine that runs on blood.

What Israel does differs from Nazi Germany in form, but at its core, it is born of the same systemic interest: the exploitation of humans by humans.",29,socialism
1ot4vcs,1762750169.0,Can we please talk about socialism and not the Democrats?,"Seriously, folks. There have been about 10 posts about the Democratic Party, or individual Democrats in the past day. The Democrats are a capitalist party. They are not socialist. Their members are not socialist. They are off topic. Please stop. ",300,socialism
1orpxo1,1762609913.0,r/shitposting really living up to its name,"How can capitalism be particularly bad anyway? Isn't that just capitalism? OP was kinda close to zo becoming class conscious...
Also I am honestly so tired of how hating on socialism/communism has become an infinite karma hack.",351,socialism
1or4jyg,1762545518.0,A country that funded Mujahideens,"A country that funded Mujahideens to fight socialism directly led to the formation of Taliban, as an effort to make two enemies fight. Now a Muslim socialist in the epicenter of global ethnocentrism powered by capitalist conglomerates, the turf of vehement Republicans, elected as Mayor. Ideology may hover over the atmosphere of sun. But this is a significant realistic step. This is happening before our eyes. If you push the working class enough they'll erupt, they'll fight back. At least as a symbolic gesture this is a significant victory for global left.

I created this pencil drawing myself. (In line with sub-laws: no corporate-owned or AI-generated content.)

",23,socialism
1oqye7e,1762531585.0,This is just unhinged fascism,"Like, I am convinced, that nationalism and capitalism kills the empathy and humanity within humans. This is just unhinged, like, people have actually began supporting nazis, and they can say it freely without getting punched in the face. ",3381,socialism
1oqoj79,1762502274.0,"Apropos of Mayor Mamdani's Free Buses: that is the Per-Minute Fuel Burn, 8 tablespoons, in the Little Nissan Box Guy; offhand the Free Bus Metaphor might be that a Tax on the Property, a Tax on the People, the Students, a Bus Fare is like, a Tax on the Teachers and more than that fire/min/rider'n't","IIRC John Browning, Machine gun man, ported the same system of baffles, Gas Expansion, Cooling, from firearms to cars **and if you've ever** ***discovered the muffler stolen one morning, ""right?""*** after I'd turned it off, walked the three blocks to 7/11, *was that even* ***real, and if not, should I go to the hospital?***

***...***anyway, to look at that and remember **they'll not jus, ""figure it out,"" but light one of those per seat per minute in the least safe,** least efficient machines to do **mostly, that,** muffle first, filter's last and the old factories are no good business themselves it's like superfund site number 9 within, **five miles, prolly, of mine;** I live in Saint Louis City, *the Nagasaki Nuclear dump site is on fire quite close to where we lived* ***Smallest Jonathan,*** Obama left office with a promise to put out the Nuclear Bomb Fire; I wonder if I have more lead in me than a Roman, ""might,"" **real;y, might, but you know that town of which I speak:**

# Ring Ring Ring Goes the Trolley,

[https://upload.wikimedia.org/wikipedia/commons/5/53/The\_Street\_railway\_journal\_%281896%29\_%2814575034428%29.jpg](https://upload.wikimedia.org/wikipedia/commons/5/53/The_Street_railway_journal_%281896%29_%2814575034428%29.jpg)

  
Ding Ding Goes the Bell, **Zing, zing, zing, go the heartstrings and I posted it years ago,**

**A List Compiled,** to, advocate our town to the Olympic Comittee really, surprised me-

  
Tom Nagel, Friend of Me on this, social network [Facebook.com/Jonathanphillipfox](http://Facebook.com/Jonathanphillipfox) ***if you want the receipts I want you to have them*****,**there is a scan of the real list sent to the olympic comittee findable, there, **and in, the,** application for our 1904 Saint Louis Olympics had been mentioned the **incredible, but, I am almost certain accurate observation that:**

&gt;Saint Louis Most Comprehensive and Technologically advanced  
**public transportation system known to exist on earth**

Some or all of which had been free to keep it useful, The City, as Infastructure, like..

List had been dated Maybe 1897, 1898 more likely; full electification from the coal station did all of it, in the city, until like 2017, IIRC, we'd **prolly, have gone for it at that point the:**

  
Computer, enhance that footage of the north riverfront hazard zone pleasure district celebration and it might be possible to see from the darkness of that train station **amtrak still goes though and you gotta give them,** full safari experience if at all possible **anyway,** ***the New Yorker has an editor,*** Reddit just the Tall Poppies of it all and I've still got time to waste mine and Make Jesus Christ of Nazareth Son of Gott in Himmel, **Speaks!** like me.

More-so.

**So this has never been so egalitarian a town as NYC,** of course, WUSTL so rich I'd be surprised that I live inside of an real deal Retvrn theme park **the BP is Pre-WWI,** ***which one, ""gith,"" three of them*** *and Bando Glass Obelisk Garden,* ***Gray Rainbow,*** **that's like 1960's** but sure enough does seem like material conditions and built spaces reign regnam regina Victoria, ex manibus deii, spookily, **so so so here is what is worth to mention,**

  
Where Live, at my house on Gustine you'll see that multifamilies, flats and hiouses **some quite mansey,** intermix at a regulated interval, **little north on Grand from here but not much, east side of the street around the watertowerishness** you'll find fine homes and then Shotguns, just like Nola, but Brick, Grimmer Better, like everything; **you gotta do that,** save, when Lafeyette Square got built,

[https://www.thrillist.com/travel/nation/st-louis-missouri-americas-most-overlooked-city-to-visit-right-now](https://www.thrillist.com/travel/nation/st-louis-missouri-americas-most-overlooked-city-to-visit-right-now)

They'd thought the antebellum devil zone \[French Flavor\] with, I'll admit, some real character was built like 1930 or whatever, ""Vintage Baseball League plays there,"" cool stuff good pond; I live in the Transbellum Devil Zone \[British Themed Southern Expansion Zone\] the Hyde Park of the British Theme Just South of the Baden-Baden West of the River, of Northern New Prussia Zone, had been the Best of the Them, I think, **the trees were topiaried into castles like Retvrn it all please, but:**



T**he oxen took the trolleys to their serene masters from Downtown, since,** ***the..***

  
Plaguelike conditions of the 1860's Cholera, Typhus led to such innovations as, ""far as you can take them home from here, Thank You, **Please,"" and the notion at the time had been, well,** No, if there wages part in passage, I pay, if everyone does then not so much I suppose, ""might have brought the Olympics here,"" **and if you've cared to read down far as here,**

  
[https://upload.wikimedia.org/wikipedia/commons/5/53/The\_Street\_railway\_journal\_%281896%29\_%2814575034428%29.jpg](https://upload.wikimedia.org/wikipedia/commons/5/53/The_Street_railway_journal_%281896%29_%2814575034428%29.jpg)

  
Jonny So Tired, ""thanks for reading,"" just, **thought you should take a look at that fire;** it's so obvious how come, **first bus far arbitraged for an illiquid asset** held in the tank of the least, **probably, well maintanced latest model auto** ***save a few dollars or that tho.***

  
I mean I'm like, I'm not like the least of a capitalist but whatsoever of a Labor Market sure sounds distended in the Salmon Run to service work opportunities **so,** ***dialect, dress, customs of the clients*** *that their literal children are a shoe-in at Nordstrom's or Starbucks but donut hole Economy,* bkinda is that **not so cute nor an,** ***yeah; and the blocks of Mansions and Private Streets fall to Mass Abandoment first, actually,*** neighborhoods like mine,

  
Have Regulated, Each Block, all blocks ratios of Walkups Flats and Homes so that never happened, here, **Jonny's so tired, O.K?**

  
You see how the Tl;DR, is, as a Matter of Really, Really, Recent History, The High Net Worth Individuals build these Enclaves of Us, **E.E. Commings and Burroughs,** all of them but also William S. Lived in this one **and if not for the Hospital, but also Euclid businesses that I would travel to all of the time such as,** *not right now, ""15 whiskey rooms,"" one Video Game Bar Experience,* ***the Fanciest Restaurant in Town that I know of,*** also, the Deli that had been open all night each night since 1898 and had two types of potato salad **and let me look like, ""who is this guy, big Mafia Man,"" he gets to smoke in here I felt special** but like, yeah, I dunno; 

# 

TL;DR, ""The Video,"" the visual metaphor, **nowhere more truly, obviously, than new york is that such an obvious propaganda** ***the good kind*** *and I'd never qutte thought of it so obviously, ""that's the 100 years of technology,""* ***muffle that rifle like a BB Gun,*** so as to give an impression that that cooled, invisible vapors **are commensurate to this efficient process of scoot scoot motion,** like, truly, 

# [The Cinderblock Street Simulation might be Lethal in Situ,](https://youtu.be/Aytf6ARcs8s)

Full Traffic, One Minute? I don't know, *or an hour, or, one bus one minute* ***I dunno***

***Highways are more efficient, ""call the Technology connections man,""***  I love it.

You ever seen a real deal car fire, ***I've seen many, but,*** *you drive around it* ***but you can feel it hot on your face through the glass from the far lane, fastly, idk idk Jonny is so tired,***

Your Friend, **in these best of times worst of times days of Rage,**

**Of Whatver,**

Jonathan Phillip Fox

  
This Hospice Kawaii Nonsense where whip and spin the Little tykes SnoopPlay Little Driver steering wheel toy, ***and full on from the bus seat Financial Times Journalists Speak in Plain Like,*** [https://youtu.be/bH1xQ0kPnow?list=PLlonkwd1P6S1DgjWI1Ozn-uKD4RREn4ni](https://youtu.be/bH1xQ0kPnow?list=PLlonkwd1P6S1DgjWI1Ozn-uKD4RREn4ni)

The Mormon Spac Collaterized the car parts into debt obligations **and lost the wipers.**

**Lost the Wipers,** Bernie Madoff was the Real Park of Fake Gosplan, NASDAQ Chairman for a decade Bernie Madoff I dunno, man, **I wanted to write him in prison he read the same books I do,** *the religious books* ***ok Jordan Peterso, Bernie Madoff,*** just be in the same room, ""his hands,"" hands like them, *what's thiis?*

&gt;Hop up on my lap, **Big Guy?**

I Have Restrained an Islamic Extremist Beneath the Buttcheeks ***no Cuomo***

Mamdani's  Got a finger on the Real Wheel, *action movie furruw to the brow and bite of the* ***can he reach it,*** **bounc*****e,*** **closer,** ***bounce,*** **a little higher,** Baby,

&gt;Rides to market, *and baby,* ***rides to town*****, I remain in Control of the Stallion**

....*no cuomo*",0,socialism
1oqatqz,1762462913.0,How do I reconcile having Socialist beliefs and working towards a workers revolution with wanting to also live a normal life?,"Hello, friends. 

I'm 25 years old and an Autistic non binary white person from the United States. I've started down the path to Socialism with Bernie Sanders in 2016, and ever since I've become more and more radicalized to the point that I'm basically a full blown socialist who wants to tear the system apart to build a glorious future for the workers of the world. 

I don't really do any activist work or read much theory, so I guess you could call me a ""casual socialist"". 

I'm mostly focusing on just getting my life together. Building my credit, getting a decent career/small business, and owning a home. 

How do I reconcile these two contradictions? 

Feeling in my heart that Socialism is the future, and that I should do what I can to bring us there, but also recognizing that we live in Late Stage Capitalism and so I need to perform in the system to improve my quality of life and stability. 

I also struggle deeply with my mental health, having suffered from chronic depression for many years, so that also limits the amount of things I feel I can accomplish. I generally just focus on survival, and trying to make a decent future for myself and my loved ones. ",34,socialism
1oq1xvk,1762442978.0,Zohran Mamdani Wins: What’s Next in the Fight against the Billionaires? -Revolutionary Communists of America,Mamdani’s victory demonstrates the working class are desperate for an alternative to the status-quo and the capitalist system they correctly see as responsible for declining living standards and rising costs of living. But the Democrats are a party of the ruling capitalist class; they will never be our friends. They will only seek to influence Zohran and bring him under their control. Zohran should break from the Democrats and found an independent working class party!,15,socialism
1opm5nc,1762393860.0,Hot take regarding the election of Zohran Mamdani,"I’ve seen a sharp divide in leftist discourse on the matter, so I just wanted to say:

It is possible to recognize the election of Mamdani is a positive development without promoting bourgeois electoral politics or the Democratic Party.

It is possible to recognize that people finally overcoming their fear of the concept of ""socialism"" in the United States is a good thing without believing actual socialism will come about through voting in bourgeois elections.

It is possible to denounce the anti-communist statements Mamdani has made while also applauding the prospect for working class New Yorkers finally having a better standard of living.

Any progress we can make toward a positive public perception of socialism is a step in the right direction, even if people don't really define socialism correctly yet. And if all most people know about socialism is that it seeks to improve living standards, that is a great start because it's true. After the Cold War, McCarthyism, and a lifetime of capitalist indoctrination, it is quite significant that New York would elect someone who is considered a socialist, even if he doesn't exactly fit my or your definition.",356,socialism
1oplfym,1762391879.0,Beyond Electoral Socialism,"The whole point of thinking about structures like capitalism, patriarchy, or white supremacy is recognizing *structural power* beyond the intentions or beliefs of any individual actor. The problem with capitalism isn’t that *particular* business owners are greedy, it’s that the *system* of private ownership requires exploitation and poverty. The problem with patriarchy isn’t that all men happen to be evil and all non-men happen to be saints. The problem is the *system* that secures wealth, power, and safety for one gender at the expense of others.

We should think about state power in the same systematic way. It’s true—some politicians are especially terrible, just like some bosses are particularly noxious and some men are exceptionally patriarchal. But there are structural reasons for *all* men to take advantage of the privileges of patriarchy, whether we’re personally bigoted or not. Similarly, there are structural forces pressuring leftists in elected office to abandon their positions, entirely independent of their degree of personal ideological commitment.",7,socialism
1op750d,1762359305.0,Socialists with a big 'S' need to realise most people have a different idea of what socialism is,"Just reading all the discourse and controversy surrounding the New York election in the US - it seems there's this odd disconnect with Socialist activists and people's general idea of what socialism and left wing politics is. This is obviously heightened in America but it seems a lot of Socialists and Leftists with a big 'L' are frustrated that the new mayor is really just another capitalist. That all this celebrating is for nothing and is premature. That the bourgeoisie will not allow any real socialism to come to the city and he's backed by capitalist billionaires himself, being the leading Democratic candidate rather than an Independent. 

But it seems most people who aren't activists, haven't read Lenin's ""Imperialism"" and don't really know what the bourgeoisie actually are just see the word ""socialism"" and the term ""left wing"" and being a more progressive politics within the current system. Politics that prioritise wealth inequality, social programmes, nationalisation of key industries over profit - people over profit.

And even more strangely are big 'S' Socialists thinking this vote means there's a huge demand for big 'S' Socialism.

I think this is gonna be a problem with Socialist movements trying to galvanise workers that wany better material conditions into actual Socialism. But if they cannot see this disconnect and get hung up on the Liberal use of ""socialism"" and ""left wing"" they're never gonna really get anywhere.",26,socialism
1ooqvkb,1762309278.0,Bureaucratic Realism,"If the popular imagination under capitalist realism finds that ‘it is easier to imagine the end of the world than the end of capitalism,’ it is similarly the case that the bureaucratic realist imagination may imagine an end to the capitalist mode of production and capitalist social relations, but find an inability to imagine the end of the bureaucratic-form, the State, and statist social relations.",0,socialism
1ooip6t,1762288927.0,Why do so many Marxists claim that Richard Wolff is an anarchist?,"It seems just patently incorrect to call him an anarchist. Wolff defends the concept of a revolutionary state, and is a self-professed revolutionary.

It is true that he doesn't adopt the typical revolutionary Marxist perspective, that a nationalization of industry in a revolutionary worker's state is sufficient to create a socialist process, but this is rooted in a particular interpretation of Marxist theory wherein the structure of economic activity itself plays a defining role in how the political-economy of a society works - if unelected, unaccountable officials are responsible for coordinating labor and extracting surplus (even if it's on behalf of a politically-democratic society as a whole), then an exploitative arrangement exists between the producing laborers and the recipients of the labor surplus that the extractors are acting on behalf of, and exploitative relations creates opportunity for democratic backsliding in numerous ways:

1. Exploiting officials can use their roles as a way to rise to power.

2. Exploiting officials can form bases of support for opportunistic leaders.

3. The perpetuation of exploitative relations requires a suppression of democratic practice (if the masses could just vote to pass a law that made all managers elected and accountable to their employees, they probably would - systems of coercion and violence need to be in place and subservient to exploitative forces in order to prevent this from happening). If socialism is the process of the abolition of exploitation, putting exploitative forces in charge if systems of coercion and violence is counterintuitive and counter-revolutionary.

Marxists often fixate on his apparent obsession with cooperatives, but he uses cooperatives as a way to examine how socialist society might operate, but on a larger scale - not as the be-all/end-all of socialism. In his theoretical work, he focuses on the structure of workplaces (i.e. to what extent do the workers of a workplace have the authority to collectively dictate rules, labor norms and practices, enforcement mechanisms, surplus appropriation and distribution, etc).

Another common criticism is the assumption that he's a market socialist/that he supports markets - which is something he publicly denies. He views markets as one aspect of capitalism, and views markets as playing a destructive role in industrial societies, and he believes that markets can reinforce exploitative tendencies and practices.

It feels like most people who criticize Richard Wolff's ideology haven't actually bothered to read his works, and usually aren't engaging in good-faith dialogue.",5,socialism
1onuhm0,1762219876.0,Chat does this sum things up?,"Context: The best you’ll get from reformism is social democracy premium. 

Private property (capital) is the seed of capitalism. Privatization is inherently expansionary and allowing it will result in protocapitalism. In short, allowing privatization will lead back to capitalism.

The left is like a Russian nesting doll lol.",377,socialism
1onnyx3,1762203850.0,That basically sums up mental health and work exhaustion at capitalist countries.,Saw this post on r/Millenials and didn't see any commentaries mention how is this related to ideology. What you guys think?,160,socialism
1olqdwb,1762010224.0,Remembering 16 victims of corrupt SNS regime in Serbia,"Hello comrades, today citizens of Serbia remember 16 victims of fall of Novi Sad Railway Station roof which happened exactly one year ago. This is most massive protest in Serbia's second biggest city.

We also protest because this was not mere incident but result of our corrupt government. We have witnessed a lot of violance from police and government sponsored hulligans. We only want justice for victims and new elections.

This protests are different from usual ones we had in past few years because they are student lead, and we practice self organising on our faculties and communities - where we created plenums and zbors (which are different words for councils or in archaic serbian soviets)

While not socialist by itself, students and protesters are quite critical towards liberal democracy we had so far, NATO/EU and capitalism somewhat. Not perfect, but better than anything we had since fall of SFRY.",55,socialism
1olqao1,1762009994.0,Question of banding together for change.,"So curious enough I've wondered ways to get together with people to make change and inspire people to make change, and i was thinking of a friendly organization or maybe a union lead company? Not sure if thats possible but just a thought about what if me and other people could create a company that makes so 'n so and maybe at the same time spread a good example? 

Not sure if thats realistic just a thought i had in mind and wondering about you guy's opinion :) 

Note: 

this is not to endorse any sort of form of capitalism or enterprise where a single individual profirs from the fruit of others labour, but an idea if its possible to form union led organization in which the workers and consumers work together to achieve whats necessary, not profit

Probably not realistic or possible but options, opinions and suggestions are all open &lt;3",1,socialism
1olp6uj,1762007255.0,"Are professionals like doctors, lawyers, architects, accountants considered ""workers"" under socialism?",I am admittedly not versed in these definitions.  Obviously I am aware of the current struggle between the rich and the working class under capitalism.  But what about the middle class and upper middle class  people (and some upper class 1% doctors and lawyers) who work very hard and are paid reasonably well? I r even like the middle management of corporations? Where do these workers fall under socialism? ,61,socialism
1olo3ti,1762004436.0,“But people will just be lazy”,"i had a lengthy conversation with a family member about the moral and social implications of socialism versus capitalism, and the resolving statement would always be “but people will be lazy and not do anything and that’s why socialism doesn’t work”. 

what do you say in response to this statement? 
it seems to be the only jab against socialism. is this  capitalist ‘propaganda’ that comes through? ",115,socialism
1okq6p5,1761903862.0,I will never take normal society for granted again… We are in danger.,"The more I learn theory, the more I learn what Lenin and Marx thought, the more disturbed I am at realizing we are living in hell. I no longer believe that we can vote our way towards socialism because the capitalist class will assassinate your leader or coup your government if newly elected. The best electoralism will provide is a Soc dem reset, which will devolve into several decades of liberalism, and finally as the system degrades again; capitalism’s defense mechanism against change, facism. We need a vanguard party, we need to abolish privatization in whole, not even Co ops or sole proprietorships for they are Pandora’s box back towards capitalism (they allow for proto-capitalists). I believe in a socialist society, I believe we are in a dangerous cycle of social democracy and facism and that one day the cycle will break one way or another. Be strong, something big will happen in our lifetime, you have no choice but to be strong friend. The only good thing about facism is that it is evidence, evidence that a spectre is haunting the west.",213,socialism
1ojetf2,1761767791.0,socialism should be way more appealing to men especially conservatives because under capitalism over 95% of men are literal c*ckolds!,"i think capitalism creates alot of incels, majority of men are made to be wage slaves, they slave away for their entire lives to produce value for the owners of capital, which makes them unnatractive to women and by cheer comparison the capitalists who don't work yet live off passive income generated by their labor are seen as very attractive.

capitalism from a capitalist prespective makes you the opposite of an incel, the capitalist inherits capital(farms/lands/factories) which come with thousands of wage slaves, their sexual productive prospects are extremely weakened but yours are very hightened, every women wants to marry the dude who owns the factory all the men in the community wage slave at, so the capitalist is reproductively successfull, they more children sometimes with many women, when the capitalist dies their kids inherit the capitali, the children of the wage slaves also wage slaved for the capitalist's children , their children are made to become poor and unnatractive and his children are very financially attractive, therefore his lineage prospers with much more kids, it's like a cycle, he has more kids due to ownership of the means of production then passes it down his kids also have more and in each generation they eliminate other men from reproducing by them dying in the work place or being too poor or their children dying due to lack of health care.

under capitalism majority of men don't inherit capital so they spend their lives as slaves building the legacy of lucky men who inherited capital and never worked a day in their lives, majority of men 95%+ are by literal definition financial c\*ckolds, no wonder the firtility rate is dropping.

just imagine traveling back in time to a time where humans lived in a village with small groups of a 200, 100 men and 100 women, imagine you were 1 of those men, the village has homes and the only source of food is apple trees nearby, nothing else, imagine you claim all the land the apple trees grow under, now for men and women to be able to eat they have to come in everyday to your apple farm, work all day, each collects 100 apple for you but you pay each 5 apples for their work, those 199 men and women are barely eating and have to work everyday for the rest of their lives to eat, yet you generate thousands of apples for yourself everyday without working, you have free time and you have millions of apples stored, you have also social power, all the women will litterally flock to you to bear your children not only due to you c\*cking other men financially, being highest status, not having to work, but because the women are extremely poor aswell they either bear your children or marry a wage c\*ck and both have to work every single day for their lives with no garantee of the future and risk of being fired or they get married but don't affor kids so they don't reproduce or women stay single due to men being very poor and unable to provide, so you as the owner of the means of production(farm) will have waaay more kids, and your kids will have waay more kids and in couple generations all of the village will be your direct descendants.

the parasite class always emerges in nations because all of us men are descendants of men who parasited and financialyl c\*cked other men, therefore we inherit their tendencies, the rich capitalists of today will be over represented in the gene pool thousands of years from now, this is why civilizations fall, civilizations start equal with all people producing then small amount of men enslave the rest of men economically, this class of men sacrifice the civilization's long term wellbeing in favor of short term reproductive success, the civilization falls but when a new emerge the parasite class's genes are highly represented in the new rising civilization, garanteeing them genetic immortality.

just look at elon musk, he's having so much kids from different women and selectively aborting female fetuses because he wants each of his sons to also have alot of kids from different women, he is very obssessed with genghis khan.

messi, ronaldo, justin, all are workers, wage slaves, who spent their entire carees producing billions of dollars of the owners of spotify,youtube,fifa, they may now be able to buy capital and pass it down to their kids but the kids of the men they wage slaved for will have waaay more capital passed down to them.

socialism should be very attractive especially in the current ""alpha male"" wave on social media, ironically ""alpha males"" are the capitalists and ""beta males"" are the wage slaves.",0,socialism
1oirig8,1761700785.0,Printable Recipes How bad is US Capitalism?  People are having to share ideas on how to survive on $8 worth of food per day here in the USA.,Printable mutual aid how to live on $8 per day.  ,12,socialism
1oi3y35,1761640310.0,The capitalist love to talk about bread lines as a sign of a failed state. Well...,First pic is from Soviet Union... Second is from USA a week ago.,2382,socialism
1oho1cd,1761593450.0,Does Socialism in One Country work now? Or is a middle ground between permanent revolution required with how globalised the world is now?,"I was thinking where states build socialism nationally and network internationally to help spread socialism.

This both can apply to the modern day globalised network while not disregarding AES's. Also helping to show how revolutions are spreading in individual countries without AES's support as well.
I might just be misinterpreting Socialism in One Country.

As I do understand
 it was in context to the USSR and its need to industrialise and become powerful for the sake of it being ABLE to spread socialism efficiently. But I am working off the difficulty there is to be able to revolutionise social states especially when these states prior are so interdependent on capitalist states.",2,socialism
1og79ws,1761439181.0,"Why are modern socialists and communists are engaged in arguing with each other, not battling capitalism?","I am part of one Russian Marxist organisation, abd all that s happening is people in other Russian Marxist groups are too busy basically constantly non stop arguing with others they deem ""revisionist"" or ""bad"", sometimes to the point of straight out bullying the disliked person, instead of actually battling capitalism.
We should address it as it's an actual issue.
Does the same happen in your country's organisations? Is there any way to fix that? I understand that discussions are important in socialist thoughts, but not when they turn into arguing and forms of disruptive behaviours.",67,socialism
1ofy7zm,1761415357.0,"K. Murali’s “Theory” of Bureaucrat Capitalism, Comprador and Bureaucratic Bourgeoisie, Semi-feudalism Semi-colonialism, Neo-colonialism, Agrarian Question and the Ground-Rent A Pauperism of ‘Concepts and Methods’","K. Murali’s “Theory” of Bureaucrat Capitalism, Comprador and Bureaucratic Bourgeoisie, Semi-feudalism Semi-colonialism, Neo-colonialism, Agrarian Question and the Ground-Rent:

A Pauperism of ‘Concepts and Methods’

✍️ Abhinav Sinha

[Link to the article](https://anvilmag.in/archives/730)

[Link to the PDF of the article](https://anvilmag.in/wp-content/uploads/2025/10/Critique_of_K_Murali_Part_1.pdf)

(PART – I)

(In the first part, we deal with K. Murali’s concept of bureaucrat capitalism and bureaucratic bourgeoisie. In the process, we discuss the general yardsticks to determine the character of a capitalist class and therefore discuss the concepts of comprador-bureaucratic bourgeoisie, national bourgeoisie, imperialist bourgeoisie and ‘junior partner’ or what Mao termed as ‘reactionary national bourgeoisie’ in the light of writings of Mao Tse-tung and other comrades from the Chinese Communist Party. We also discuss Murali’s reading of the history of Indian capitalism and Indian bourgeoisie in the light of some authoritative historical works. In the second part, we will deal with Murali’s concept of semi-feudal relations in agriculture, in general, including the questions of feudal ground-rent, absolute and differential capitalist ground-rent, lease-price, forms of tenancy and the role of usury.)

‘Contra principia negantem non est disputandum’ 

K. Murali (Ajith) is a well-known figure and intellectual among Marxist-Leninist-Maoists in the country and beyond. One expects an understanding of the fundamental concepts of Marxist philosophy and science from a person of that stature. We have had the opportunity to interact with him in a seminar on fascism in December 2024-January 2025 in Hyderabad. One of the papers had a detailed critique of Murali’s positions on fascism. However, instead of responding to those criticisms, Murali accused the paper presenter for “ambushing” him and “catching him off-guard” and therefore he was obliged to “duck and run”! 

However, the truth is that in matters of theory, you can never be “ambushed” or “caught off-guard” as theoretical positions evolve logically and represent one’s convictions. The organizers pointed out that it was a pity that he felt like that. However, the argument was off the mark. If someone has strong convictions regarding their political positions, he/she is and can never be subjected to an “ambush”, as we pointed out. One might encounter questions regarding their positions anywhere anytime, even from strangers who know about it and even while, for instance, traveling in a train or walking on a street. They cannot say that “you can’t ambush me like that! Give me a couple of days to prepare a defence of what I believe in, then I will respond”. Anyhow, the interaction in the above-mentioned seminar did not develop into a proper debate due to the reasons stated above.

However, our comrades from New Socialist Praxis (NSP) recently had the opportunity to engage in a debate with Murali on a different question: the question of program of Indian revolution and the character of Indian social formation. The occasion was the seminar on mode of production in India organized by comrades of Nuthana Keratam and Communist Collective in Vijayawada in August 2025. NSP presented its own paper which can be read here (https://newsocialistpraxis.wordpress.com/wp-content/uploads/2025/08/mop-nsp-paper.pdf) and Murali, too, presented a paper titled ‘On Bureaucrat Capitalism’. There was a brief debate on Murali’s paper in the seminar, too. However, in the debate during the seminar, due to the paucity of time, we could not present a comprehensive and detailed critique of the ‘concepts and methods’ of Murali, especially in the context of the question of determination of character of the state, the ruling class and the character of the Indian society and its dominant mode of production.

Consequently, we decided to respond to Murali’s paper in relatively greater detail. The above-mentioned paper of K. Murali betrays an incorrigibly muddled understanding on the very basic questions of Marxist political economy, class analysis, agrarian question, the determination of the program of revolution, the concepts of comprador and bureaucratic bourgeoisie, bureaucrat capital, semi-feudal semi-colonial social formations and neo-colonialism and displays an utter ignorance of theory as well as history. It is precisely due to these reasons, we found ourselves obliged to present a detailed critique.

In this paper, we will proceed by, first, presenting the positions held by Murali on the central issues of contention by quoting from his paper and then present our critique of the same. These issues of contention include various questions from the Maoist theory of bureaucrat capitalism, comprador and bureaucratic bourgeoisie, semi-feudalism semi-colonialism, neo-colonialism as well as some elementary concepts of Marxist political economy from absolute and differential ground-rent, lease-price, forms of tenancy, usury and commercial capital. The questions are linked as they are situated at different nodal points in Murali’s concept of ‘bureaucrat capitalism’. In the process of this critique we will demonstrate with theoretical and historical references that:

i. Murali’s theory of ‘bureaucrat capitalism’ has nothing whatsoever to do with Mao’s and Communist Party of China’s (CPC’s) concept of bureaucrat capitalism; rather, it is a poor replica of Gonzalo’s utterly bankrupt theory of ‘bureaucrat capitalism’; most importantly, Murali has failed altogether in understanding CPC’s conception of bureaucrat capitalism;
 
 ii.  Murali’s concept of comprador and bureaucratic bourgeoisie has nothing to do with Mao’s and CPC’s concept of comprador and bureaucratic bourgeoisie; here, too, he has simply failed to understand the Maoist position, as we shall see;

iii.  Murali’s concept of semi-feudalism semi-colonialism, neo-colonialism, and the relation between the comprador bourgeoisie and imperialism is an amalgamation of various semi-baked, semi-thought and semi-formed vague and incorrect concepts;

iv.  Murali’s understanding of the question of the characterization of ground-rent shows total ignorance of Marx’s theory of ground-rent; Murali surprisingly confuses lease-price in a capitalist society with capitalist ground-rent to reach highly erroneous conclusions;

v.  Murali’s understanding of the forms of tenancy is incorrigibly muddled and sloppy with no rigor or consistency; he fails to make a distinction between small tenant peasants and capitalist tenant farmers in a capitalist society;

vi.  Murali’s presentation of the agrarian question in Kerala is completely baseless, with no evidence and reveals an attempt to practice a type of exceptionalism regarding his own “knowledge” about Kerala; we will reveal with authoritative studies of agrarian relations in Kerala that as far as his knowledge about agrarian relations are concerned, it is like Aesop’s fable;

vii.  Murali’s narrative of the trajectory of capitalist development in India is conjured up in a dogmatic bubble and has nothing to do with facts of Indian history and betrays a complete ignorance of the most basic questions like import-substitution industrialization (ISI), protective tariffs, role of state-sector in private capitalist accumulation, etc.

Since the task at hand is lengthy, if not complicated, we request the readers to be patient with us. What is amusing about peddling ignorance is that it can be done in a dozen pages, but its refutation takes much more than that. Therefore, we apologize beforehand for the length of this critique, because the task at hand requires us to quote at length from Marxist classics from Marx, Lenin, Mao and the documents of the Communist Party of China, to the authoritative Marxist and serious historians of modern and contemporary India, a couple of which have been misquoted or quoted out of context by Murali himself.
 
In the first subhead, we will restrict ourselves to presenting Murali’s basic positions and will make brief critical comments. In the second subhead, we will demonstrate in detail that these positions have nothing in common with the scientific positions of Mao and the CPC.",2,socialism
1ofxcdm,1761413260.0,"""Capitalism is the belief that the nastiest of people for the nastiest of reasons will work for the benefit of all"" -John Maynard Keynes. ============","**“The money was all appropriated for the top in the hopes that it would trickle down to the needy.**  **Mr. Hoover was an engineer. He knew that water trickled down. Put it uphill and let it go and it will reach the driest little spot. But he didn’t know that money trickled up. Give it to the people at the bottom and the people at the top will have it before night anyhow. But it will at least have passed through the poor fellow’s hands.”  -Will Rogers Nov 27, 1932**",1096,socialism
1ofcnm8,1761348459.0,"Comrades, in need of guidance","I’m kind of on the line between capitalism and socialism, I still don’t know enough about both to make up my mind. Please, give me your reasons why I should support socialism. ",0,socialism
1ofadtq,1761342317.0,What does “Left Unity” look like in practice,"In these troubling times there is increasing calls for left unity from across the spectrum of leftist ideologies. However, as we all know left unity has yet to become a reality in most circumstances. The most commonly imagined example of the sort of sectarianism which splits the left is arguments over ideology, a Trotskyist doesn’t want to work with a ML because their a ML, an ML doesn’t want to work with an anarchist because their an anarchist and so on and this is common on the Internet. However, I feel on the ground splits and divides more often come from tactics than ideology, even if the differences in tactics usually have some ideological roots. 

Often those promoting left unity the loudest suggest that tactics and strategy are secondary to an organization or individual having an overall anti-capitalist goal in the current moment and that differences in tactics can be easily put aside. However, tactics and strategy are very important in deciding the course we take to fighting for socialism. 

If left unity is the goal then there has to be a method to overcoming these contradictions without smoothing them over. What road should leftists take when there is serious differences in tactics? If in a particular local struggle one group advocates for a horizontal structure and another a democratic centralist one, or if one group advocates a more militant approach and another a more reformist one etc how can these differences be resolved with the greater goal in mind?


",17,socialism
1oeteh5,1761299047.0,New left,"I have seen that content about socialism on the internet are few (YouTube and other's) and there aren’t any socialist magazine (except monthly review and socialist viewpoint, these are the two running ones i have found).  Why is the content on the internet so few about the left?  Why have we failed to do so? Shouldn’t have the internet be our greatest weapon Against capitalism? Where have we failed in the transforming from the real world to the internet? ",23,socialism
1oenbx9,1761276352.0,Colonial Capitalism and the Dilemmas of Liberalism,"By the mid-nineteenth century, Britain celebrated its possession of a unique “empire of liberty” that propagated the rule of private property, free trade, and free labor across the globe. The British also knew that their empire had been built by conquering overseas territories, trading slaves, and extorting tribute from other societies. Set in the context of the early-modern British Empire, *Colonial Capitalism and the Dilemmas of Liberalism* paints a striking picture of these tensions between the illiberal origins of capitalism and its liberal imaginations in metropolitan thought.",2,socialism
1oeic07,1761261587.0,Where Are We?,"I've been reading a lot about socialist history and I can't help but feel a sense of loss looking at the world today, I feel like the capitalists have won for decades and created the perfect conditions for far-right parties to rise whilst we've largely failed to seize the moment, I feel like the only silver lining that I've been able to see is polling showing the public (at least in the us) to hold more favorable views of socialist policy after being squeezed by capitalists for decades. Am I wrong to think this way? (I won't lie my perspective feels really limited and I'd love to hear what you guys have to say since as a socialist in America I'm largely disconnected from the international perspective.)

  
Edit: Thank you all so much for the comments, it was really eye-opening and I feel a lot better knowing the things you've all told me!",11,socialism
1oehcmt,1761258945.0,Can a good socialist be a workers compensation attorney?,"Good afternoon - I am based in the USA and am wondering if practicing law at a firm where I represent clients and collect a fee is consistent with socialist values. I am applying to law school and really like workers compensation, one because I’ve worked in it as a paralegal and two because you’re essentially fighting for people to get compensated what they’re owed and not screwed over by big corps and insurance companies. What do you all think? In theory it seems it’s strongly aligned with working class values, I just don’t want to pick a legal speciality that is going to contribute to the ongoing capitalist machine that is all about profits.   ",6,socialism
1odayqu,1761145890.0,Do you guys belive that there is still a chance for humanity,"Lately I've been thinking a lot about the fact that there is no chance for humans to overcome capitalism, greed and imperialism unless something completely changes the world, but right now I can't see something like that happening in the near future.",61,socialism
1obhv63,1760963762.0,"Socialists are talking about eco-socialism to make socialism better, while capitalists are talking about neoliberalism to make capitalism worse","While capitalists support neoliberalism, which significantly worsens inequality and capitalism's failings socialists embrace eco-socialism as a way to reform and uphold their principles.  
",0,socialism
1obg8ci,1760958799.0,AND SO IT BEGINS......,"Greetings Dear Friends and Comrades  
(pls ignore my post form earlier... it was trash)

The transition into January of 2025 was nothing but smooth, expressly for the middle east. Over the course of only 11 days in December, the Assad regime has not only been thoroughly beaten but expelled from the country. 11 days is all it took to bring 13 years of civil war to an end.

However, that couldn’t be further from the truth, While Assad's regime may seem like a triumph, the newly formed republic will have to contend with 2/3 of the country still under a Kurdish Minority, that I honestly haven’t heard much about.  
  
Israel’s response hasn’t made things any easer. ONLY 6 HOURS AFTER rebels had broadcast their victory over the 13-year conflict, IDF forces launched an unprovoked attack on the south border.

This is the pattern in the capitalist-Zionist imperial frame: take more stuff and make up an excuse for attacking  or ‘protecting Israel’

what is going on? Is the Middle east doomed to this oppressive system? ",24,socialism
1obdpsp,1760945749.0,Why Class Matters Most — and Why That Doesn’t Mean Ignoring Identity,"It has become almost unfashionable to talk about class. In an age where every injustice is translated into the language of identity – race, gender, sexuality, neurodiversity, nationality – the old idea that our society is divided between those who work and those who own feels, to many, outdated. The problem, though, is that capitalism hasn’t gone anywhere. It’s only become better at disguising itself. Our exploitation still runs along the same old fault line of those who sell their labour to survive and those who profit from it. That’s what is meant by class, not a cultural identity, not an aesthetic, but a relationship of power embedded in every workplace, every rent payment, every hour spent producing wealth that someone else owns. And until that relationship is overthrown, no amount of representation, diversity, or inclusion will bring liberation.",25,socialism
1oap94g,1760879392.0,When bro says “Capitalism is natural — humans are just greedy.”,"
No,humans are not inherently greedy. for thousands of years humans have lived together and cooperated with each other,and set up indigenous systems of trade and exchange. without direct exploitation—most notably hunter gathers communities would hunt together and then everyone in the clan would receive their fair share of the kill.

""Capitalism is natural ""this one is just annoying Marx and Engels literally outline the development of capitalism from the feudal remnants of industry.

""The morden bourgeoisie society that has sprouted from the ruins of feudal society has not done away with class antagonisms."" — Karl Marx and Friedrich Engels 

That being said capitalism is not natural,people just confuse trade with capitalism,which is literally mind boggling—humans have traded for thousands of years and people confuse that with capitalism?—capitalism is when the systems of production are owned by a small capitalist class,and trade becomes structured through private ownership,wage labour and profit extraction instead of communal reciprocity(what trade was originally).

Karl Marx and Friedrich Engels literally said:

"" We see,therefore,how the morden bourgeoisie is itself the product of a long course of development, of a series of revolutions in the modes of production and of exchange."" — Karl Marx and Friedrich Engels 

This itself is enough to convince any able minded person that capitalism is not natural,it is a system that was developed out of the ruins of feudal society— which was unsustainable for the innovations that industry was in the midst of.

That's why Karl Marx and Friedrich Engels said :

""The feudal system of industry,under which industry was monopolised by closed guilds,now no longer enough for the growing wants of the markets."" — Karl Marx and Friedrich Engels 

And then they go on to say:

""The manufacturing system took it's place .The guild masters were pushed on one side by the manufacturing middle class."" etc (to keep this short) — Karl Marx and Friedrich Engels 

And so:

""Meanwhile the markets kept ever growing,the demand ever rising. Even manufacturer was not enough.Therefore,steam and machinery revolutionised industrial production.The place of manufacture was taken by the giant,morden industry,the place of the industrial middle class,by industrial millionaires,the leaders of whole industrial armies,the morden bourgeoisie."" - Karl Marx and Friedrich Engels 

 

So, folks keep exposing the lies of capitalism and promote socialism 🌹",2322,socialism
1o9ft66,1760741738.0,This mockumentary was formative in my awakening,"Watch it here:
https://m.youtube.com/watch?v=Pl5hHazNJcE&amp;pp

I don't know how many of you are aware of this piece of media, but it is surely a convincing one.

While it is clearly outdated and obviously a brainchild of the Occupy Wall Street movement, it is still a powerful indictment of bourgeois media, Zionism, and the immorality of capitalism as a whole.

Highly recommend!",30,socialism
1o8qhkz,1760670932.0,"The Word ""Classism"" and It's Lack of Popularity","Isn’t it rather telling how the neoliberal capitalist elite mainstreamed terms like racism, sexism, misogyny, feminism, white privilege, islamophobia, antisemitism, xenophobia, ableism, toxic masculinity, etc. but somehow never Classism? 

Ask 100 people on the street what racism is, they’ll all know. Ask about classism, maybe five do. Funny how the only word that threatens their class, wealth and power never gets the same PR campaign by the capitalist media.

Are all these other buzzwords just deflections and decoys for liblefts to focus on?",54,socialism
1o8q9o0,1760670268.0,Why do capitalist believe companies care about people ?,"Every time I see a post about government regulations I see someone say that it isn’t necessary, and that people are being exaggerated about what those same companies would do. People and companies are greedy, why don’t they see that, if there was no government regulations we’d be living in hell ",24,socialism
1o73x5c,1760510951.0,I asked my friend about what kind of world can function as alternative of our current broken system (capitalism),"And their answer doesn't exactly spark confidence, do you guys have a response to this?

""As much as i love to agree that the system is broken, i can't, unfortunately the system is not broken, it's working as intended. This distinction is important because if we think that the system is broken then we also assume that the system can be amended, reformed into something better. We need to accept that the system is working as intended, the orphan crushing machine is designed to crush orphans, this way we realize the urgency of change, a revolution so to speak.



However, talking about revolution as a rhetorical device (to me) is a huge waste of time, because (i'm oversimplifying a lot here) all we are doing is talking about dreams, something that is hard to realize. 



Looking for the alternative will be a very hard question to answer, it's hard, almost impossible rather to think about an alternative for capitalism, it's so pervasive and totalizing. We need to think what actually gonna happen if we somehow achieve class consciousness tomorrow, how can we defend the legitimacy of revolution? are we able to fight the global capitalism as a whole after revolution?



As a (supposed, I don't dare to claim myself such) leftist, we can draw an image of capitalism alternative by looking at the mirror of history, we had several options like USSR, PRC, Cuban Republic, Vietnam and learn from their failures in their attempt of defeating capitalist realism, we know USSR has been dissolved from their hard stance of anti-capitalist, PRC embraced some aspect of liberal economy, Cuba is facing global sanction, Vietnam is still dealing with decades of national trauma after capitalist invasion of their homeland. 



That is to say, is it futile to talk about revolution? I think not, but i also think at the same time, it will not be happening during my lifetime. A global power need to be fought with global power, we need the entire world to agree that capitalism is bad and we have to get rid of it, this is where leftist i think should fill the role, educating masses to achieve class consciousness and perhaps one day, our descendant can enjoy a world where capitalism is defeated.""

Thanks.",19,socialism
1o6jvcs,1760458440.0,India was never a socialist country,"There’s a common misconception that India before 1991 was a socialist country. In reality, it was far from socialist , it was a mixed economy. Though Nehru and Indira Gandhi had some socialist leanings, their approach was mostly populist socialism aimed at attracting poor voters, and most of their promises were rarely fulfilled.

Now, here’s the great irony that this so-called “socialist” party had zamindars in it. (Zamindars were semi-feudal landlords who owned huge chunks of land and made farmers work under horrible conditions.) The INC did attempt “land reforms,” but these were half-baked and barely changed anything on the ground. This, combined with caste discrimination, eventually fueled the Naxal movement. And in another twist of irony, these “socialists” brutally cracked down on the Naxals, committing countless atrocities in the name of “national security.”

Then comes the next irony is industrial licensing. It was supposedly introduced to prevent monopolies, but in reality, it created monopolies more than anything else. Industrial licensing required businesses to obtain government permission before opening a factory. Large corporations exploited this system by hoarding licenses , often without using them just to block new entrants. This created a nexus between big business, politicians, and bureaucrats, allowing a few private groups to dominate entire sectors while small businesses got strangled by endless red tape.

People often claim that India was “socialist” from 1947 to 1991 to defame socialism, pointing to the abysmal economic growth during that period. They then glorify the 1991 LPG reforms as the cure-all that “fixed” India’s economy (it didn't fix everything) and use those macro numbers to argue that socialism ruined India while capitalism saved it.",85,socialism
1o6j39n,1760456731.0,What happened to judging argument on its merit?,"This subreddit earlier tried to convince me that there is no hate toward AI , it's hate toward capitalists behind AI.
And yet these communists( which is majority) didn't even address the argument just because it's by AI. It doesn't matter these are horrible already debunked arguments. If these same arguments had been made by human or human using search engine. You will argue against them properly.",0,socialism
1o6itp3,1760456131.0,Need to engage with mainstream economics discourse and bring out its fallacies rather than engaging in ideological debates. This will lead to much nuanced approach to socialism.,"The 2025 Nobel prize in economics is awarded to researchers pointing out how important growth is historically and for the present and future. They believe that sustaining growth is the most important objective of all economic agents. They point out that the world was mired in poverty and survival struggles before the miracle of science, technology and capitalism transformed the world. So obviously growth is the solution to all our problems - poverty, inequality, climate change, pollution.

  
How should a socialist in the 21st century respond to this?

  
I believe we need to untangle progress in science, technology, political awareness from the narrative of capitalism. That is we need to find out how much betterment in the living standards a consequence of march of technology and political awareness and how much of it can be attributed to capitalism. Socialism doesn't involve demonising science and technological but a fuller employment of these towards social progress rather than individuals or corporations progress.

The whole narrative of capitalism is based on competition. It is a system that pits every individual against every other individual. It doesn't think solidarity, cooperation, altruism can be the basis of human society because we are fundamentally self-interested selfish individuals. This system values money more than individuals. 

Also, I think an average person increasing their consumption to the levels of an average American would be a disaster for the world. That will be ecological suicide. So how does one respond to the question of capitalism fostering innovation and creative destruction a form of necessity?",9,socialism
1o6bihh,1760436694.0,Problem of modern democracy,"In countries like the USA, Canada, Australia, and most European nations, as well as in Asian countries such as India, Japan, South Korea, and Taiwan, there’s a recurring problem ,none of them have a genuine left-wing political force that stands a real chance of coming to power.

In these nations, politics is dominated by two major parties , one conservative and one liberal. Both share nearly identical economic ideologies and are fundamentally capitalist. Their election campaigns focus largely on cultural issues rather than on economic problems like unemployment, homelessness, and poverty.

And we all know what those cultural issues are: conservatives tend to be anti-LGBTQ, anti-immigration, anti-minority, and heavily pro–majority ethnicity or religion. Liberals, on the other hand, are socially progressive but often too slow, too reactive, and too cautious to effectively counter conservative narratives. As a result, conservatives keep radicalizing the public while liberals merely respond to them instead of leading the discourse.

Meanwhile, both sides continue ignoring real economic issues, pushing for further privatization, and concentrating power in private hands ,all while keeping the masses distracted with endless cultural politics.
",43,socialism
